{"type":"FeatureCollection","features":[{"type":"Feature","properties":{"name":"Hudson River"},"geometry":{"type":"MultiPolygon","coordinates":[[[[-74.04707890052428,40.69049105653108],[-74.04709155999066,40.69051738686291],[-74.04710555086434,40.69054270357087],[-74.04710823300978,40.6905730893936],[-74.04711091812992,40.69060600745825],[-74.04711160340018,40.690634874031666],[-74.04711228412953,40.69065563868882],[-74.04711762099046,40.69067589445068],[-74.04710355527466,40.690675304969496],[-74.04700387822231,40.69055750185455],[-74.04699017363362,40.690533795135195],[-74.04707890052428,40.69049105653108]]],[[[-74.04167005763081,40.69645453868229],[-74.040008727096,40.69764325540829],[-74.04167282108075,40.69907935135582],[-74.04150581644429,40.699336848351315],[-74.04033939772265,40.69884066296576],[-74.03968369266464,40.698351461556754],[-74.03935472308473,40.69811155734605],[-74.03900248113224,40.69837048540893],[-74.03783468842806,40.69924552841446],[-74.02538828590592,40.6950419643041],[-74.01975810726435,40.69309060557978],[-74.01982808968326,40.69297931356184],[-74.02028922054785,40.691954721381805],[-74.02103223333106,40.6912673632406],[-74.02232001337727,40.690064126924696],[-74.02388671888146,40.68858524603867],[-74.0253085704301,40.68724418107813],[-74.02601799771573,40.68657946723254],[-74.02633359487591,40.68627325051325],[-74.02644616356531,40.68613432406246],[-74.02653602941449,40.68599236080123],[-74.02658508246859,40.685870934113986],[-74.02661924194872,40.685711287643606],[-74.02662889490936,40.68555719850099],[-74.02661566593947,40.68539735136114],[-74.0265676341942,40.685221891944686],[-74.02648572143102,40.68503362239394],[-74.02637361244422,40.68484942102284],[-74.0258428099014,40.684346882716916],[-74.02571745365644,40.6842543766943],[-74.02562004651779,40.68421299909694],[-74.0254890753733,40.684154358800626],[-74.02540714289663,40.68412335061367],[-74.02433728619525,40.68283790362836],[-74.0197855559304,40.67711418217016],[-74.01988629070392,40.67699750402622],[-74.0191602004323,40.67657525611279],[-74.01863988810324,40.676552545953065],[-74.01803932512341,40.67656347757455],[-74.01796214919052,40.67611355915485],[-74.01820982689983,40.67590006669637],[-74.01852292663288,40.67582781794078],[-74.0184035424932,40.67554696922364],[-74.01881899902318,40.675058160177414],[-74.0184048436394,40.67535440832107],[-74.01825098322733,40.67548079577774],[-74.0181229713918,40.67553973760019],[-74.01773283310703,40.675282772539326],[-74.0177656190234,40.67524462977587],[-74.01802544609912,40.675009796313105],[-74.01802536097954,40.67480863930423],[-74.01816697600529,40.67439040527974],[-74.01785003094462,40.674049384836],[-74.01750983189427,40.67383592410198],[-74.0178822881763,40.673012434026184],[-74.01837915177725,40.67259211142177],[-74.01865618616996,40.67237596480087],[-74.01878518909753,40.67234434022889],[-74.0191450887788,40.67160970630873],[-74.01914620091858,40.67157810253991],[-74.01907998830188,40.67148842762064],[-74.01899469935626,40.671384234103755],[-74.01890941089137,40.671276624867694],[-74.0188488015133,40.671170719803975],[-74.01879268572038,40.67107847929333],[-74.01873320269043,40.67098538651458],[-74.01872083240868,40.67087861892586],[-74.01865117484246,40.67050194735997],[-74.01858712564233,40.67011844171806],[-74.01854215691948,40.66977166137357],[-74.01841291786364,40.66893033768652],[-74.01826012531701,40.66809072669041],[-74.01819497757339,40.667595598372316],[-74.01812415180889,40.66720498744289],[-74.01805784197697,40.666739482546255],[-74.01788935799318,40.665910976664314],[-74.0177670133782,40.665627415964266],[-74.01749210732424,40.665308857358724],[-74.01734324486404,40.66225185193881],[-74.01531780092776,40.658134316249175],[-74.01488936418531,40.65743891604129],[-74.0149739138684,40.65716546044304],[-74.01490486604354,40.65710981206983],[-74.01483589968103,40.65706902577365],[-74.0143236250818,40.6566199534364],[-74.01555189399043,40.657245891750605],[-74.01569210744857,40.65731078826087],[-74.01582558936398,40.65736543674471],[-74.01593664881422,40.657461086909656],[-74.01606229052294,40.657555880340595],[-74.01619015609434,40.657574654397635],[-74.01633709379067,40.657613070378154],[-74.01645375250308,40.65766686592909],[-74.01656480678088,40.65773603669095],[-74.0166724958856,40.657800082992225],[-74.01675663545046,40.657879507147314],[-74.01687103691508,40.657874365583815],[-74.01699106857035,40.65795463888715],[-74.01708866170306,40.65801099857697],[-74.01725131795344,40.65810749437913],[-74.01740948568748,40.65819374004821],[-74.01749923668169,40.658279142238065],[-74.01757104660723,40.65838419277096],[-74.01770452223523,40.65840125600581],[-74.01779311024812,40.65833120104968],[-74.01770560405426,40.65824921530437],[-74.01767977998774,40.65814672066533],[-74.01703426969704,40.65770742714697],[-74.01691947589775,40.65771235370721],[-74.01681714599404,40.65765912566133],[-74.01681263560879,40.657563460823894],[-74.01668701494049,40.65755237484472],[-74.01654905055474,40.657517374580834],[-74.0165479052135,40.65741914637654],[-74.0164312495934,40.657376455191546],[-74.0162888019545,40.65735170493723],[-74.01616877098701,40.65726630605456],[-74.0160431407147,40.657212512364474],[-74.01561958883742,40.656908720980695],[-74.01551338500559,40.65657021846568],[-74.01621342436384,40.65640103816972],[-74.01632895788103,40.656451417451976],[-74.01646244260328,40.6565222934161],[-74.01656789079142,40.65660342294943],[-74.01663745306287,40.65670334956735],[-74.0177385952871,40.657338131323876],[-74.01854030034598,40.657787123219826],[-74.01881489279904,40.6576393515606],[-74.0190364666086,40.65741516297235],[-74.01895820758814,40.65727309506075],[-74.0188720486516,40.6571551955596],[-74.01875223371985,40.65712111348454],[-74.01868028830958,40.65704074145859],[-74.01858121849625,40.65697211200867],[-74.0184163188001,40.6568713472825],[-74.01827385512519,40.65678680877163],[-74.01808876421435,40.65667494340716],[-74.01786355214294,40.65653586495867],[-74.01773789425715,40.656462681389044],[-74.0175649069485,40.65636240296281],[-74.01743854767223,40.656281417093496],[-74.01732410594482,40.65621189467147],[-74.01717791619777,40.65617540063683],[-74.01702087372061,40.656081466750614],[-74.0168772831572,40.65596446843762],[-74.0167751995219,40.65587821294898],[-74.01664512446841,40.65536563147784],[-74.01699900986583,40.655002615535444],[-74.01772766810429,40.65541560330431],[-74.01788688597955,40.65551507767579],[-74.0186020427053,40.65584419053579],[-74.01899340159318,40.655970678922735],[-74.01740772088036,40.65501957957951],[-74.01716274673315,40.65473700443118],[-74.0178799680375,40.65408730897359],[-74.01803536252345,40.654129561289],[-74.01863788822152,40.65449419987111],[-74.01987109224973,40.65524160357879],[-74.02016571648946,40.655084811911784],[-74.01994315827112,40.65501911477459],[-74.01899994693794,40.6544697231115],[-74.01907479994263,40.65426085559344],[-74.01929928644815,40.65409225935155],[-74.01971631710038,40.65415096177055],[-74.0204476320277,40.65421473027553],[-74.02085874043239,40.654480880827684],[-74.02118593406902,40.654353155617244],[-74.02147389690178,40.653972838148704],[-74.02202933437971,40.653425301514666],[-74.02195577618029,40.653265744831465],[-74.02126672173871,40.65272014284495],[-74.02149661798704,40.652611676025565],[-74.02197367518652,40.65227140015426],[-74.02223395068982,40.652038190888334],[-74.02092011012105,40.65121257197989],[-74.02095256189828,40.65115914197575],[-74.02101419481457,40.65115329898032],[-74.0210827262976,40.65108994854477],[-74.02126907665495,40.65081262149789],[-74.02255365695169,40.651231277671656],[-74.02272913332196,40.65130061178534],[-74.02348969743821,40.651243741676794],[-74.02393014226031,40.651391320426775],[-74.02418366052919,40.65119269160059],[-74.02429241469494,40.6511123776462],[-74.02477318418768,40.65068899046311],[-74.02513433069929,40.65027170504599],[-74.02534618921804,40.65001199431783],[-74.02552550522958,40.64970360393528],[-74.02498120398383,40.648651400148125],[-74.0250640205271,40.64819697008312],[-74.0241891025428,40.647643662289624],[-74.02437746955862,40.647404495415984],[-74.0253921088904,40.64690626428606],[-74.02618738713683,40.646142860093285],[-74.02653434295664,40.64569053863664],[-74.02825498484947,40.644052705923144],[-74.02907485596464,40.64440953989981],[-74.0294932659314,40.644590224976135],[-74.02965871354982,40.64468030087605],[-74.02996394675067,40.64486720803171],[-74.03036945445197,40.645123609733346],[-74.03053603092275,40.645202623905476],[-74.03062989179003,40.64512034742564],[-74.03066456899751,40.64505009957574],[-74.03073522438474,40.64499844500752],[-74.03087251810862,40.64486817080396],[-74.03097485534525,40.64482286163361],[-74.03107997875107,40.64472884439558],[-74.03112936106187,40.64460528175445],[-74.03143528413352,40.644296170429584],[-74.031919527883,40.64390397754345],[-74.03199841372809,40.64387625387988],[-74.03204732662472,40.64382877574622],[-74.0321100938648,40.643768967430645],[-74.03221336457635,40.643671578121726],[-74.03333130415875,40.643870265053366],[-74.03444366951534,40.64382466641604],[-74.0353313363889,40.642976217885916],[-74.03572472620303,40.6425968493623],[-74.03611699077331,40.64222175098769],[-74.03636922397521,40.642019050351514],[-74.03666677421766,40.641735848180524],[-74.0367572311204,40.641630237117816],[-74.03676384790401,40.641490971625466],[-74.03669052645829,40.641397950773865],[-74.03647822737713,40.64123350439551],[-74.03631677323965,40.64111225115522],[-74.03597604932253,40.64091184880575],[-74.0358352065079,40.64080110379022],[-74.03575527080713,40.640708591388794],[-74.03575002016171,40.6406058816782],[-74.03587231785046,40.64049464125883],[-74.0360259553892,40.6403046117285],[-74.03613494253524,40.64013074412744],[-74.03625416006464,40.63997757431637],[-74.03653012559366,40.63954189351342],[-74.0367316466655,40.63923631305276],[-74.03674772684154,40.63914316096399],[-74.03681491841847,40.63898682833701],[-74.03706276551029,40.63845166949491],[-74.03767241083195,40.63719657678963],[-74.03853962854866,40.63542527205015],[-74.03890239901101,40.634688647733995],[-74.03948179028498,40.63350848013388],[-74.03965500938294,40.63317378756309],[-74.03974634325759,40.63299422399764],[-74.03986392037926,40.63273222582591],[-74.03999641301091,40.63245138527476],[-74.04031631373648,40.63177083028996],[-74.0404370974799,40.63167384335574],[-74.04038500324987,40.631607926532205],[-74.04061269499321,40.63111438057465],[-74.04098536408293,40.63047356021176],[-74.0411499651923,40.62975909131129],[-74.04133364347088,40.62889629606558],[-74.04143072633046,40.62816789914073],[-74.04155540158347,40.627335066023434],[-74.04164574783138,40.62635897151227],[-74.04167510169802,40.62590266830439],[-74.04171550502242,40.625520626045095],[-74.04176220600105,40.62523274885187],[-74.04185390301782,40.62487271549453],[-74.04191618049654,40.62450639003968],[-74.04192891723122,40.6242969694363],[-74.04192691794844,40.624039927491026],[-74.04189984956781,40.62376505267134],[-74.0418217908661,40.62348396029549],[-74.04174818758922,40.62316942271941],[-74.04173617302999,40.62288998123355],[-74.04178081859632,40.6225407000194],[-74.04177140958691,40.622313525573446],[-74.04169768401788,40.6220088828892],[-74.04167170846533,40.62162648002298],[-74.04163568009702,40.621337933016626],[-74.04166941380099,40.62089457476505],[-74.04164250191906,40.62048415609381],[-74.04157618578938,40.6202656588871],[-74.04139483091872,40.61981397369666],[-74.04130266728096,40.61941268354229],[-74.04106647639459,40.6183776007556],[-74.04097100793922,40.61792073852143],[-74.04087517545616,40.61751570038703],[-74.0407085452789,40.616631453470944],[-74.04064232793435,40.616305753997075],[-74.04055833731316,40.615815463530836],[-74.04022067772806,40.61491611750371],[-74.03942990292987,40.61368759444901],[-74.03873772135599,40.61288303043475],[-74.03814866053821,40.61235697724966],[-74.0374485045073,40.61171812735363],[-74.03674930054503,40.610931971870265],[-74.03630813231707,40.60980213419338],[-74.03613898480468,40.60943971499437],[-74.03611601765535,40.60933021069317],[-74.03788315605209,40.60876285448292],[-74.03823165204814,40.60865084388302],[-74.03849834609719,40.608565338590225],[-74.038683975462,40.608505157442444],[-74.04083150957209,40.60781160097686],[-74.04357524588275,40.60692463052245],[-74.04562218151067,40.60626433910067],[-74.04696941992283,40.60582972418073],[-74.0520428118116,40.60419063485922],[-74.0521951157896,40.604153193226246],[-74.05238283580267,40.60446087293855],[-74.05242443520154,40.604479321876966],[-74.05247248501858,40.60447730079072],[-74.05268598242273,40.604418327888666],[-74.0528549833109,40.60435336047464],[-74.05294390109178,40.60431013411286],[-74.05295509900895,40.60429902551697],[-74.05296293414123,40.60428620927886],[-74.05296740666432,40.60427339458988],[-74.05296851640648,40.60425887316025],[-74.05296514363661,40.604246062086744],[-74.05295840944618,40.60423325346261],[-74.05295504345428,40.60422898383744],[-74.0529257424942,40.604180718545415],[-74.05290309096087,40.604166497123515],[-74.0528838980371,40.60416607370589],[-74.05286790920638,40.60418630498638],[-74.05287010582637,40.60420741581518],[-74.05289788874258,40.604252999164686],[-74.05288787223284,40.60428037424184],[-74.05286806662369,40.60429557426067],[-74.05277232056233,40.60432953192426],[-74.05255003992669,40.60439731700978],[-74.05246503253898,40.604408869020595],[-74.05243192205005,40.60440349900863],[-74.05239253977172,40.60436164719578],[-74.05230592937241,40.60422125743564],[-74.05225632353068,40.60412195692013],[-74.05235690947703,40.604103608931545],[-74.05247996679388,40.60433346599404],[-74.05265648564611,40.60405422882011],[-74.05266355634585,40.60399045961206],[-74.0535816713536,40.6037542632517],[-74.053608324309,40.6038386639637],[-74.0536889657457,40.6041203177346],[-74.05376073612622,40.60432753393566],[-74.053849849024,40.60453138121532],[-74.05392676777201,40.604742373482814],[-74.05403121578581,40.6049463782131],[-74.05363081764875,40.60522824812586],[-74.05378476981781,40.60584449700834],[-74.05380916343442,40.605896490731254],[-74.05387981954489,40.605923646187826],[-74.0540544434567,40.605967815840124],[-74.05486463459948,40.6062189378071],[-74.05513165713005,40.606325500263715],[-74.05517243734049,40.606471284192764],[-74.05532109955176,40.60651071052379],[-74.05563716181092,40.606557081621844],[-74.05603593494061,40.60680326076926],[-74.05642399227098,40.6071911850241],[-74.05667284891362,40.60756956991068],[-74.05674936839006,40.6078147190196],[-74.05688228247881,40.60811306011042],[-74.05702501877599,40.60847734677429],[-74.05717958587113,40.608760505669125],[-74.05750150740879,40.60907391031631],[-74.0577693964127,40.609330771354884],[-74.05816064251505,40.60963011365304],[-74.05845131101442,40.609902029989186],[-74.05867300926722,40.61013094308473],[-74.05900702687478,40.61050348806084],[-74.0591293080237,40.61079574531338],[-74.05892159350353,40.61099048619349],[-74.05914141849514,40.61129312411532],[-74.05930476292137,40.61154690595692],[-74.059614025791,40.611733967986225],[-74.05988999908163,40.61174790507837],[-74.06012720833995,40.61183004297058],[-74.06033680775609,40.61190187939642],[-74.06053151214059,40.61215408691545],[-74.06067608432473,40.61269709982065],[-74.06080685844347,40.613029112364195],[-74.06112024486123,40.6137455764913],[-74.06136960843342,40.61423164134533],[-74.06195402571184,40.61485261452159],[-74.06264068958149,40.615457741084505],[-74.06297917199515,40.615841442872515],[-74.06324501020725,40.61612419200774],[-74.06364245524169,40.616496823479615],[-74.06375166444751,40.61673456895035],[-74.06398580629796,40.61685284386166],[-74.0644466897604,40.617047505064576],[-74.06505800636121,40.61747936664775],[-74.06514383040333,40.61764679242359],[-74.06514180026397,40.617885471238296],[-74.06547587913877,40.61809952076239],[-74.06568335467529,40.617955491058574],[-74.06603435262434,40.61818506687799],[-74.0664139062465,40.617874708825575],[-74.0663468274971,40.618372082732826],[-74.0661082818735,40.61858746896017],[-74.06619876676355,40.61872212129818],[-74.06648377512137,40.6189053740003],[-74.06665482480155,40.6191208416189],[-74.06713027750845,40.61940516374454],[-74.06765863317516,40.619789225969825],[-74.06868838565777,40.62048390283867],[-74.06922353177706,40.62091237106193],[-74.06976746575118,40.62121650376854],[-74.06986209657079,40.62131820332889],[-74.07000717127585,40.621435482627575],[-74.07007789554459,40.62158439915214],[-74.07027814342254,40.621858536757436],[-74.07041830694459,40.62206411817645],[-74.07055387589145,40.62225026900748],[-74.07065632023095,40.622416787979446],[-74.07072071640054,40.6225751499414],[-74.07103455943093,40.622757869271794],[-74.07121524626422,40.62305806575548],[-74.0714182388752,40.62339703080557],[-74.07151252576604,40.62357952839592],[-74.07163390625715,40.62373008737993],[-74.07177214022134,40.62387577650538],[-74.07188073581135,40.6240291150073],[-74.0719459021651,40.62424765845349],[-74.0720663264932,40.624393974318224],[-74.07218503888308,40.62454036137035],[-74.07225388194368,40.624708272369006],[-74.07232027928897,40.62487986258708],[-74.07235871498492,40.625077902437376],[-74.07239465462915,40.62539786708119],[-74.07242541780464,40.625529323661425],[-74.07242343566824,40.62566211742459],[-74.07250532241405,40.625797054692946],[-74.0725492841088,40.62607293374232],[-74.07260795775252,40.626402353808544],[-74.07270959722673,40.62694998501783],[-74.07282751158039,40.62695096849702],[-74.07298599405559,40.626929091620376],[-74.0730421192956,40.62693495078165],[-74.07307532098388,40.62696978701576],[-74.07311036854811,40.62698814434949],[-74.07317904530632,40.62700426859499],[-74.07320909787505,40.627010560307404],[-74.07320867434306,40.62702958766634],[-74.07313473057565,40.62704768114987],[-74.07306193596136,40.627045592299595],[-74.07296138221514,40.62703442036669],[-74.07285377932544,40.62704906442046],[-74.07275186510813,40.627086586989556],[-74.07234233235219,40.62714816452141],[-74.0723527884122,40.627429048162114],[-74.07241235583538,40.627635382839436],[-74.07246113260948,40.62770026609481],[-74.07251173223096,40.62775989994875],[-74.07260156689095,40.62822312117546],[-74.07262179205357,40.62833257651118],[-74.07276849403203,40.62909568160528],[-74.07299265187443,40.630305242041196],[-74.07326357867507,40.63170287174364],[-74.07331092368685,40.63227938214651],[-74.0732328825901,40.63256838970232],[-74.07318520618038,40.63276064316249],[-74.07303805521322,40.63314128187532],[-74.072906721914,40.63372652728773],[-74.07299779845427,40.6341838055005],[-74.07306982327765,40.634613593866376],[-74.07310960856428,40.63495093014174],[-74.07315995615679,40.635292679420104],[-74.07317063323306,40.63546897089057],[-74.07321102938114,40.63573724769066],[-74.0731882183125,40.63606443346064],[-74.07329258225579,40.63614636556508],[-74.07339180513041,40.636751343111776],[-74.07333266823571,40.6369125224402],[-74.07347181403425,40.637239794833576],[-74.07307466011414,40.63782492874999],[-74.0725723872534,40.637872226021365],[-74.07260358643022,40.63818585350252],[-74.07292513966841,40.63838572553885],[-74.07294085730562,40.63843665252629],[-74.07296698857684,40.63859051753229],[-74.07307672363524,40.63868592086938],[-74.07306644528718,40.63990396477364],[-74.0730697393145,40.640499305577286],[-74.07303205107493,40.64128155612591],[-74.07312504692335,40.641626728879764],[-74.07328021665526,40.64224251101647],[-74.07212990701098,40.64244448707941],[-74.07216273781074,40.64269592278655],[-74.07159635510254,40.64279430995657],[-74.07149301054048,40.64300510729564],[-74.07150273443332,40.643131101801266],[-74.07150727465282,40.643182348387185],[-74.0715937327293,40.64345075986968],[-74.07166353810656,40.64355124847227],[-74.07189115409314,40.64353402266851],[-74.07219463113827,40.64394691297493],[-74.07249414905023,40.64429555477284],[-74.07280385859515,40.64448925243849],[-74.07296094948684,40.64458054829316],[-74.07307594404202,40.6446483653593],[-74.07333011084648,40.644789582253885],[-74.07391018020435,40.64507620881283],[-74.07419876467642,40.64504013372311],[-74.07430348410578,40.64505917691109],[-74.07441017263078,40.64510950183632],[-74.0745006672522,40.64518235191371],[-74.07470308604724,40.6453719886323],[-74.07484495750367,40.64550940823564],[-74.07498983005883,40.645620490047875],[-74.07505773298384,40.64566693680825],[-74.07516452533797,40.645772378986],[-74.07534465386475,40.64595984267332],[-74.07556476534667,40.64617462314682],[-74.07577180254391,40.64634582492656],[-74.07593304814387,40.64650365956512],[-74.07605125636685,40.64661281791663],[-74.07616618395721,40.64669589751041],[-74.0762576528085,40.64678590672488],[-74.07633289129889,40.64686012254558],[-74.07672274220577,40.64707132460523],[-74.07709375080415,40.64722387551875],[-74.07743885585609,40.64746384156584],[-74.07793064229821,40.6477214276672],[-74.07858255947464,40.64798444324485],[-74.07919154493925,40.64818530662155],[-74.07963429032458,40.648383961365774],[-74.07999396189012,40.64837997640817],[-74.08072216931461,40.64831395400478],[-74.08173072905079,40.648462023483255],[-74.0818939165758,40.64839661173249],[-74.08273635564164,40.64836729034551],[-74.08394816505837,40.648587061630465],[-74.08440025743593,40.64871698077817],[-74.08479903609837,40.648881017576095],[-74.08513537778559,40.64892756270953],[-74.08649709794828,40.651694356920274],[-74.08729285935874,40.653740811617084],[-74.08722667203091,40.653840064648946],[-74.06036008635155,40.646995343584955],[-74.05134583889209,40.64013775737423],[-74.03334004304989,40.66073025979033],[-74.0333503349486,40.68131607979394],[-74.05138884577063,40.69598016640501],[-74.05127720194547,40.69594499985048],[-74.05124466834692,40.69595953510825],[-74.05097006759469,40.696413212865195],[-74.04958304344237,40.69801621061883],[-74.04779660129779,40.699878166882414],[-74.04570480963612,40.70177779855552],[-74.04500210220282,40.702347761828314],[-74.04272568351435,40.7012518678852],[-74.04121686706338,40.700400890244296],[-74.04128753739965,40.70034534473976],[-74.04364513136024,40.69805107359884],[-74.04167005763081,40.69645453868229]],[[-74.04690868914433,40.690065158020616],[-74.04656615996292,40.689667261217465],[-74.0453076982022,40.68885375435516],[-74.04352039034644,40.68919610616885],[-74.0436262835841,40.689828140026705],[-74.0449464939983,40.69069118191298],[-74.04597353758857,40.69109564606103],[-74.04604424541927,40.69111270052847],[-74.0461183114098,40.691118650278625],[-74.04701372322775,40.69102347652803],[-74.04706421421481,40.691014059934965],[-74.0471102100552,40.69099695837892],[-74.04714834793505,40.69097473430264],[-74.04717638362304,40.69094909870863],[-74.04719656138155,40.690920048882845],[-74.04720776028744,40.69088844077675],[-74.04720780982609,40.69083141665469],[-74.04711762099046,40.69067589445068],[-74.04709155999066,40.69051738686291],[-74.04718832989472,40.690388768331566],[-74.04690868914433,40.690065158020616]],[[-74.02059612842469,40.65456118943954],[-74.02018098773303,40.654866867901816],[-74.02032711715124,40.654915054951374],[-74.02064770715013,40.65460572787106],[-74.02059612842469,40.65456118943954]]],[[[-73.99646037805475,40.6553498039705],[-73.9968495559768,40.655389106645124],[-73.99702227387307,40.65541986029861],[-73.99707946982454,40.65548221536055],[-73.9970581565805,40.65556250580954],[-73.99683607989863,40.655737602732785],[-73.9966925110772,40.65593490915568],[-73.99664540298828,40.65597932398695],[-73.99646034397409,40.65599213009482],[-73.99613060784215,40.65594428671825],[-73.99602854850961,40.655881075957375],[-73.99598593614624,40.65577942953104],[-73.9961339942939,40.65555735361776],[-73.99634261432018,40.65537371621587],[-73.99646037805475,40.6553498039705]]],[[[-73.99688854598323,40.70128703236307],[-73.99685727251757,40.701120706956836],[-73.9968942541719,40.70105327672448],[-73.9974220369992,40.70122042567499],[-73.99749326552772,40.70128496423762],[-73.99719735581988,40.701266679721854],[-73.99690674421113,40.70131248582345],[-73.99688854598323,40.70128703236307]]],[[[-73.99554524200643,40.67496215029116],[-73.99487972616797,40.674968019169825],[-73.99395086085613,40.67437689769753],[-73.99441084361223,40.674468345743186],[-73.99547619381221,40.67496650789006],[-73.99554524200643,40.67496215029116]]],[[[-73.9907500054145,40.675480254185445],[-73.99000941947577,40.67491264096167],[-73.98972272550117,40.674794723899645],[-73.98966864611755,40.67478455584485],[-73.98886429008463,40.67437053930088],[-73.98882616861776,40.67423557902812],[-73.98892490633557,40.674158714312604],[-73.98981337454052,40.67449789612441],[-73.9907500054145,40.675480254185445]]],[[[-73.99456553635352,40.67574272398871],[-73.99410667008031,40.67585801232037],[-73.99307051273867,40.67534889985356],[-73.99216303479857,40.674914923122344],[-73.99262700348916,40.67480389869005],[-73.99456553635352,40.67574272398871]]],[[[-74.00208044280433,40.69240922487637],[-74.00187786745344,40.692165943074976],[-74.00205929100609,40.69177507590395],[-74.00239233601197,40.69108031732832],[-74.00181406850169,40.69037209952197],[-74.00261608304531,40.69032417318109],[-74.00302290394063,40.69035201878842],[-74.0031184196304,40.690102009461],[-74.00318349684993,40.6899636348171],[-74.00337764986449,40.6896794606203],[-74.0036751102883,40.68928628110074],[-74.00386120563331,40.68890702561934],[-74.00415661378557,40.68871385611266],[-74.00434369323486,40.688543992568],[-74.00466078097145,40.68822088315477],[-74.00558749540922,40.686872267084425],[-74.00602372170327,40.68620234849314],[-74.0066487828041,40.68635662789526],[-74.00741063976122,40.6863881173419],[-74.00774230184435,40.68625211704442],[-74.0078993910735,40.686251252681075],[-74.00803854145423,40.686356304170815],[-74.0081316753779,40.68637167209654],[-74.00816982841363,40.686388752137844],[-74.00828090888541,40.68635287043608],[-74.00837516743151,40.686393008512454],[-74.00867922593577,40.68620763415761],[-74.00946348663254,40.685731808440906],[-74.01108054608945,40.68475074615207],[-74.01180264363221,40.68377472352708],[-74.01092529549574,40.68426253300503],[-74.00999165780117,40.683586981183154],[-74.01039993239475,40.68266701952527],[-74.0116429361391,40.681605186222285],[-74.01258710070557,40.68079235021765],[-74.0134735538211,40.68073339311983],[-74.01363552530644,40.6812445140288],[-74.01381185596628,40.68141256586992],[-74.01385556901562,40.68186542108704],[-74.01215350496496,40.683008212733114],[-74.01316696196614,40.68341070572768],[-74.01523660752899,40.681995996653306],[-74.01743959582761,40.68063625228652],[-74.01824895593928,40.680343699156424],[-74.0186807818699,40.68008130012622],[-74.01892530293465,40.67984209615901],[-74.01932574164229,40.67948926388838],[-74.01941881609646,40.679324396444535],[-74.01954887901118,40.67903481489815],[-74.01948377984993,40.67894941124168],[-74.01930411863736,40.678948304174554],[-74.01871573396495,40.67897161754915],[-74.0185143995216,40.678889779848134],[-74.01832991076267,40.678710249497904],[-74.01841020095405,40.678406963200146],[-74.01845449252468,40.67819454993722],[-74.01902796125209,40.67787410567163],[-74.01928269447541,40.677825669608275],[-74.01942444692024,40.67777060721251],[-74.01915468739884,40.67769129548802],[-74.0195225137842,40.67712492791879],[-74.02433763293644,40.68283830878635],[-74.02530633496153,40.684112500923106],[-74.02519877976339,40.684086433036086],[-74.0249393723458,40.684034402023954],[-74.024659824414,40.68397833864123],[-74.02406088481897,40.683920582202646],[-74.02350325394205,40.683976217737836],[-74.02273363540881,40.68425995139727],[-74.02247560751422,40.68438385426321],[-74.0219032195338,40.68464642751099],[-74.02060094078946,40.6852357976737],[-74.01844013122177,40.68621331707767],[-74.01675833634947,40.686971209723275],[-74.01570143518931,40.68730064147662],[-74.01467541533665,40.68736732484843],[-74.01422306611997,40.68753908886441],[-74.01382376405779,40.687774933382855],[-74.01335190881555,40.688080347813006],[-74.01317055763661,40.688182088009185],[-74.01302543461426,40.68837592293327],[-74.01286837899045,40.68858264625178],[-74.0127225389166,40.688766305063076],[-74.01223684301583,40.69026294958908],[-74.0122112225207,40.690777039974755],[-74.01220566642647,40.69107172358089],[-74.01248958253342,40.69113404644717],[-74.01259684055178,40.691325418103816],[-74.01275447709452,40.69147653295052],[-74.01293045355834,40.69167275311851],[-74.0132752509373,40.691935154877285],[-74.01333586266281,40.692008605417726],[-74.01332352306697,40.69203166898515],[-74.0132416093113,40.69205559516431],[-74.01245387597007,40.692213700623455],[-74.01235959336533,40.692107796051644],[-74.01213994521325,40.692040139575866],[-74.01191072123135,40.69208905237888],[-74.01178397259135,40.6924051013584],[-74.00420753743306,40.69245579712784],[-74.00208044280433,40.69240922487637]]],[[[-74.00605865961538,40.6680399124949],[-74.00684279883814,40.668556700551406],[-74.0066302899062,40.66863513079265],[-74.00640986919647,40.66889343996509],[-74.00620987030868,40.66929157155111],[-74.00600735278394,40.66980021145743],[-74.00543294228399,40.67084499366576],[-74.00534095842838,40.6709116216994],[-74.00524223877282,40.670901376574534],[-74.00481818360865,40.67078352125975],[-74.00476433421045,40.670751065327195],[-74.00476433250208,40.67072714944058],[-74.00502230785143,40.67017022823788],[-74.00601267798973,40.668168892159485],[-74.00605865961538,40.6680399124949]]],[[[-74.03336406736828,40.70876375820863],[-74.03894634334618,40.700249642061905],[-74.04029544880629,40.700635333460426],[-74.04106891754871,40.700457922135094],[-74.04121125820095,40.70040601706728],[-74.04390282400492,40.70189830861107],[-74.04382173965055,40.703178559463204],[-74.04229301476519,40.704137862977646],[-74.04132528086568,40.70474489640166],[-74.04150444275136,40.70489794683177],[-74.04231340688334,40.705130386819306],[-74.0431668410835,40.705672096847735],[-74.04315711061128,40.70618197191177],[-74.04268439534759,40.70635210620583],[-74.04126192290292,40.706401621724396],[-74.03968036094282,40.70621997100406],[-74.03814105791963,40.706033691048276],[-74.035334126711,40.70571610841275],[-74.0348874755933,40.70574227393794],[-74.03466061066737,40.70668859178313],[-74.03438947680297,40.707641046673544],[-74.03445400545417,40.70791663424808],[-74.03424910070522,40.70855365217765],[-74.03336406736828,40.70876375820863]]],[[[-74.01853788347667,40.65357054300777],[-74.01885079318693,40.65372099648349],[-74.01918078861576,40.65392842828073],[-74.01926487455049,40.65400886282628],[-74.01883672840458,40.654323384412585],[-74.01815316704743,40.65396628440462],[-74.01837543508671,40.653645827997316],[-74.01853788347667,40.65357054300777]]],[[[-74.00709471235874,40.66859057529515],[-74.00718293841472,40.6670059143906],[-74.00587244029558,40.667980985203585],[-74.00508413192416,40.66795492850091],[-74.00367321021716,40.66755110902969],[-74.00295098251961,40.66732468614437],[-74.00170509427753,40.66843126319379],[-74.00141510803843,40.66837653739027],[-74.00061462574698,40.6675498629837],[-74.00098374236825,40.66739796413294],[-74.00143437485272,40.66717449011764],[-74.00142804851156,40.66715444291508],[-74.00168001663887,40.66695251056256],[-74.00239937096748,40.666732543230154],[-74.00289868012464,40.66647494279229],[-74.002899072445,40.66644059620902],[-74.00117011058492,40.6653623734034],[-74.00051134274806,40.66330883245336],[-74.00279498200742,40.66388084799165],[-74.00495689208647,40.664964686664575],[-74.00502247648319,40.66494931741543],[-74.00507536432953,40.66491600500842],[-74.00512987991219,40.66485896030636],[-74.00520534241748,40.66476848117514],[-74.00523980205413,40.66469439145847],[-74.00523141238271,40.664644384385916],[-74.00516105363786,40.664575828579096],[-74.00499806027133,40.66447110666443],[-74.004811788094,40.66438080275522],[-74.00459910431478,40.66426915196924],[-74.0044029207227,40.66414117290169],[-74.00427642030022,40.664034199067586],[-74.00424274073013,40.664001335980835],[-74.00420431309382,40.663986439253875],[-74.00418386485447,40.66396306530374],[-74.00420421893777,40.66393729359261],[-74.00426352269652,40.66393544715303],[-74.00432948590772,40.66395743529185],[-74.00436983276299,40.663952509744384],[-74.00457481690225,40.663724336213285],[-74.00455386257461,40.66368513937992],[-74.00362591245447,40.66273594550065],[-74.00383722310175,40.662361566136624],[-74.00355195922866,40.66218575040136],[-74.00394497895864,40.66201506544737],[-74.0050056716318,40.66261469235775],[-74.00595931526175,40.663096024139854],[-74.0060799999199,40.66301221128711],[-74.00618884567443,40.66289016032576],[-74.00623400492954,40.66279847543327],[-74.00495535645645,40.66204320531466],[-74.00471191031865,40.66190033332729],[-74.00436893314566,40.661682480453635],[-74.00435427142015,40.66152789747742],[-74.0062075483188,40.66190413996283],[-74.00740192749731,40.66256212606594],[-74.00922225491932,40.66326605500744],[-74.01003092571244,40.66289371484931],[-74.01019713815492,40.66278725741998],[-74.01025678703581,40.66269195769088],[-74.01034510143595,40.66250900270799],[-74.01030451236875,40.66236899588738],[-74.01051974374536,40.66209349497383],[-74.00983377495909,40.66183953082256],[-74.00910977799283,40.66154580689507],[-74.00793383637412,40.660853737322086],[-74.00775304304265,40.66081441779478],[-74.00772251493915,40.66073164618089],[-74.00785144413086,40.66022085101935],[-74.00858160016705,40.659524499690335],[-74.01107141850852,40.660975184717095],[-74.0128056291129,40.66200614997109],[-74.01312160257537,40.66194189854529],[-74.01331933050878,40.66192342244056],[-74.0134763412939,40.66185918833592],[-74.01357809876095,40.66177724559483],[-74.01376030091289,40.661674626318444],[-74.01392506365085,40.66160596193244],[-74.01404717048035,40.661501872611865],[-74.01391339004587,40.66140371998188],[-74.01377670932747,40.66134025903489],[-74.01259599834825,40.66058973202116],[-74.01145911662643,40.659324992622935],[-74.0118503183519,40.65900736600109],[-74.01185707993479,40.65893478546706],[-74.01185887429142,40.65889780916959],[-74.01194622214614,40.65889035375921],[-74.01206382129705,40.65894683539509],[-74.01232124493106,40.65912926357751],[-74.01239783886427,40.659214056994195],[-74.01239074644987,40.65924049602459],[-74.01366595602632,40.66001360172707],[-74.0155515862287,40.660734270702534],[-74.01738884667299,40.6607337771056],[-74.01683578172333,40.664837460431535],[-74.01660168815103,40.66485939590293],[-74.01652118649693,40.66491608146634],[-74.01602927675299,40.66486149244234],[-74.01601543184788,40.66476673127135],[-74.01602110840759,40.664673676559914],[-74.01395633245727,40.66477207572142],[-74.01147854686832,40.66520455318573],[-74.01088958185068,40.666401764365986],[-74.01011673637286,40.66795847903604],[-74.00983122940427,40.6685102920358],[-74.00908461912616,40.66854983742303],[-74.00825019945229,40.66859274321843],[-74.00753021521143,40.66860350513196],[-74.00709471235874,40.66859057529515]]],[[[-73.99022714052693,40.67590558084211],[-73.99104392925851,40.67555800627909],[-73.99308580185671,40.675937229618995],[-73.99391481645263,40.67595537589828],[-73.99407749518961,40.67592719737383],[-73.99412349533273,40.67589730444246],[-73.99412686224844,40.67587595070706],[-73.9947327030325,40.675683794869705],[-73.99513436147124,40.67540962830384],[-73.99554524200643,40.67496215029116],[-73.99610149467932,40.67432403318741],[-73.99631357894924,40.67407093333443],[-73.99638926960232,40.67398110306039],[-73.99645378472935,40.6739038003565],[-73.99653680763146,40.67379959528813],[-73.99723913006362,40.67292410472104],[-73.99680611394376,40.67257303489451],[-73.99776193287089,40.672284353196446],[-73.99783597805929,40.67219039755988],[-73.99800246605902,40.67192835334722],[-73.99818824572527,40.671776991519465],[-73.99828819045966,40.67171173271045],[-73.99834305976952,40.67167962023957],[-73.99843249445777,40.671621126723714],[-73.99846085417961,40.671594206203046],[-73.9984773759745,40.671573231621494],[-73.99848329090318,40.67156516488391],[-73.99852707998826,40.67149608152387],[-73.99858317155436,40.67142590237168],[-73.99860341411815,40.67140278188947],[-73.99871239808336,40.67062435700666],[-73.9989090745187,40.66975306535646],[-73.99891522479416,40.669659547784576],[-73.99890512977244,40.66963990204355],[-73.99888942409017,40.66962281821405],[-73.99863981090154,40.66948496102242],[-73.99900834172048,40.66910861774791],[-73.9990698082385,40.669047276044104],[-73.99895113343591,40.66897280599069],[-73.99903910493585,40.66864141523332],[-73.99913468709492,40.66831248646281],[-73.9994753499253,40.66796941367909],[-74.00008889781361,40.6674132473547],[-74.00043129976316,40.66754247868792],[-74.0006587269015,40.66759703535343],[-74.00119243355749,40.66887798750958],[-74.00086962709464,40.668930567002725],[-73.9998722769931,40.66949150853585],[-73.99929247302894,40.67079403803969],[-73.99886359005883,40.67154381535057],[-73.99877257455762,40.67166697968812],[-73.99875687246178,40.67168750766512],[-73.99869682334288,40.67176529260676],[-73.99864305448752,40.67183448487427],[-73.99863764105089,40.671841354840986],[-73.99860761105246,40.67188002980951],[-73.99853264238311,40.67197516110676],[-73.99847677506753,40.67204321051421],[-73.99842718685703,40.672104991493676],[-73.99778704437847,40.67278676639638],[-73.9974539631681,40.673180543057256],[-73.9967903424536,40.673944809785546],[-73.99669610047823,40.67404218070514],[-73.99663517894673,40.67411490813215],[-73.99657215061607,40.674190997986415],[-73.99651930989593,40.674254823100256],[-73.99599039076683,40.67495439612267],[-73.99538646000447,40.67555352835264],[-73.99456551291128,40.67603040784668],[-73.99447671472822,40.676060275494336],[-73.99438418135422,40.67608839048932],[-73.9943010219949,40.676111149612666],[-73.99422341614658,40.676129835025996],[-73.994184546516,40.676137599107285],[-73.9941537769282,40.6761421523516],[-73.99411169152107,40.676147030995494],[-73.99408384719703,40.67614905572535],[-73.99404369011505,40.676149670506085],[-73.99393593650396,40.67614885711557],[-73.99387090172256,40.676149463318026],[-73.99384178587786,40.676151586978186],[-73.99364476919328,40.676163181198184],[-73.99354658612637,40.67616864005663],[-73.99349855399178,40.676169186666534],[-73.99343804718524,40.676167117450674],[-73.99330645257947,40.67616028757038],[-73.99300673660959,40.676144787193216],[-73.99283803753045,40.67611901038669],[-73.99277636882188,40.67611031656389],[-73.99259544781877,40.676097942795955],[-73.99129519064482,40.675890292116414],[-73.99041109533353,40.67615842575082],[-73.99033849746456,40.67624248813376],[-73.99011598508204,40.6764992095896],[-73.98941128986166,40.677360989876234],[-73.98933049343732,40.67820811900118],[-73.98932400711082,40.67828743301877],[-73.98887810312637,40.67899750139377],[-73.98854255350757,40.67949544124419],[-73.98847409990655,40.679581703687],[-73.98808683583157,40.68013053135043],[-73.98731427020482,40.68130735878602],[-73.98686510187203,40.68138958747138],[-73.9871392486803,40.6809795422734],[-73.98768432045645,40.6801607957814],[-73.98814586251932,40.679508418895445],[-73.98821746944331,40.67939825821803],[-73.9882822947303,40.67929554225745],[-73.98900638457711,40.678167383431365],[-73.98901964966088,40.677896509016485],[-73.98909155767542,40.67725675335314],[-73.98913981193014,40.677190133341355],[-73.990025933112,40.67613207996463],[-73.99007749505384,40.6760735320518],[-73.99013724191596,40.676006342577004],[-73.99022714052693,40.67590558084211]]],[[[-74.0148669150812,40.67460328529941],[-74.01482332508331,40.674261220409406],[-74.01376857339072,40.67325636498355],[-74.01299412481644,40.67333166067498],[-74.01334769645895,40.673000098266726],[-74.01430740017682,40.672181801862564],[-74.01400970100416,40.671739662108216],[-74.01426902180592,40.67135171257156],[-74.01418193696094,40.671425683560884],[-74.01389787722766,40.671238289475056],[-74.01398327402597,40.67117370947798],[-74.01402404700185,40.6711474355828],[-74.01377489366928,40.671130378406225],[-74.01368562298711,40.67114701437399],[-74.01348257574112,40.671232500853755],[-74.0133340959549,40.67115925583495],[-74.01343149303095,40.67094256520906],[-74.01268543190741,40.670941949290295],[-74.01237421852086,40.67098166349249],[-74.01205106741635,40.67098028308659],[-74.01150941132522,40.67040533787865],[-74.01136797004922,40.669748383612976],[-74.01064507858477,40.6692327194476],[-74.01039634397584,40.66869416906071],[-74.01040911814941,40.66860481424722],[-74.01083541174167,40.668606626346204],[-74.01095065837127,40.668404747753286],[-74.01104295644726,40.668219195792474],[-74.01121258652758,40.667999858800805],[-74.01176045890928,40.666877002387395],[-74.01338503971967,40.66563090984323],[-74.01627666860352,40.66489214278684],[-74.01653428733658,40.664968794889276],[-74.01674424140042,40.66592833898765],[-74.01719022847593,40.66882036321188],[-74.01832047786088,40.67136128124736],[-74.0190295359301,40.671595205571464],[-74.01913611533219,40.671613125257124],[-74.01877618114732,40.67222561417288],[-74.01853945175485,40.67214877828173],[-74.01824885119878,40.67198140995769],[-74.01811958338249,40.67195494083318],[-74.01771029865667,40.6723068691801],[-74.01740896145039,40.67256049754671],[-74.01712965391111,40.672804837527],[-74.01704801027978,40.67287165707107],[-74.0170015112764,40.67290973412966],[-74.01695934352831,40.672962260196606],[-74.01689877163717,40.67297945814215],[-74.0167964452428,40.67306129032825],[-74.01642546036594,40.67337867820712],[-74.01612538982403,40.673638050083966],[-74.0160081202607,40.67374158606809],[-74.01568582919604,40.674014400963344],[-74.01539569636387,40.67425831222142],[-74.01502708932584,40.67455822073293],[-74.01495317873882,40.674586496626326],[-74.0148970956411,40.67461348873251],[-74.0148669150812,40.67460328529941]]],[[[-73.99786039166537,40.653798685305205],[-73.99783275807744,40.653391492543825],[-73.99808443724685,40.6531330278663],[-73.99840625326593,40.65317328139199],[-73.99902428501402,40.65344255463958],[-73.99932296723804,40.653831859353836],[-73.99935739677689,40.65415085513091],[-73.9991340516635,40.654310643219205],[-73.99845845859724,40.654067917075416],[-73.99801246202627,40.65396187434352],[-73.99786039166537,40.653798685305205]],[[-73.99859494916272,40.653788529785785],[-73.99865994937251,40.65365645891676],[-73.99859494916272,40.653788529785785]]],[[[-73.99600999577936,40.702445154477736],[-73.99599177749832,40.70237985683309],[-73.99616533293764,40.70213758544264],[-73.99615961895624,40.70211781361414],[-73.99616491669754,40.70207126363204],[-73.99619454117335,40.7020825381231],[-73.9961833781179,40.70210738917881],[-73.99618507779631,40.70213956272224],[-73.99600936770062,40.702381970945524],[-73.99602300095273,40.70244581590348],[-73.99600999577936,40.702445154477736]]],[[[-73.99653145840604,40.701469973761206],[-73.99659635479232,40.70148831552424],[-73.99653237789526,40.701581609349866],[-73.9963514218344,40.70179884054297],[-73.99636528711584,40.70182104040043],[-73.99633754062704,40.701829780789666],[-73.99630751031594,40.70179838888668],[-73.99651423197949,40.70155271497675],[-73.99653560581392,40.701490019281344],[-73.99653145840604,40.701469973761206]]],[[[-73.99600999577936,40.702445154477736],[-73.99593541116886,40.70256439403813],[-73.99595891917079,40.70271841750029],[-73.99586748583184,40.7027770078531],[-73.99594236949504,40.70251329294092],[-73.99600999577936,40.702445154477736]]],[[[-73.99656751967987,40.701455143411025],[-73.99657834401401,40.701362332471916],[-73.9967085264024,40.70119762092816],[-73.99676257934658,40.7012409289812],[-73.99662872385927,40.70138946998497],[-73.99656751967987,40.701455143411025]]],[[[-73.99620213901875,40.70201719093069],[-73.99638123997545,40.70183740410436],[-73.99624695281656,40.70202982478089],[-73.99620213901875,40.70201719093069]]]]}},{"type":"Feature","properties":{"name":"East River"},"geometry":{"type":"MultiPolygon","coordinates":[[[[-73.89995885477707,40.89759588458431],[-73.90006002617217,40.897736464902955],[-73.89997785302936,40.897824710551255],[-73.89994767100733,40.89768101660151],[-73.89995885477707,40.89759588458431]]],[[[-73.87561672141112,40.853676062244276],[-73.87623709629187,40.85398902456122],[-73.87669979249107,40.85419710770753],[-73.87617987047335,40.85405836677192],[-73.875574832774,40.853702493339846],[-73.87561672141112,40.853676062244276]]],[[[-73.88825336494378,40.886760067317766],[-73.88858509755268,40.88676899755597],[-73.88876592735907,40.88686423901961],[-73.8887483125645,40.88700850248168],[-73.88856124011235,40.88725789722992],[-73.88837981969311,40.88734929149129],[-73.88823194022683,40.88709278351769],[-73.88825336494378,40.886760067317766]]],[[[-73.88398197428607,40.68814682417388],[-73.88465735788864,40.6885018302227],[-73.88499921597266,40.68924250483936],[-73.88571250687724,40.689942260172955],[-73.88614715763228,40.69075581278197],[-73.88529191774643,40.69094886124559],[-73.88415267775737,40.689985855885816],[-73.88354239355246,40.68932743690381],[-73.88398197428607,40.68814682417388]]],[[[-73.87839461147047,40.86318426239116],[-73.878598624051,40.86300313465467],[-73.87856115193692,40.86324361712523],[-73.87842448404314,40.86343140285471],[-73.87832295965025,40.863513918533656],[-73.87828538795405,40.86349703163133],[-73.87831990121958,40.86329707631407],[-73.87839461147047,40.86318426239116]]],[[[-73.87076864182534,40.65019571647204],[-73.87081342510338,40.65022808819312],[-73.87053018366015,40.650350549081665],[-73.8703516336012,40.650465817826785],[-73.87033317017327,40.650441490217744],[-73.8707396403036,40.65020122477111],[-73.87076864182534,40.65019571647204]]],[[[-73.86281023048666,40.657455177475256],[-73.86281146313716,40.65744629803832],[-73.86282042655003,40.65743405718317],[-73.86282662091237,40.6574297303781],[-73.86283834397254,40.65742909688578],[-73.86285812144489,40.657432745953024],[-73.86291778393695,40.65744707046964],[-73.86295196316289,40.657454495445045],[-73.86296480589259,40.65745392360858],[-73.86297488742183,40.65744824254511],[-73.86298496885453,40.657438577589595],[-73.86298858096457,40.65743067084288],[-73.86298728205831,40.657414823783455],[-73.86298357252792,40.6574097125279],[-73.8629670295796,40.65740179617953],[-73.8629207872065,40.657391342799535],[-73.86289210400115,40.6573839666905],[-73.86286473269321,40.65737460199392],[-73.86284721739128,40.657365726317934],[-73.86282443236495,40.657345679734235],[-73.86280882534369,40.6573254138766],[-73.86280435983315,40.65731187556775],[-73.86280666599278,40.65729157614298],[-73.86281518143589,40.657268311514436],[-73.86282724659036,40.65725081083088],[-73.86283706859717,40.65724309429945],[-73.86285252939491,40.657232675732914],[-73.86286348745458,40.657219345824814],[-73.86287113312054,40.65720272057382],[-73.86287916802799,40.65717448450874],[-73.86288224320705,40.65714418664826],[-73.86288601323442,40.6571290579393],[-73.86289888095106,40.65710939335968],[-73.86290300627128,40.657095717608954],[-73.86290413763899,40.65707684860494],[-73.86290105586772,40.65705915245662],[-73.86288169400208,40.65699660191653],[-73.86287712015942,40.656969615146444],[-73.86287829374326,40.656954371677884],[-73.86288378212103,40.6569414206684],[-73.86289426327643,40.65692882230954],[-73.8629005629313,40.656913512008806],[-73.86290085723398,40.656896313368],[-73.86289750010224,40.65688315099868],[-73.86289153376471,40.6568749392681],[-73.86287121327345,40.65685597084852],[-73.86285701124712,40.65683793725403],[-73.86284783787683,40.65681833464816],[-73.8628319441662,40.656759280441705],[-73.86281805092973,40.65671645325019],[-73.86279535502271,40.65666871043555],[-73.8627746544329,40.65663912263732],[-73.8627403698877,40.65659746789468],[-73.86269871089604,40.65655215363909],[-73.86263464100182,40.65648905889441],[-73.86257462129885,40.65643447974783],[-73.86251761528034,40.656389306479916],[-73.86238073364599,40.656290456822575],[-73.86223887803501,40.65618294616497],[-73.86216103771667,40.65612983040894],[-73.861999174652,40.65602580299225],[-73.86187877122194,40.65594321604508],[-73.86183356276703,40.6559091275696],[-73.86179416386862,40.65587494069634],[-73.8617091562785,40.655793906263696],[-73.86162557646387,40.655705281217195],[-73.86158747900184,40.655667987249345],[-73.86155314815608,40.655641263581025],[-73.86149710822744,40.65560584087359],[-73.86136446484164,40.65552990968073],[-73.86125499109504,40.655463240197626],[-73.86120859766322,40.65543864330617],[-73.8611631969727,40.655419415582585],[-73.8611055183126,40.65539832605251],[-73.8609894251149,40.65536093497119],[-73.86079837369316,40.65530240707031],[-73.86068563899529,40.65526271532028],[-73.86061926050233,40.65523588951361],[-73.86054948140668,40.65520114669286],[-73.86050340149177,40.65517328461704],[-73.86044645129789,40.65513369809582],[-73.8603956116417,40.65509481326249],[-73.86035254751275,40.65505712202848],[-73.86028471930884,40.65499209518809],[-73.86019992062357,40.654909268751375],[-73.8601584632183,40.65487121018405],[-73.86010192165703,40.65482248913077],[-73.86005964777061,40.65478759395513],[-73.86004386899619,40.65477773929684],[-73.86002009638803,40.65477160215272],[-73.85998139239027,40.65476370072305],[-73.85996619470193,40.654756423144],[-73.85994716656293,40.65474267697926],[-73.85992853470465,40.65472603702849],[-73.85989030801224,40.654681180683866],[-73.85986514051442,40.6546529421914],[-73.85980242647776,40.65460004226833],[-73.85977868291585,40.654578438709365],[-73.85975241194183,40.65454868957801],[-73.85973045413397,40.6545190807784],[-73.85971739655852,40.65449443568027],[-73.85970515015721,40.654461342007544],[-73.85969687738084,40.65442116159964],[-73.85968385225304,40.654347373456226],[-73.85967670258619,40.654325841447495],[-73.8596575564731,40.65428957222845],[-73.85962071234431,40.65423296391433],[-73.85949041368221,40.65404087735495],[-73.85939139771742,40.65390471235343],[-73.85932049852012,40.65380381983905],[-73.859132864132,40.65352190805916],[-73.85883016517315,40.65305541151858],[-73.85866305513724,40.6527991925096],[-73.85855610943649,40.65264662038112],[-73.85848894654858,40.652556987511176],[-73.85844092289376,40.652500258788855],[-73.85839081259155,40.65244846682051],[-73.8583261588086,40.65238626403286],[-73.85818747184096,40.65226074995088],[-73.85784326955155,40.651964848708246],[-73.85759462141759,40.651754916608496],[-73.85739187641867,40.65159143470551],[-73.85726926022129,40.651491200773066],[-73.85717398925655,40.6514072973543],[-73.85709000409322,40.651329473772506],[-73.85703572708225,40.651274209931],[-73.85698589325807,40.65121627524718],[-73.85685510127803,40.6510537418283],[-73.8566584805247,40.650771170845374],[-73.85713363593885,40.650499332655095],[-73.85723137823956,40.650332753613796],[-73.8573872053462,40.65032899907024],[-73.85749878842893,40.65062349981973],[-73.85767864254353,40.65095342760614],[-73.85787228166967,40.65113047848551],[-73.85801651638955,40.65133565518644],[-73.85816134080041,40.65149801367147],[-73.8583781963634,40.651599182203654],[-73.85857151928103,40.651870823763915],[-73.85861501775302,40.6520402197471],[-73.85871777417006,40.65223936510348],[-73.85891532337514,40.65249721621169],[-73.8590968381411,40.65265398394874],[-73.85901432805386,40.65281351953622],[-73.85902697627121,40.65304728169684],[-73.85911138385848,40.65317296150892],[-73.85925797998175,40.65334944897346],[-73.85935120649371,40.65359018871524],[-73.8594400537737,40.65369301314817],[-73.85942564513863,40.65386245327007],[-73.85967845343527,40.654052212109114],[-73.85972146296255,40.65416936526507],[-73.85974016671369,40.654298498977475],[-73.85983919568496,40.65451013341689],[-73.85991396376205,40.654591473759936],[-73.8600713444806,40.65471926425874],[-73.86015027036355,40.65478485313723],[-73.86024304422779,40.65486599092551],[-73.86026856607006,40.65488888068689],[-73.8603528242999,40.65496612950798],[-73.86054429447272,40.65511669341567],[-73.8608311487685,40.65524260189957],[-73.86116762278604,40.655238738270704],[-73.86156435151472,40.65528179654998],[-73.86197282831779,40.65541450152705],[-73.8621722324167,40.65551889456579],[-73.86225883490582,40.65560757326521],[-73.8622791170419,40.65554232620198],[-73.86257000786955,40.655643298024295],[-73.86278042368251,40.65577850988252],[-73.86320016739285,40.6563114285311],[-73.86315260392672,40.65639889059152],[-73.86300179480406,40.65640584767143],[-73.8630020131203,40.65663292343873],[-73.86307579019741,40.65673463473688],[-73.86328355435073,40.65693232403025],[-73.86313894870464,40.65717024538915],[-73.86307555405746,40.657221272529554],[-73.86301297611156,40.65734902382942],[-73.86300202229887,40.65748811647856],[-73.8628704269411,40.65753533320978],[-73.86286065827701,40.657519383297874],[-73.86284337975398,40.65750172335214],[-73.86282011600677,40.65748099360457],[-73.86281383034218,40.65747164053366],[-73.86281036382795,40.65745703720367],[-73.86281023048666,40.657455177475256]]],[[[-73.86741673128515,40.65123903945811],[-73.86763011643836,40.65104659141033],[-73.86779259542254,40.65104218655262],[-73.86780462902593,40.650942713808526],[-73.86799215143563,40.65086760622976],[-73.86815898463182,40.650771613219646],[-73.86840413487288,40.65062992004077],[-73.8685419445147,40.65052224415444],[-73.86882718631558,40.65047786809551],[-73.8687749533841,40.65054434962222],[-73.86854854996587,40.65063040577429],[-73.86845394324828,40.650638401371],[-73.86839920173512,40.65067687913593],[-73.86833661651038,40.65073751325713],[-73.86821316352649,40.65088399337851],[-73.8679810092147,40.650961306793405],[-73.86785245710347,40.65096433889084],[-73.86783034405427,40.65108170506503],[-73.86788949895092,40.6511040338451],[-73.86779088418074,40.651165886101154],[-73.86767867285431,40.65121010308702],[-73.86757432461702,40.65125402464192],[-73.86745985348938,40.651256595238316],[-73.86741673128515,40.65123903945811]]],[[[-73.88557152535641,40.68833737424579],[-73.88582127016187,40.68828799137365],[-73.8859511891368,40.68833039484354],[-73.88607462071786,40.688330517106166],[-73.8861487436007,40.68829300750424],[-73.88621384694576,40.68816895312497],[-73.88645300336479,40.68819422634695],[-73.88664043033803,40.6882794628931],[-73.88680449046934,40.688465332020655],[-73.88694962854338,40.68883298801793],[-73.8870763731535,40.6891811971751],[-73.8872435504587,40.689711955677176],[-73.88744655446031,40.68992367523534],[-73.88739489825015,40.690145038573284],[-73.88711916100115,40.69034951018739],[-73.88689807343728,40.69023502779926],[-73.88662376095684,40.690001920083354],[-73.8864333283617,40.689671159025025],[-73.88628984325427,40.68949956756925],[-73.88620799263151,40.689347191726576],[-73.88591518637038,40.689192734712826],[-73.88572121152727,40.68903120164173],[-73.88561529709666,40.688881980282346],[-73.88557152535641,40.68833737424579]]],[[[-73.86714235906621,40.65135898617678],[-73.8671526757792,40.651487505673],[-73.86708489123495,40.65161034271584],[-73.86701855893219,40.651633248169524],[-73.86695230386866,40.65156344620607],[-73.86714235906621,40.65135898617678]]],[[[-73.85546441089267,40.65132683903998],[-73.8551115796215,40.65125657338656],[-73.85492701738706,40.65124041236029],[-73.85481723228467,40.651104586381756],[-73.8545841316582,40.65097876860139],[-73.85437125159895,40.65094757093494],[-73.85396254859276,40.6508084853943],[-73.85358151430623,40.650722115770186],[-73.85378456702051,40.65068793825744],[-73.85407238369086,40.65078367413501],[-73.85419329079245,40.65078725935602],[-73.85447823178393,40.6508803034222],[-73.85479019460159,40.65092353989403],[-73.85509958689842,40.65111126950246],[-73.85529110254006,40.65123140297664],[-73.85546441089267,40.65132683903998]]],[[[-73.8569286154049,40.66290106525176],[-73.85710295193645,40.66265378464971],[-73.85722966687092,40.66244303360648],[-73.85747758590172,40.66232158207913],[-73.85768852045916,40.66213388092607],[-73.85785601871575,40.66206563248948],[-73.85810964083963,40.661939795721715],[-73.85815387651265,40.66157874636865],[-73.85821212865119,40.661237531951244],[-73.8586986906924,40.6611480744117],[-73.85889822150028,40.66106575629021],[-73.85874348583843,40.660538376374575],[-73.85918197016413,40.66037620307928],[-73.8595171557762,40.6603490552865],[-73.85981438392706,40.66018725629459],[-73.85981868762875,40.66007389267378],[-73.85971461034477,40.66004851167385],[-73.86007518147777,40.659951412186366],[-73.86070447722419,40.65981979537395],[-73.86084408625443,40.65965651229422],[-73.86073077226077,40.6594195101899],[-73.86048990416548,40.659186670414535],[-73.86058822525766,40.65886007818699],[-73.86087916490366,40.65870180964087],[-73.86099762241743,40.658448883044294],[-73.86078172925087,40.65839754187408],[-73.8605831670132,40.658487001053075],[-73.86041296271958,40.658579211168046],[-73.86045282937783,40.658784212882225],[-73.86018985704723,40.65887400475756],[-73.86026046447196,40.65863304356405],[-73.86005650075435,40.65859889740503],[-73.85965744696439,40.65847624066276],[-73.85955135450187,40.658126425690995],[-73.85973220194688,40.657823485233116],[-73.8599233645257,40.657670449148],[-73.85983794699305,40.657534074224316],[-73.85980847312541,40.657431544058824],[-73.85979279802262,40.657369269447905],[-73.85973701317776,40.65733713039038],[-73.8596636860009,40.6573519193064],[-73.85957393650756,40.65731177634577],[-73.85949121994511,40.65730104111514],[-73.85928329874797,40.65748304996286],[-73.85909109281613,40.65779314933961],[-73.85896461305923,40.65821395581074],[-73.85904450601868,40.658582717633685],[-73.85921500481999,40.65890096140671],[-73.85938662363576,40.65921147083514],[-73.8590440047767,40.65953849864546],[-73.85896830434876,40.659615819760376],[-73.8583934834468,40.65951646003431],[-73.85818294627269,40.659638874580644],[-73.85771616449182,40.65952446909531],[-73.8573350381973,40.65938591433639],[-73.85713517208684,40.6593860543963],[-73.85694417562962,40.6594028593155],[-73.85655099834165,40.659561850451254],[-73.85629636194489,40.65978807856245],[-73.8561636066759,40.65991099269469],[-73.85599266087145,40.66000145823985],[-73.85587504157868,40.659902327821904],[-73.85574910357367,40.65970154721455],[-73.85557994513,40.659636057324384],[-73.85557152413236,40.66011851082914],[-73.85536903287304,40.66020488710679],[-73.85512297626465,40.660145805175425],[-73.85464605790918,40.66023952463572],[-73.85429597819177,40.66020931511561],[-73.8543227571413,40.66029281081508],[-73.85405861362966,40.66024930336749],[-73.85391783214676,40.660261054724074],[-73.85399485856583,40.66017738095845],[-73.8544770937518,40.659968841405245],[-73.85474671287092,40.65977545650827],[-73.85492817885509,40.6596270325472],[-73.8551512516608,40.65944584313041],[-73.85543431407531,40.659215887306075],[-73.85571786949991,40.658963747143424],[-73.8560070161205,40.658761922506514],[-73.85635307833152,40.658477871706665],[-73.85676119895003,40.65809403062441],[-73.85698104260591,40.657875498145806],[-73.85750551561385,40.65765087190851],[-73.85793248037234,40.657439560413835],[-73.85808170304533,40.65724199898852],[-73.85826696565543,40.65705745104091],[-73.85864098868417,40.65684700099574],[-73.85890236033369,40.65674306985005],[-73.85927470770291,40.65661273387224],[-73.8595804211855,40.65650280574759],[-73.85986723105361,40.65631859256267],[-73.86017686321169,40.65625829787603],[-73.86030745827523,40.65601877287596],[-73.86031034595351,40.65575610877239],[-73.86023822567013,40.65567714478261],[-73.86009175661658,40.655614559009095],[-73.85995358411391,40.65548928547786],[-73.859856082825,40.6553584078878],[-73.85974497168115,40.65521991054294],[-73.85956821544141,40.6550953954493],[-73.85943031080735,40.65500895285043],[-73.85935840535683,40.65497086218189],[-73.85927902268492,40.65489394368317],[-73.85922559982782,40.65480429476082],[-73.85921591857434,40.65471054527071],[-73.8591620248419,40.65464129968189],[-73.85888869394067,40.65467734470333],[-73.85887024434638,40.65491563250097],[-73.85854361255006,40.65503908402363],[-73.85822369831567,40.65519691657792],[-73.85809806210054,40.65548049330421],[-73.85791469906994,40.65558665325204],[-73.85793714654962,40.65571315244641],[-73.85747969036376,40.65600377896373],[-73.85708670914838,40.65610934267029],[-73.85671537635723,40.65637219848173],[-73.85641666482582,40.656766665327595],[-73.85611393340265,40.65708197622635],[-73.85531875184789,40.65769279607964],[-73.85497548166401,40.65789718209423],[-73.85466652406159,40.65792171037146],[-73.85459901279773,40.65778191689459],[-73.85505004430816,40.65766719914646],[-73.85539388256673,40.65743847802195],[-73.85595149306587,40.657083749545905],[-73.85611609784003,40.656859140347116],[-73.85627344416932,40.65663977005788],[-73.8565473213494,40.656372781465],[-73.85705594388342,40.655897688089276],[-73.85742387963367,40.655622968935326],[-73.8579579618767,40.655134027917406],[-73.85864819166613,40.65469927327848],[-73.85868146789132,40.65444607943882],[-73.85845421948181,40.65404416165361],[-73.85817174302979,40.65378957304768],[-73.85800912928964,40.65351328609972],[-73.85787128153575,40.65333768946152],[-73.85776180310167,40.6529964755818],[-73.85732889845659,40.652977351798796],[-73.85708969868475,40.653013716739835],[-73.85670325808516,40.65292642685092],[-73.85647227028726,40.65274327955871],[-73.85626531801502,40.652535398479614],[-73.8560491465745,40.65248383819487],[-73.8555876557965,40.65218672793401],[-73.85577969511425,40.65204730117781],[-73.85568077008779,40.651948844967464],[-73.85554799326333,40.651815352908564],[-73.85545491613259,40.65147111900447],[-73.85530785117642,40.65133798151612],[-73.85604604253669,40.65106198845302],[-73.8563292428095,40.65104929585587],[-73.85637983514839,40.65109782855794],[-73.85639940855057,40.65112054606748],[-73.8564189180495,40.65114933929294],[-73.85645282118739,40.65121071143243],[-73.85648404523819,40.651276450435205],[-73.8565053070339,40.65133219655241],[-73.85652273887091,40.65138590271553],[-73.85653232923256,40.651424265063994],[-73.85653748825807,40.651474114302154],[-73.8565442875153,40.651563968421605],[-73.85655041265794,40.65159397053378],[-73.85655989189905,40.65161969576339],[-73.85658726587224,40.65167471556319],[-73.85663455495231,40.65175149599842],[-73.85666618661084,40.65179446494338],[-73.85673908965923,40.65188105238119],[-73.85676982297322,40.65192231099372],[-73.85678409919507,40.651945837708105],[-73.85679368620131,40.651967142406036],[-73.85680350609248,40.65200113930105],[-73.85681029190843,40.65203574747195],[-73.85681189921796,40.6520603183196],[-73.85680744132038,40.6520957472725],[-73.85678909820012,40.652184909985515],[-73.85678610817833,40.65221236036991],[-73.85678886867471,40.65225493131652],[-73.85679929630633,40.65230822617816],[-73.85681567883098,40.65235966167727],[-73.85683547158527,40.652402170976906],[-73.8568567259365,40.65243358590331],[-73.8568781941435,40.65245461000919],[-73.85690616262205,40.65247528919515],[-73.8569410901112,40.65249729088672],[-73.85697747635936,40.65251723399534],[-73.8570132086537,40.652533923606754],[-73.85704219896064,40.65254458666233],[-73.85707687551167,40.65255350796987],[-73.85712022616163,40.65256179707274],[-73.8572092536233,40.652573771965415],[-73.85728168263499,40.65257979177723],[-73.85733529586878,40.6525811244207],[-73.85746439681178,40.65257968786633],[-73.85753109286385,40.652582217210764],[-73.85756207587197,40.65258609809752],[-73.85760690302558,40.65259732903805],[-73.85766806714392,40.65261796538261],[-73.85778239729262,40.652660624788474],[-73.85785497105809,40.65268312480585],[-73.85798842314456,40.652722329835015],[-73.85805219475476,40.6527451367421],[-73.85809814216313,40.65276676445793],[-73.85814438656023,40.65279164339316],[-73.85817643039171,40.65281160958185],[-73.85822518036596,40.65285093138661],[-73.8582793532718,40.65290283559217],[-73.85831297265412,40.65294148493805],[-73.85839132886119,40.65305473697695],[-73.8584671372791,40.653164649404985],[-73.8584956017971,40.65321216696112],[-73.8585263648738,40.65327420369316],[-73.85855902026265,40.65334774956708],[-73.85859525341117,40.65344092932854],[-73.85860828918734,40.653485051842125],[-73.8586343230703,40.653589982521964],[-73.85865375626294,40.65364275156466],[-73.8586786442198,40.65369759489619],[-73.85870534811193,40.65374754073267],[-73.85875833349296,40.65382249201297],[-73.85878483046237,40.65386131887668],[-73.85881244470875,40.6539108191478],[-73.85881805279024,40.65392983777387],[-73.8588238525064,40.653963345073564],[-73.85883521832929,40.65398933627471],[-73.85884660088773,40.65400742184519],[-73.85886021655583,40.654021251603936],[-73.8588960613477,40.65405299923057],[-73.8589123698873,40.654074970270244],[-73.85892751930828,40.65410215028451],[-73.85893930938205,40.65413443301584],[-73.85894981902432,40.65414988979289],[-73.85897199813813,40.65417135382704],[-73.85905726441521,40.654243244957904],[-73.85914177066017,40.6543145416524],[-73.85918172974257,40.65434329910349],[-73.85919501712436,40.65435531297517],[-73.8592023204641,40.654366147045415],[-73.85922043444629,40.6544134626346],[-73.85924051212992,40.65445980356155],[-73.85929836315653,40.65457622490128],[-73.85932530758049,40.6546425810253],[-73.85936146506458,40.65473659701829],[-73.85939558810833,40.65480910523693],[-73.85943504123618,40.65488120932257],[-73.859464465563,40.65492506089082],[-73.85951540862946,40.6549824618177],[-73.85956498024696,40.65503084145713],[-73.85962885531708,40.6550844561341],[-73.85975597273834,40.65518514054343],[-73.85980330525118,40.65522335320023],[-73.85985644752905,40.65526922822093],[-73.85994956227127,40.65535711423864],[-73.86001770658406,40.65542197146071],[-73.86003937394543,40.65543917791304],[-73.86007907602796,40.6554629998954],[-73.86014268140124,40.655495060955],[-73.86023367588486,40.65553989579437],[-73.86029188774563,40.65557562883337],[-73.86036804806905,40.6556304358943],[-73.86044910663159,40.65569462324057],[-73.86058282486461,40.655812076077225],[-73.86065516134607,40.65587101529091],[-73.86073091982843,40.65592603684595],[-73.86081011864461,40.6559802529482],[-73.86090976095387,40.656042320120974],[-73.86121114703644,40.65622295978402],[-73.86135614655562,40.65630933403906],[-73.86145628154662,40.65636694916776],[-73.86149205727084,40.656389880720006],[-73.86152790216394,40.65641538962677],[-73.86154083553167,40.65642802865737],[-73.86154702608385,40.656442055373155],[-73.8615499522747,40.65646103190883],[-73.86154663042133,40.65648342649402],[-73.86153253979604,40.656523020616284],[-73.86150938808566,40.656568866029104],[-73.86147906273257,40.656623675559054],[-73.86146515776302,40.65664216265555],[-73.86145130089116,40.65665513683734],[-73.86143703320948,40.65666265608526],[-73.86141876513146,40.6566651321137],[-73.86138704367296,40.65666393672494],[-73.86134956866832,40.65665920616268],[-73.86128493693214,40.65664452903838],[-73.86123481180424,40.656633689377045],[-73.8612099733933,40.65663079215944],[-73.86117195744569,40.65663089306599],[-73.86108207021356,40.6566370521446],[-73.86095463329148,40.65664539094662],[-73.86089010100584,40.65665281693423],[-73.8608532310546,40.656660750926214],[-73.86080758684894,40.656675710035614],[-73.86071875178973,40.65671080734808],[-73.86063504327251,40.656747828906816],[-73.86059264680712,40.65676917743884],[-73.86048553486347,40.656832863674644],[-73.86039904704957,40.65687847983577],[-73.86036041606471,40.65690062080529],[-73.86032231144799,40.6569294424432],[-73.86029104882897,40.656957533954305],[-73.86026243190051,40.656991001161224],[-73.86024911335763,40.6570115825271],[-73.86024427152277,40.65702723304919],[-73.86023936419463,40.65705213181075],[-73.86023231826402,40.657066084879375],[-73.86022434599916,40.65707461750492],[-73.86020375181567,40.65708445494948],[-73.8601712742308,40.65709809794179],[-73.86014963547733,40.65711266002492],[-73.86008996476278,40.6571624446342],[-73.86006259454088,40.657183795937975],[-73.860047801617,40.65719129636407],[-73.86000210821238,40.65720521139338],[-73.85998317299162,40.657213337131914],[-73.85994277892601,40.65723871497749],[-73.85993215850608,40.657243576548616],[-73.8599258675476,40.65724201639479],[-73.85991359871339,40.65723283057865],[-73.85989866719297,40.65721228418585],[-73.85988249348952,40.65719428024105],[-73.85986164057658,40.65718145127271],[-73.85983345632538,40.657171485118596],[-73.85979676293884,40.657160475691796],[-73.85979066897553,40.657160834774395],[-73.85977755738996,40.65716556632159],[-73.8597608197052,40.657165558522955],[-73.85971635862157,40.657159677954986],[-73.85968951669737,40.657159733465775],[-73.85963939398442,40.65716117257549],[-73.8596150052664,40.657159167975884],[-73.85958258163777,40.65715496710488],[-73.85955263184508,40.65715744478497],[-73.85952983303285,40.65716410329014],[-73.85946663324398,40.657190924561654],[-73.85940104002371,40.65722283440127],[-73.85937290065556,40.65723928038022],[-73.85932721518388,40.65727178094092],[-73.85930264925399,40.657293234550565],[-73.85926657302919,40.657333280573745],[-73.85923626718225,40.65735763311739],[-73.85921475242304,40.65737605839821],[-73.85920665827872,40.65738679347075],[-73.85918808511434,40.65741939199662],[-73.85917775449164,40.65744881637959],[-73.85917562022492,40.65747062431055],[-73.85917297907935,40.65748160019139],[-73.85916619902375,40.657487669485505],[-73.85916007022061,40.657488272532404],[-73.8591442823312,40.65748137504404],[-73.85913258794994,40.65747848536901],[-73.8591277094051,40.65748058210354],[-73.85912014079736,40.65748993731962],[-73.8591112735894,40.65750893008827],[-73.8590670672166,40.65755983173864],[-73.85897811303859,40.657524988836386],[-73.8589694333218,40.65752295202914],[-73.85896710980435,40.6575257362832],[-73.85896749567112,40.657534504198736],[-73.85897303389179,40.65753974930181],[-73.85899536910165,40.65755167522739],[-73.8590066741421,40.657560868964985],[-73.85900976908809,40.65757185367405],[-73.85900809850249,40.65757957356739],[-73.85900084104134,40.65758268676678],[-73.85898499964934,40.65758711230321],[-73.85897653933023,40.657594277257516],[-73.85897643361493,40.6575978584876],[-73.85898561601907,40.657601512340186],[-73.85902343638267,40.6576091752807],[-73.85903559098082,40.65761308041452],[-73.85904242446189,40.65761811367879],[-73.85904937078845,40.65762794233883],[-73.85905069297301,40.65764408394136],[-73.8590460145185,40.657664521765625],[-73.85903223566969,40.65770180343043],[-73.85902530191719,40.65772742907484],[-73.85901846467476,40.65773704002694],[-73.85900001831212,40.657750955632146],[-73.85895053484646,40.65778092093093],[-73.8589191001998,40.65780546471673],[-73.85890116185601,40.6578234845891],[-73.85887951216726,40.65785582984641],[-73.85885855726596,40.657880020862166],[-73.85884602518841,40.65788907910197],[-73.85881909929533,40.657900176457154],[-73.85880782743669,40.65790825287406],[-73.85878692503867,40.65793443408563],[-73.85876627922337,40.65795502879552],[-73.8587569573676,40.65796639899456],[-73.85875566797954,40.65797221655773],[-73.85875883127835,40.657982741192356],[-73.8587633962957,40.65798577523936],[-73.8587721283858,40.65798655770486],[-73.85877627907863,40.65798422325562],[-73.85878305865471,40.6579717179829],[-73.8587939680488,40.65794942014525],[-73.85879829363522,40.657945461375725],[-73.85879897989047,40.65795420084356],[-73.85879399946388,40.657980945513465],[-73.85878374740246,40.658003857410705],[-73.85876874788299,40.65802612501081],[-73.8587636176912,40.65803591274395],[-73.85876413886827,40.658039961211664],[-73.85877292701763,40.658035491925766],[-73.85879096319724,40.658018778845204],[-73.8588027989993,40.65799679102177],[-73.85881301426093,40.657958299217995],[-73.85882285785415,40.657922771461784],[-73.85882967914574,40.65791289755069],[-73.85884122141854,40.65790220185697],[-73.85886408288479,40.65789290865001],[-73.85887756017486,40.65788644686043],[-73.85888869700118,40.65787344263715],[-73.85890055489124,40.65784992935321],[-73.85891644912512,40.65782837784415],[-73.85895411910757,40.657799843405876],[-73.8590127738319,40.657769871336995],[-73.85902961311373,40.657760483365195],[-73.85904253067785,40.65774916257625],[-73.85905991249578,40.657728679083355],[-73.85906772474088,40.657712600903416],[-73.85907994818797,40.657675527149536],[-73.85908658878566,40.65765991940417],[-73.85909840565327,40.657649059226074],[-73.85912641871842,40.65763094269935],[-73.85914296487555,40.65761531016071],[-73.85918019530732,40.65757083324123],[-73.85921702448493,40.657528762902786],[-73.85923350372175,40.65750335424662],[-73.85924955087621,40.65747480585388],[-73.85926654048971,40.65745688382288],[-73.85931248866768,40.65741651308147],[-73.85934925702458,40.65737628958801],[-73.85939513509834,40.65732144290196],[-73.85941466442424,40.657303024165905],[-73.85945915837227,40.65727537680694],[-73.8595150456705,40.657243616273036],[-73.85953803886675,40.65723506782101],[-73.8595590091033,40.65723258638532],[-73.85957221260378,40.65723644501584],[-73.85961876300195,40.65725418801054],[-73.85970982407498,40.65728182704374],[-73.85978581002038,40.65730440562911],[-73.85980139896057,40.65730695418597],[-73.85981403173197,40.65730557197925],[-73.85981758731276,40.657302233590066],[-73.85981813830554,40.65729380901589],[-73.85981457289097,40.65728888514119],[-73.85980401287978,40.65728187344525],[-73.85978821120096,40.65727533983756],[-73.85974830991415,40.65726762688328],[-73.85972107626841,40.657261069420656],[-73.85970252212823,40.65725270979606],[-73.85970204178652,40.65725058578888],[-73.85977638198108,40.65725334557566],[-73.85981560536408,40.65725784824819],[-73.8598378263771,40.65726280836514],[-73.85985371033979,40.65726901247671],[-73.85986632978403,40.65728016275593],[-73.85987505218527,40.657284394109716],[-73.85990324830325,40.65728535688974],[-73.85991507137905,40.65728833849608],[-73.85992820413554,40.65729943626307],[-73.85993696419347,40.65731107892048],[-73.85994780484478,40.65733311788833],[-73.85995574624656,40.65734044516614],[-73.85997466746674,40.65734689519812],[-73.8599990960541,40.657350787255446],[-73.86002815851073,40.65735026700575],[-73.86004811644291,40.657346722538385],[-73.86006609908912,40.65733950515348],[-73.86008067755776,40.65733109674222],[-73.86008854386606,40.65732292960823],[-73.86010017127069,40.657304761393675],[-73.86010529637835,40.65730178871388],[-73.86011672895076,40.6573020952863],[-73.86012469439464,40.657305294607525],[-73.86013128363108,40.65731574142394],[-73.86013571476805,40.65733582836168],[-73.86014219204763,40.65740080770434],[-73.8601434782494,40.65743367276869],[-73.86014090740815,40.65745913268697],[-73.86013241543652,40.65749725299049],[-73.86012129551291,40.65753110254314],[-73.86010353586136,40.65756841731673],[-73.86008294489031,40.65760257593031],[-73.860063582751,40.65762533187656],[-73.86002811617817,40.657656732105764],[-73.85999607867674,40.65769491829796],[-73.85997446293614,40.65771643327397],[-73.85993971037472,40.65774000073991],[-73.85991189495489,40.65775473986242],[-73.8598181638845,40.65779596033949],[-73.85974913995261,40.65782671623343],[-73.85972834407708,40.65783841651789],[-73.85971328659417,40.657851303475844],[-73.85968886658681,40.65787979579224],[-73.85963972457922,40.65794708646761],[-73.85962449468207,40.65797220853959],[-73.85960670317637,40.65801997640738],[-73.85958626354727,40.65806462884995],[-73.85957403343275,40.658094296788846],[-73.85956899765904,40.65811995179732],[-73.85956620983654,40.6581500680139],[-73.85956767151404,40.6581758417184],[-73.85957872836396,40.65823842859918],[-73.85958103459998,40.65827194238453],[-73.8595830629286,40.65829423357729],[-73.859586917629,40.65830443124409],[-73.8596164504094,40.658342463740475],[-73.8596250473419,40.6583580522901],[-73.85962324874309,40.658383361849836],[-73.85962281131442,40.658400177585605],[-73.8596282241157,40.65841113718947],[-73.85964391203385,40.65842914687806],[-73.85969797703326,40.658478249633276],[-73.8597195963226,40.65849400714687],[-73.85974902469759,40.658508095613186],[-73.85979763548045,40.65852548263786],[-73.85984030450696,40.65853714861661],[-73.85988708965735,40.658542676261035],[-73.8599746389931,40.658547995069156],[-73.86000749596607,40.65854775770333],[-73.86003018370677,40.65854408058325],[-73.86005894084488,40.65853602982392],[-73.86008335960513,40.65852677609163],[-73.86010963481742,40.6585113380547],[-73.86016298199299,40.658474354719196],[-73.86022188550868,40.65843853797801],[-73.86030496159448,40.658395205127476],[-73.86035349443559,40.65836738312762],[-73.86040839959124,40.658329401994735],[-73.86044725731578,40.65830722526616],[-73.86048710833154,40.65828955501975],[-73.86050702581225,40.65827946546034],[-73.86051980703806,40.658267110546575],[-73.86055661042404,40.65822754139035],[-73.86056939355336,40.658217661096245],[-73.8605918265577,40.658206234600854],[-73.86063029693379,40.658192243047736],[-73.86064643564623,40.65818362303319],[-73.86067449991292,40.65816524234116],[-73.86069808873732,40.65815637109352],[-73.86072264611315,40.658149712685606],[-73.86076264824798,40.65814397348721],[-73.86079876389034,40.658142051369246],[-73.86083434119756,40.658144243955036],[-73.86087732422106,40.65814933524897],[-73.86092135185405,40.65815703388845],[-73.86094581758647,40.65816369668217],[-73.8609648681218,40.65817463938998],[-73.86100992258854,40.65820767710632],[-73.86107893918607,40.65825700890015],[-73.86110821959569,40.658284890071315],[-73.86113915504544,40.65832094273035],[-73.86115573012762,40.65834865005906],[-73.86116139653576,40.65836741558484],[-73.86116748279548,40.65841455783299],[-73.86116593147992,40.65844973738933],[-73.8611602466676,40.65847162751803],[-73.86114223679806,40.658512284867534],[-73.86111962320068,40.658550245908515],[-73.86109584911134,40.65857820079113],[-73.86105889210539,40.658613239427694],[-73.86096930525626,40.658691288016314],[-73.8609275146009,40.658726094737915],[-73.86090308292643,40.65874213043275],[-73.86087019619036,40.65875942922789],[-73.86084329880322,40.65877045955144],[-73.86082325233981,40.65877487935281],[-73.86077170013596,40.65877965004372],[-73.86075538309449,40.65878413468203],[-73.86073307511863,40.658796198926694],[-73.86070722904569,40.65881453369023],[-73.86068436816792,40.658834841495896],[-73.86063104429562,40.65889180128505],[-73.86058588987915,40.658942669943364],[-73.86057112248282,40.658963823215984],[-73.86056009703651,40.65899206359489],[-73.86055239547343,40.659024307201555],[-73.86055043728247,40.65905654336231],[-73.8605530445252,40.659084334699116],[-73.8605670439129,40.659123438641544],[-73.86057349258289,40.65914751099337],[-73.86058240725471,40.65919963565947],[-73.86058885716211,40.659220858773615],[-73.86060028692285,40.65923851376775],[-73.86062989344624,40.65927228753976],[-73.86067249469892,40.659316134926996],[-73.86067939586209,40.6593291035366],[-73.86068511415408,40.65934451741977],[-73.86069942032213,40.65935512483395],[-73.86072152572818,40.65936881335604],[-73.86073763829509,40.6593864424881],[-73.8607598025718,40.659416690693796],[-73.86079914194725,40.65947165097536],[-73.8608144401461,40.659504991343276],[-73.86082702694578,40.659528667674884],[-73.86084206204383,40.65954642966533],[-73.86085483279754,40.65955675604185],[-73.86086647049946,40.65956095122266],[-73.8609010422076,40.659569405670574],[-73.86091463317723,40.659575412348495],[-73.86091796250243,40.65957966951906],[-73.86091780000739,40.65958784602299],[-73.8609041945601,40.65959785503466],[-73.8608990833776,40.659603155604444],[-73.86090275874584,40.65960705208633],[-73.86091603272874,40.65961366623017],[-73.86093433856777,40.65961786406348],[-73.86094923690133,40.659618435892696],[-73.86095698154185,40.65961595802479],[-73.86097748847249,40.65960064699568],[-73.8609967079297,40.659586904009316],[-73.86100937190528,40.65958265896322],[-73.86103278360554,40.65958240088531],[-73.86107714284017,40.65958180429467],[-73.86109708178704,40.65958199226823],[-73.86111130174594,40.65958635353613],[-73.86113908112814,40.659602231683124],[-73.86117047656724,40.659627792051026],[-73.86118677465527,40.659648412862985],[-73.86120258430444,40.65967986811153],[-73.86121900386307,40.659722824604565],[-73.86123603981436,40.659775875740806],[-73.86123766089597,40.65979128825481],[-73.8612335760699,40.65983243518203],[-73.86122361322568,40.659866083611284],[-73.8612147997554,40.65988552866125],[-73.86120618368922,40.65989705029404],[-73.86118094909074,40.6599185953447],[-73.86115473124997,40.6599358653463],[-73.86108680695102,40.65997214894073],[-73.86098901719663,40.66001691350208],[-73.86094081484246,40.66004004446863],[-73.8609173604508,40.66004595502547],[-73.8608700024007,40.660051491769494],[-73.86083233981186,40.660053026617526],[-73.86081266372493,40.660051473731585],[-73.86076507196432,40.66004093681058],[-73.86074176184977,40.66003493906126],[-73.8607179045991,40.66002480366673],[-73.8606953125377,40.66001131987386],[-73.8606646314597,40.659989096660524],[-73.86063813537785,40.65997362788902],[-73.86059835304215,40.65995457515967],[-73.8605630492479,40.65993138906644],[-73.86054048116068,40.65992117415107],[-73.86048993395137,40.659905786946716],[-73.86047811966868,40.659903455585386],[-73.86045509270363,40.659906284094625],[-73.86042162984448,40.65990697921738],[-73.8603885438188,40.65991294371651],[-73.86033634465429,40.65992468343407],[-73.86030654482775,40.65992837629153],[-73.86028679739951,40.659934937793366],[-73.86024963858584,40.65995398272748],[-73.86022030084247,40.65997360087791],[-73.86020145889843,40.659993281305795],[-73.86016964147774,40.66002865909022],[-73.86013773269508,40.6600573999397],[-73.86007237722563,40.6601072550584],[-73.86002826275397,40.6601448835461],[-73.86000427884791,40.66016977618396],[-73.85995742931685,40.66023098046884],[-73.8599349571768,40.660257290546234],[-73.85992173866859,40.66026816801139],[-73.85989916269894,40.66028140514117],[-73.85984683243892,40.660303019552984],[-73.85972935554241,40.6603530811134],[-73.85961547259052,40.660405735928094],[-73.85957318272796,40.66042405576791],[-73.85952903593055,40.660436369573716],[-73.85950322721041,40.660441001834215],[-73.8594717762566,40.66044247628499],[-73.85942124879583,40.660439531088],[-73.85938515209835,40.6604385882512],[-73.85933520383587,40.66044304778018],[-73.85930335476954,40.66044265042248],[-73.85927858279146,40.660435656417405],[-73.85921361413627,40.66041549177413],[-73.85918131942275,40.66040494140169],[-73.85917055313844,40.66040357294199],[-73.85915634829425,40.66040771233939],[-73.85914192083806,40.66041479255295],[-73.85913199843725,40.660414188761955],[-73.85909649670839,40.66040589923999],[-73.85907804853167,40.66040521836209],[-73.8590499449274,40.66040910208089],[-73.85901721426285,40.66041684154134],[-73.85898503027535,40.66042720667149],[-73.85897491826493,40.66043518546784],[-73.85896247696954,40.66045198287786],[-73.85895338437864,40.6604705422031],[-73.8589484458266,40.660490845520926],[-73.8589444662175,40.66052796177754],[-73.85894477582882,40.660568884378435],[-73.85894938999786,40.660600211839444],[-73.85895519966846,40.660618131158685],[-73.85896799924083,40.660637158579775],[-73.85899295430671,40.66067279924088],[-73.85901541910187,40.660708955542354],[-73.85903327918895,40.66073279702159],[-73.85904291607955,40.66075829347846],[-73.85904733895343,40.6607911984072],[-73.85904565624767,40.66083092087679],[-73.85903995045234,40.66085895780289],[-73.85902578633595,40.660886301770525],[-73.8590155677077,40.66091280408569],[-73.8590183828753,40.660932588304696],[-73.85901931528376,40.660945743307394],[-73.85901020669037,40.660972409075505],[-73.85899553222706,40.66101236416187],[-73.85898713509067,40.66102747445839],[-73.85897236466998,40.661041769176485],[-73.85891006700794,40.66108973719389],[-73.85886401972198,40.66112142484903],[-73.85884455406304,40.66113150927328],[-73.85881138894133,40.661144319856604],[-73.85879005081401,40.66115799683933],[-73.8587845063251,40.66116451518291],[-73.85878453757336,40.6611799185737],[-73.85878342629613,40.661187596822984],[-73.85877865253913,40.66119033483928],[-73.85876266215918,40.661193226580046],[-73.85873856262475,40.661193024988464],[-73.85871877348865,40.66118999565784],[-73.8586897920256,40.66117772382643],[-73.85866122144628,40.66116966421307],[-73.85853246975789,40.661143566534015],[-73.85850184648926,40.66113822482001],[-73.85848821772497,40.6611388375162],[-73.85846757899087,40.661144994177086],[-73.85842005813039,40.661160474127826],[-73.85837652637427,40.66117017044359],[-73.8583594554725,40.66117458087162],[-73.85833897995425,40.66118572567708],[-73.85832502146458,40.661197931210694],[-73.85830813500593,40.661217939722555],[-73.85829421204814,40.66123957641636],[-73.85826697205151,40.66129375040948],[-73.85826017895334,40.6613151977699],[-73.85825897815128,40.66134049182766],[-73.8582636056552,40.66135929493244],[-73.85828012770013,40.66140897702948],[-73.85828335201218,40.66143424051823],[-73.85828125109474,40.66146687088357],[-73.85827496112032,40.66150252632907],[-73.85827076303694,40.66154152527147],[-73.85827572233376,40.66156168496348],[-73.8582785996881,40.661578825356585],[-73.85828071553196,40.66161153115684],[-73.8582907214037,40.66165530773356],[-73.85829722820367,40.66171576208526],[-73.85830066957669,40.66175297390597],[-73.8582991407674,40.661765676523316],[-73.85829156107285,40.66178163696303],[-73.85826956293535,40.6618124931079],[-73.8582122333171,40.661883163507994],[-73.85816988420292,40.661928172294054],[-73.85812643438244,40.66196748033176],[-73.85807892732085,40.66200450864026],[-73.85801381224223,40.66204647524647],[-73.85788052502679,40.66212982013526],[-73.85782660580341,40.66216746807746],[-73.85775450044689,40.66222215110862],[-73.85766377730721,40.662295494094096],[-73.85763969418515,40.66231235169545],[-73.85761613499065,40.662321974282605],[-73.85755611235913,40.66233689809002],[-73.85751363569942,40.66235158965524],[-73.85746895501543,40.662371689683084],[-73.85739977862794,40.66241240189087],[-73.85736399259268,40.66243159797818],[-73.85726311668675,40.66247722994236],[-73.85722592415615,40.66249493928817],[-73.85720756938105,40.662506712383056],[-73.85718699811164,40.66252694938801],[-73.85716905905646,40.662550564796874],[-73.85716052224758,40.66256931827814],[-73.8571534673352,40.66260787687739],[-73.85714990259191,40.66264567076839],[-73.85714445115238,40.662661617564886],[-73.85713151690298,40.66268123818402],[-73.8571175728968,40.66269747430355],[-73.857092075386,40.66271974304302],[-73.85705297678602,40.662752168021036],[-73.8570168123775,40.66279714084018],[-73.85699945644151,40.662817329577656],[-73.85699578281034,40.66282698846293],[-73.85699157226806,40.662831144519295],[-73.85697178347888,40.66284044837586],[-73.85696460957261,40.66284619736399],[-73.85696240618334,40.66285625520447],[-73.85696461491213,40.66287183329961],[-73.85697108754445,40.662897529506665],[-73.85697402821206,40.66290100645857],[-73.85698016099809,40.66289768397029],[-73.85698264323963,40.66289214617296],[-73.85698243834106,40.66287464346232],[-73.85698510183992,40.662861782882906],[-73.8569975786438,40.66283824175967],[-73.85702118669886,40.662805950635864],[-73.85705049079813,40.66277491020016],[-73.85712484045186,40.66270154376335],[-73.85715310833179,40.662670047252924],[-73.85717286136587,40.66264095535121],[-73.85722187660801,40.66255776786734],[-73.85724003564519,40.662531369223935],[-73.85725330840555,40.662519316060305],[-73.85728254898422,40.66249961570181],[-73.85732222278693,40.662479007047686],[-73.85738302479676,40.66244864495739],[-73.85744883330338,40.662405729522646],[-73.85748122519051,40.662387174874816],[-73.85750907236672,40.662375887167066],[-73.85757510540586,40.662356787022105],[-73.8576249390356,40.662346371191816],[-73.85764250845027,40.66234070706911],[-73.85765477331638,40.66233320472736],[-73.85767601467192,40.66231362404428],[-73.8577269158505,40.66226007650645],[-73.85774848831228,40.66224103292788],[-73.85777495580486,40.66222453935925],[-73.85783871727511,40.66218919182014],[-73.85788327051719,40.662159972851406],[-73.8579301181523,40.66213172745688],[-73.8579881673691,40.66208933973837],[-73.85805896948347,40.662045094651106],[-73.85813803564628,40.661995043269755],[-73.85817248237207,40.66196537947602],[-73.85822545836618,40.66191122012143],[-73.85827276576717,40.661855666060795],[-73.8583006197397,40.66181429007973],[-73.85831149511738,40.66179000661386],[-73.85831859043847,40.66176769962963],[-73.85832258434573,40.66173184504213],[-73.85832082772605,40.66168978871193],[-73.85831140366065,40.66163096970993],[-73.85829989281736,40.66156083673584],[-73.8582983530307,40.6615208140401],[-73.85829964869806,40.6614697833089],[-73.85830367287414,40.66143860334452],[-73.85830408624516,40.66141936159545],[-73.85830004264828,40.6613728412824],[-73.85830390611937,40.6613399321261],[-73.85830295498842,40.66132563433818],[-73.85829691282838,40.66130643416506],[-73.8582987038832,40.66129719706154],[-73.8583112548855,40.66127121458088],[-73.8583231668133,40.66124880726678],[-73.85834039772962,40.66123198070542],[-73.85837131171706,40.661211245633396],[-73.85839687848187,40.66119933084361],[-73.85842179558158,40.661193198372146],[-73.85843908104417,40.66119244249914],[-73.85847702380845,40.66119406419217],[-73.85852467925446,40.66118817309423],[-73.85855518928864,40.66118781348632],[-73.85860286015766,40.66119305097069],[-73.85861561977275,40.6611963436377],[-73.85863009898623,40.66120512256847],[-73.85864036386691,40.66120543595624],[-73.85864590235168,40.661202875386834],[-73.85865420912265,40.66119362557249],[-73.85866686293555,40.66118769410274],[-73.85867306116913,40.66118741355251],[-73.85868621245194,40.66119282200859],[-73.8586985998752,40.66120155513609],[-73.85871320611167,40.661216248811556],[-73.85872548296622,40.6612207988964],[-73.8587418516355,40.66122299374837],[-73.85877424220897,40.661219140582595],[-73.85880472238217,40.66121334084541],[-73.85881326202473,40.66120747454984],[-73.85883175291006,40.661180254787546],[-73.858842846692,40.66116606183705],[-73.85886057945693,40.66115341871761],[-73.85889110760783,40.66114001414578],[-73.85890922561624,40.66113140040685],[-73.85892951124477,40.661112698123944],[-73.8589465795902,40.6610982864604],[-73.85896043988828,40.66109051127729],[-73.85897560079674,40.66108617136044],[-73.85898447488752,40.661086541546055],[-73.85899251416161,40.6610846513092],[-73.85899638050839,40.66108042181516],[-73.85899966559943,40.66106362488622],[-73.85900249254853,40.661039792552515],[-73.85901953131491,40.66100858618952],[-73.85903075782596,40.66098639138444],[-73.85903374927305,40.660968647650506],[-73.85903732143757,40.660955893495405],[-73.85904598605727,40.66094346166209],[-73.85905156755227,40.66094011587453],[-73.85906253798001,40.660936692040835],[-73.85906577736833,40.660930881367925],[-73.85906376391827,40.66092398003605],[-73.85905525922271,40.66090605832137],[-73.85905403669899,40.66089364769141],[-73.85906187063522,40.66086244174935],[-73.85907794208345,40.66080489855576],[-73.85908041574929,40.66077811118851],[-73.85907919319769,40.660747800070276],[-73.85907609468431,40.66073395081656],[-73.85906706211559,40.660721298284486],[-73.85903581629816,40.66068886477854],[-73.8590057358537,40.66065169056682],[-73.85897894521243,40.66060892276286],[-73.85897122646766,40.660591231636786],[-73.85896709749449,40.660566999049095],[-73.85896460561767,40.660522959782796],[-73.85896604114743,40.66050284668119],[-73.85897244219406,40.66048491081543],[-73.8589827929201,40.66046749848951],[-73.85899184921756,40.66045883220398],[-73.85900558296925,40.66045379713496],[-73.85903113411595,40.66044908182273],[-73.8590902611734,40.660439548447215],[-73.85911527401736,40.6604355096462],[-73.85913126807661,40.66043638202451],[-73.8591591048545,40.66044238294089],[-73.85918285830265,40.66045347488095],[-73.85920544510971,40.66046097052187],[-73.8592680751752,40.660471983049646],[-73.85933987101309,40.660481284962174],[-73.85936521934224,40.660481899491465],[-73.85938987721836,40.660480205144545],[-73.85944051554073,40.660469835437524],[-73.85946788136715,40.660465899392456],[-73.85952762593473,40.66046240811924],[-73.85956121832868,40.66045705233528],[-73.85959556307793,40.660447630722395],[-73.85963989353084,40.660426710868535],[-73.85970939218134,40.66039025895069],[-73.85974298401926,40.660376144678814],[-73.85982794425534,40.66034460855568],[-73.85987813527476,40.66032192083121],[-73.85991868447111,40.6603007171031],[-73.85995333370339,40.66027800321374],[-73.85997547775214,40.66025927148964],[-73.86000428776538,40.66021736584938],[-73.86003052263955,40.66018033787374],[-73.86006251938261,40.66014804822133],[-73.86009122983535,40.66012650043966],[-73.86018912888122,40.660060986146334],[-73.86026788085218,40.66000831330668],[-73.86029352710501,40.65999702134939],[-73.86031032151716,40.65998891367358],[-73.86034549437038,40.65996447400925],[-73.86037238529616,40.65994889077794],[-73.86039438604699,40.659939193692274],[-73.86041747645943,40.65993374116376],[-73.86044180153357,40.65993105381726],[-73.8604574673689,40.65993163114382],[-73.86048016225425,40.659940581902546],[-73.86053387319969,40.659958556532146],[-73.8605840705225,40.659979560721894],[-73.86062670301857,40.66000526002806],[-73.86067301051669,40.66004014724846],[-73.8606971032633,40.6600569926943],[-73.86072258090994,40.6600692264601],[-73.86074838279791,40.66007852042278],[-73.8607661546871,40.66008194679303],[-73.8608029910841,40.66008420394703],[-73.86086442477688,40.66008027457122],[-73.86091582956311,40.66007579272617],[-73.86095644240936,40.66006523642952],[-73.86098689681197,40.66005216530382],[-73.86104892212393,40.66002022414296],[-73.86110883194254,40.65999449486636],[-73.86116378545738,40.659975191073364],[-73.86118366635546,40.65996639449742],[-73.86120200550566,40.65995350050354],[-73.8612395925972,40.65991830589565],[-73.86127220978229,40.659888128368976],[-73.86128537655853,40.65987127845318],[-73.86129045692705,40.65985235750005],[-73.86129678212063,40.65980573812522],[-73.86129530698098,40.65978837526687],[-73.8612821592458,40.65975342833276],[-73.86123596877583,40.6596519923428],[-73.86122046848602,40.65962302560225],[-73.86120596442079,40.65960289053777],[-73.86117693309386,40.65957548426992],[-73.86115897560457,40.65956470141001],[-73.86112274728723,40.659549948620025],[-73.86110280582558,40.659544725853564],[-73.86101963889952,40.65953132835385],[-73.86095750454152,40.65951991934825],[-73.86091761583562,40.659508866798554],[-73.86090046582625,40.65950046134058],[-73.8608726062605,40.6594805532221],[-73.86085618622302,40.659464606804804],[-73.8608322901484,40.65943406025239],[-73.8608072950324,40.65939583004846],[-73.8607877050794,40.659361595674106],[-73.86078120838104,40.659341791730746],[-73.8607779973466,40.65929899614392],[-73.86077381660031,40.6592783305061],[-73.86076435142645,40.65926156221583],[-73.86074711568985,40.65923365141742],[-73.86073953733437,40.659205773020624],[-73.86073245946993,40.65918738488493],[-73.86072480198789,40.659178720737664],[-73.86071114854731,40.65916813392817],[-73.86069669768031,40.65916001807244],[-73.86067895011803,40.65915525445148],[-73.86064826380203,40.65914818333588],[-73.86063471779514,40.659141084352534],[-73.86061759930743,40.659128407734514],[-73.86060776336573,40.659117637330255],[-73.86059958035516,40.65910017087751],[-73.86059336332724,40.6590772883917],[-73.86059089733942,40.65905092905017],[-73.86059197832643,40.65902028304043],[-73.86059617213772,40.65899674949012],[-73.86060785763114,40.658971227670165],[-73.86062904054786,40.65893850511038],[-73.86065093435333,40.65891302987405],[-73.8606821285752,40.658885781072264],[-73.86071672369745,40.6588601888302],[-73.86075737136376,40.658836576939045],[-73.86078346256356,40.6588243038459],[-73.86080310562562,40.658818275238616],[-73.86083028126554,40.65881444940318],[-73.86085811955537,40.658813237665356],[-73.86089155057286,40.658817906761904],[-73.86091081402132,40.65881982924883],[-73.86092728559089,40.658816092205115],[-73.86094910548151,40.65880728270443],[-73.86096776296502,40.65879640989318],[-73.86099001533529,40.658777529516954],[-73.86104354100796,40.65872284361228],[-73.86112281567006,40.65864691944467],[-73.86115921380166,40.65860938928102],[-73.86117576755477,40.658586016511016],[-73.861196409753,40.65854984691162],[-73.86121172535148,40.658516844306156],[-73.86123110345984,40.658460199002874],[-73.8612490944402,40.65841722008166],[-73.86125457665135,40.65839834733922],[-73.86125435832702,40.658366868576124],[-73.86124543469127,40.65831373806845],[-73.86123939930143,40.658292712702405],[-73.86123105013965,40.658276642795684],[-73.86121012228087,40.658251807379905],[-73.86118104216105,40.65822426417054],[-73.86113221472468,40.65818705346948],[-73.86110204275046,40.65816712820285],[-73.86107516393908,40.65815290538247],[-73.86103405226504,40.658134994850705],[-73.86098886192256,40.65811781149602],[-73.86092363935406,40.65809662811801],[-73.86087218868347,40.6580835867339],[-73.86084144651498,40.658079708837064],[-73.86081044474186,40.658080674503225],[-73.86076782042016,40.65808504085657],[-73.860701828663,40.65809363114296],[-73.86066561833303,40.65809957032584],[-73.86064411740973,40.6581069186192],[-73.86063564688783,40.658112795041596],[-73.8606189682628,40.65813477628388],[-73.86059821270963,40.65815210591091],[-73.86058045324914,40.65816221971435],[-73.86053035318805,40.65817905629424],[-73.86050948480985,40.65818811991534],[-73.86048281364212,40.658206406801995],[-73.86043712456349,40.658242269428705],[-73.86038893789011,40.658275944349505],[-73.86025674824761,40.65836193636733],[-73.86019041982908,40.658408001900334],[-73.86015515759745,40.6584280594925],[-73.86012560334221,40.65843845335441],[-73.86008447464927,40.65844729954845],[-73.8600366434185,40.65845456076557],[-73.8599767369489,40.658460001725736],[-73.85992267683902,40.65846254110206],[-73.85987927545058,40.65846121760908],[-73.85983470793441,40.65845661389342],[-73.85980382784315,40.658450228509885],[-73.85978266869668,40.65844058158624],[-73.85975519353275,40.65842099694824],[-73.85973525286057,40.65840155026562],[-73.85972392790045,40.65838315688655],[-73.85969457519779,40.65831287799517],[-73.85967398701067,40.65825556193625],[-73.85966758289878,40.658225680344906],[-73.85965915017015,40.65813204231679],[-73.85965807124285,40.658094625384585],[-73.85966027041779,40.65807674738552],[-73.85966859727112,40.6580526398758],[-73.85967602812897,40.658036809732856],[-73.85968224339172,40.65803278929868],[-73.85969806528912,40.658025291976216],[-73.85970809284012,40.658015088732505],[-73.85972005199957,40.65799390062533],[-73.85974045947998,40.657948738426484],[-73.85975504306548,40.65793122942963],[-73.85977979577618,40.65791040451403],[-73.85980706488202,40.65789177722212],[-73.8598548585262,40.65786564120025],[-73.859908753619,40.65784066075006],[-73.85994644022311,40.657825975972386],[-73.85998953004035,40.65781160483602],[-73.86000067842552,40.657804815893634],[-73.86002545194243,40.65778021507893],[-73.86003933683466,40.65776934651485],[-73.86008003494166,40.657749671986124],[-73.86009403897994,40.6577400588823],[-73.86010778904232,40.65772299188139],[-73.86013229777978,40.6576808297224],[-73.86017698146831,40.657613972868596],[-73.86021463226433,40.65756662797663],[-73.86024565903759,40.65753725026173],[-73.8602586913258,40.657522975776885],[-73.86026697001147,40.657507050269714],[-73.86027488437037,40.65748440915737],[-73.86027959343144,40.657459334553714],[-73.8602819919443,40.65738345262458],[-73.86028676859853,40.657318194291705],[-73.86028537613882,40.65728860608424],[-73.86027628588766,40.65725900672504],[-73.86026121825329,40.657219273779276],[-73.86026210166305,40.65721131697564],[-73.86027135399256,40.65719683708118],[-73.86029328073187,40.657165026804705],[-73.86030000405984,40.65715605500592],[-73.86031063297642,40.65715106913962],[-73.86033662230365,40.65714086631318],[-73.86034880234145,40.657129225698284],[-73.86038148839158,40.657091109533035],[-73.86042092897726,40.657055071845946],[-73.86047991722104,40.65701143497345],[-73.86064126010373,40.656912218788285],[-73.86074526808144,40.65684570282486],[-73.86080344244645,40.65681167782971],[-73.86087290837257,40.65677973405279],[-73.86091825563621,40.65676373806236],[-73.86094997678572,40.6567548892027],[-73.86097385814871,40.656751207936416],[-73.86100798646258,40.656750445019405],[-73.86103641078341,40.656753582548575],[-73.86107866492314,40.656761894941816],[-73.86113141759064,40.656774977431446],[-73.86119785442772,40.656792782517776],[-73.86122122411167,40.65679633534391],[-73.86125377351429,40.6567968816031],[-73.86130986095499,40.65679394421689],[-73.86141758710774,40.656785951387484],[-73.86145930414358,40.65678076152805],[-73.86150895399463,40.65676885523665],[-73.8615295247463,40.656765609321624],[-73.86154154972543,40.656766445069735],[-73.86155797205926,40.65677135735107],[-73.86158906601297,40.656786645043404],[-73.86162630009524,40.65681179718357],[-73.86164637025581,40.65682813961221],[-73.86165033247775,40.65683449663164],[-73.8616483479714,40.65684435851816],[-73.86163540389381,40.656868760491875],[-73.86163288558917,40.656878867577376],[-73.86163484789734,40.65689453264636],[-73.86164691767401,40.65692452360597],[-73.86166724629231,40.656957662801986],[-73.8617044458729,40.657011496370586],[-73.86171601444833,40.65704029443408],[-73.86172812640368,40.6570921824289],[-73.86173371723983,40.657142872098675],[-73.86173118612858,40.65719281988374],[-73.86171902779893,40.65727453266995],[-73.86168401312521,40.657458005308634],[-73.86166681708659,40.65756666452871],[-73.86166133294348,40.65764243921261],[-73.8616539898574,40.65776786351227],[-73.86164666717933,40.65783497119977],[-73.86164684063243,40.65785966630904],[-73.86165436552312,40.65789746919279],[-73.86166129831547,40.657916304657284],[-73.86168120189065,40.65794585927456],[-73.86171407577729,40.657990366371436],[-73.86172520594386,40.65800085367473],[-73.86175113664696,40.65801271764817],[-73.86169112508041,40.65802348233536],[-73.86161101197727,40.65767260186094],[-73.86161371165353,40.65699650978521],[-73.86143287478525,40.656987591269555],[-73.86126558733356,40.65699989601027],[-73.86107652233893,40.65696346068932],[-73.86088091920742,40.6569199192671],[-73.86080800733868,40.65698082673961],[-73.86071124873065,40.657096105578724],[-73.86069177532737,40.65714570233422],[-73.86063894410904,40.65719163138865],[-73.86059939544425,40.657168497787374],[-73.86043885016707,40.65722356608804],[-73.86035025096103,40.65722915432927],[-73.86035914721809,40.65727744279607],[-73.86032897633345,40.65747022415747],[-73.86040659775377,40.6576596459676],[-73.86055349129454,40.657820696258284],[-73.86047454624507,40.65784434267728],[-73.86027934844827,40.65789359459347],[-73.86021325944824,40.65797404580588],[-73.86003900724982,40.65808988364274],[-73.85982879523368,40.658232774880965],[-73.85977637979764,40.65829397682413],[-73.86004218359676,40.65832818973849],[-73.86035206955088,40.658240285916186],[-73.86046861062265,40.65816810135717],[-73.86060574555792,40.65804096232355],[-73.86079092327145,40.65805290592459],[-73.86099364795528,40.65807328217119],[-73.86128615735309,40.658284517655154],[-73.8613262284271,40.65858295073724],[-73.86109700128537,40.65885910158601],[-73.86081606813717,40.65909311182689],[-73.86080816667446,40.65934929144844],[-73.86092844602227,40.659492009595006],[-73.86124846501757,40.659614684562335],[-73.86132664859652,40.659837622742415],[-73.8611573561128,40.660009870351296],[-73.86085620895122,40.66011756857536],[-73.86054919875096,40.66004668265802],[-73.86031100021782,40.66002451826343],[-73.86019624483255,40.6601254970717],[-73.85992920732171,40.66036339153434],[-73.85922655303949,40.66058200610956],[-73.8590188243817,40.660587159309316],[-73.85911758410538,40.6607286075382],[-73.85913270686561,40.66083804524732],[-73.85914832838863,40.66091458855803],[-73.85912388850704,40.660982643159244],[-73.85908157772532,40.66099943281279],[-73.85908820848097,40.661074850274886],[-73.85901952397934,40.66115193956792],[-73.85892931755711,40.66115899259244],[-73.85880316381129,40.661292111702956],[-73.85848968240944,40.66136481969012],[-73.85835187270226,40.661745022362986],[-73.85819004828025,40.66214597289213],[-73.85815444313394,40.662213188640436],[-73.85830174727974,40.66233341456339],[-73.85871749848577,40.66247874084821],[-73.85890601671882,40.66257750954678],[-73.85864104719037,40.66247894859846],[-73.85822659928486,40.66236535337474],[-73.85793442225268,40.66224850467044],[-73.85750440960196,40.66241960421389],[-73.85715333801822,40.662722934024664],[-73.85706282323092,40.66299532355258],[-73.85692688202741,40.66328909332655],[-73.85683665773027,40.663251780702765],[-73.85692029495208,40.662993667712335],[-73.8569286154049,40.66290106525176]]],[[[-73.85931274978593,40.66268322866339],[-73.85948736882422,40.66275209213467],[-73.85979240819223,40.66284332383609],[-73.86001438788816,40.66293333163507],[-73.85961301707187,40.66279801614149],[-73.85937287933987,40.662735905008894],[-73.85931274978593,40.66268322866339]]],[[[-73.88673490845491,40.690646321143475],[-73.88488653217823,40.6879880741066],[-73.885732338094,40.687791230790125],[-73.88701228490605,40.68793999705564],[-73.88768344666263,40.689790651325666],[-73.88772357269323,40.690523557549696],[-73.88673490845491,40.690646321143475]],[[-73.88557152535641,40.68833737424579],[-73.88561529709666,40.688881980282346],[-73.88572121152727,40.68903120164173],[-73.88591518637038,40.689192734712826],[-73.88620799263151,40.689347191726576],[-73.88628984325427,40.68949956756925],[-73.8864333283617,40.689671159025025],[-73.88662376095684,40.690001920083354],[-73.88689807343728,40.69023502779926],[-73.88711916100115,40.69034951018739],[-73.88739489825015,40.690145038573284],[-73.88744655446031,40.68992367523534],[-73.8872435504587,40.689711955677176],[-73.8870763731535,40.6891811971751],[-73.88694962854338,40.68883298801793],[-73.88680449046934,40.688465332020655],[-73.88664043033803,40.6882794628931],[-73.88645300336479,40.68819422634695],[-73.88621384694576,40.68816895312497],[-73.8861487436007,40.68829300750424],[-73.88607462071786,40.688330517106166],[-73.8859511891368,40.68833039484354],[-73.88582127016187,40.68828799137365],[-73.88557152535641,40.68833737424579]]],[[[-73.86235945330232,40.65754322918934],[-73.86237355043458,40.65751066442096],[-73.86240045471826,40.65747299012517],[-73.86241112761466,40.65745522847079],[-73.86241797633325,40.65743234820033],[-73.86241671463223,40.657426047568705],[-73.86241015411774,40.65742156234644],[-73.86238732599965,40.65741214173546],[-73.86237756095251,40.65740367418942],[-73.86236886329056,40.657389659829136],[-73.86236651081084,40.65737789625086],[-73.86237211230826,40.657368068397616],[-73.8623987406042,40.65734378177074],[-73.86241240252672,40.65732841816879],[-73.86242213289832,40.65731012047809],[-73.86243208600837,40.65727555339636],[-73.86243580790072,40.65723450593889],[-73.86243248843229,40.65719222085293],[-73.86242290218378,40.65715727109415],[-73.86240700427902,40.657126192314976],[-73.8623892179488,40.65709858006922],[-73.86237431669046,40.6570813515425],[-73.86235110936379,40.657062646130484],[-73.86231749333214,40.65704086019045],[-73.86227725422297,40.65701972639012],[-73.86225305548605,40.65700988266832],[-73.86221295572567,40.65699801534159],[-73.86219377502334,40.65699519715558],[-73.8621726985255,40.65699654068952],[-73.86214254434424,40.65700244797109],[-73.86210743488328,40.657012739329176],[-73.86207624011746,40.65702437083882],[-73.86204782739442,40.657037846335314],[-73.86199643287216,40.657064829037765],[-73.86196531326081,40.65707383469725],[-73.86192995327549,40.65707944841049],[-73.86190136682131,40.657080859423765],[-73.86188058720566,40.6570792900852],[-73.86186652221816,40.65707455808326],[-73.86184171513597,40.6570610088137],[-73.86181974446464,40.65704418506106],[-73.86179088461107,40.65701490336618],[-73.86176318555655,40.65698124834297],[-73.86173458621148,40.65693698052745],[-73.86168672763124,40.65685139269504],[-73.86166446516727,40.65681396110872],[-73.86164653797216,40.65679345276331],[-73.86163246364502,40.6567818587745],[-73.8616112080358,40.65677494964362],[-73.86157355336562,40.65676559027606],[-73.86155281603327,40.65675452316617],[-73.86154115728704,40.65674473040797],[-73.86153370958998,40.656732496010775],[-73.86153365769198,40.656722748741956],[-73.86154183884689,40.65670861235383],[-73.86157021370721,40.65667518596094],[-73.86159292032345,40.65664610404326],[-73.86161350220303,40.65661182267552],[-73.86162031259451,40.65659382861449],[-73.86162030530215,40.65657055201731],[-73.86162187812934,40.656546527189555],[-73.86162621959151,40.656534789658124],[-73.86163185773022,40.656530688277854],[-73.86166134128933,40.65652364386977],[-73.86168149324108,40.656517609420206],[-73.86170113957901,40.65650678180252],[-73.86171370797312,40.656496433752885],[-73.86171907551449,40.656486535408774],[-73.86172116687735,40.65646960728453],[-73.8617197863459,40.65645165019687],[-73.86170887233581,40.65641801263449],[-73.86167147492027,40.656335430689],[-73.86164254686429,40.65628276962383],[-73.8616216786742,40.6562544781604],[-73.86160467765426,40.65623788277138],[-73.86157105571216,40.65621071510758],[-73.86153977051376,40.65618857243574],[-73.86148126351107,40.656154312924315],[-73.86140677133419,40.65611598629435],[-73.86135253585473,40.656091765435676],[-73.8612488410894,40.65605232107546],[-73.86119088182288,40.65602601815305],[-73.86112869237957,40.65599036721936],[-73.86107799060451,40.6559563114369],[-73.86105230409086,40.655934378010045],[-73.86099157622269,40.6558692548115],[-73.86094517208427,40.6558213415887],[-73.86091968444516,40.65580104731503],[-73.86084832863358,40.65575372973895],[-73.86081838146018,40.65573147232106],[-73.8607865200917,40.65570121327646],[-73.8607714497065,40.655683217992916],[-73.86076853821181,40.65567488557692],[-73.86077040347028,40.65567121642257],[-73.86078004588327,40.65566683716803],[-73.86080163102017,40.655661813187166],[-73.86081670839796,40.65566115604445],[-73.86084379364497,40.655664902553056],[-73.86089085947002,40.655678366398725],[-73.86094095878835,40.65569838065902],[-73.86109041217416,40.65576944913212],[-73.86115624165534,40.655799067408644],[-73.8614265566083,40.655904463138654],[-73.86154455303873,40.6559603256909],[-73.86158795164631,40.6559855870253],[-73.86164277238629,40.65602123244896],[-73.86168445942616,40.65605137249556],[-73.86172222170882,40.65608564028578],[-73.8617817185912,40.6561426731638],[-73.8618045491978,40.65616034534648],[-73.86184213319385,40.656180843061755],[-73.8619484044136,40.65622573721162],[-73.86200698077363,40.656251193104055],[-73.86213170881709,40.65631618717448],[-73.86231327631333,40.65641656657726],[-73.86237386345846,40.65645275706209],[-73.86245627806896,40.65650814654625],[-73.86248572236975,40.65653042544636],[-73.86252246810457,40.65656255572721],[-73.86255702411873,40.656595766702736],[-73.86258155708832,40.656622974547545],[-73.86261106069631,40.65666071087656],[-73.86263461293217,40.65669449221982],[-73.8626566805509,40.6567337658453],[-73.86267766691486,40.656778461994925],[-73.86268964797671,40.65681328131619],[-73.86269815147605,40.656868199647],[-73.86270573724681,40.65695594436134],[-73.86271226335062,40.65699667357078],[-73.8627230836235,40.65705431963091],[-73.86272175176606,40.657084974372204],[-73.8627140050006,40.65712888068245],[-73.8626956031457,40.657202060015535],[-73.86266786851593,40.65729628501212],[-73.86265275224292,40.6573346164172],[-73.8626022057816,40.657446462504275],[-73.86259127830002,40.65747705174909],[-73.86258857036572,40.657506947508026],[-73.86258933725087,40.65752844738742],[-73.86259407623704,40.65753607233024],[-73.86261274667872,40.657551905924734],[-73.86262051213998,40.65755926792798],[-73.86262043104016,40.65756477179624],[-73.86261670055308,40.657569846261296],[-73.86260877201035,40.65756989982747],[-73.86259782242607,40.65756585783118],[-73.8625764182721,40.65755282247929],[-73.86255676363756,40.65754463940309],[-73.86254334808966,40.65754200286491],[-73.862531239159,40.65754338689794],[-73.86251557531308,40.65754784555115],[-73.86250716156596,40.6575532548106],[-73.86249931370789,40.65756464868694],[-73.86249434965728,40.65757844589035],[-73.86249529688268,40.657591606290055],[-73.86249824832602,40.657612255090484],[-73.86249490305941,40.65761687795213],[-73.86248349197365,40.65762275189586],[-73.8624537957864,40.65763007181846],[-73.86242456846213,40.65763193425552],[-73.86239838405125,40.65763014962611],[-73.86238066894163,40.657625842867866],[-73.86236992879412,40.65761714992582],[-73.86235943000493,40.65760094245015],[-73.86235340784117,40.65758425675257],[-73.86235401665839,40.6575648459183],[-73.86235945330232,40.65754322918934]]],[[[-73.85717162429512,40.65232973966958],[-73.8571527569576,40.65232652570101],[-73.8571318302414,40.6523165399738],[-73.85708482518262,40.65228389631422],[-73.85705250134349,40.652258582192644],[-73.85701597772037,40.6522261082214],[-73.8569875465235,40.65219682853449],[-73.85696493654801,40.65216516160134],[-73.85695702771649,40.65214584104666],[-73.85695644066129,40.65213674598017],[-73.85696088626611,40.65212576518339],[-73.85697218818446,40.65211158886808],[-73.85698309876192,40.65210401826878],[-73.85699556675463,40.65210185271593],[-73.85702408212714,40.65210231951578],[-73.85704602216174,40.65210728703229],[-73.85719333390941,40.65218167276001],[-73.85723928553172,40.6522109660398],[-73.85726909230247,40.65223510360979],[-73.85729284989758,40.65226153809319],[-73.85730026890486,40.652275533250894],[-73.85730104001007,40.652286496219084],[-73.85729534825684,40.65230354497715],[-73.85728798663212,40.652310259113946],[-73.85727129188203,40.65231617461536],[-73.85723237415746,40.65232387617526],[-73.85719898452884,40.65232857685408],[-73.85717162429512,40.65232973966958]]],[[[-73.85832973430414,40.66119326152802],[-73.85834536577342,40.661181753253594],[-73.85836318692525,40.6611731977687],[-73.85839226945488,40.66116735499604],[-73.85843518835952,40.66115612704024],[-73.85847599994662,40.66114212918538],[-73.8584928617393,40.661138175045245],[-73.85850855464969,40.66113893637572],[-73.8585526659278,40.66114814348636],[-73.85867303958202,40.66117248564677],[-73.85870575168086,40.66118487102753],[-73.85872342323972,40.661191091895375],[-73.85874805599504,40.661193574255314],[-73.8587679505183,40.661192627925395],[-73.85878123152425,40.661189270892194],[-73.8587840329446,40.661186474622376],[-73.85878366071968,40.661170146881986],[-73.85878560522207,40.66116268487928],[-73.85879607488154,40.66115340349021],[-73.85881639348351,40.66114204768976],[-73.85884945189564,40.66112936935014],[-73.85887825177534,40.66111232997322],[-73.85894176334196,40.66106520274407],[-73.85897966700686,40.66103550692482],[-73.8589899905098,40.661023180689014],[-73.85900032547647,40.661000394054504],[-73.85901468869538,40.66096110947161],[-73.85901975355794,40.660942595635184],[-73.85901533644832,40.66092039336421],[-73.85901747593971,40.66090570224144],[-73.85903578284419,40.66086809745159],[-73.85904140425112,40.66085425528066],[-73.85904717275936,40.660815566209024],[-73.85904649755466,40.660778622548825],[-73.85903939765177,40.66074730195196],[-73.85903052108225,40.66072798127556],[-73.85901183165436,40.660704326987585],[-73.85898655013395,40.66066200048799],[-73.85896267878009,40.660630030763336],[-73.85895339607258,40.66061377674564],[-73.85894729151985,40.66059103029044],[-73.85894426724937,40.66055438992405],[-73.8589454890866,40.66051342597623],[-73.85894993781808,40.66048317944304],[-73.85895562643951,40.660464945533796],[-73.85896677285115,40.66044536663904],[-73.85897915668424,40.66043113743434],[-73.85899107834746,40.660424645809535],[-73.85902799781181,40.66041395689184],[-73.85906081505412,40.66040721530791],[-73.85908522933623,40.660404949799705],[-73.85910224249024,40.66040704903495],[-73.85913687949935,40.6604149214571],[-73.85914406146844,40.660414101775665],[-73.85916284645435,40.66040536093958],[-73.85917250206234,40.66040350778922],[-73.85918845237771,40.66040717351165],[-73.85924265668308,40.66042336181965],[-73.85929036053814,40.66043963670477],[-73.85931172922022,40.66044327391783],[-73.8593468388234,40.66044238932101],[-73.85939360309187,40.66043824197673],[-73.85945016121667,40.660441828519104],[-73.85948253646787,40.66044224268825],[-73.85950942889683,40.66044017012646],[-73.85954793531589,40.66043168384526],[-73.85958063025333,40.6604212291297],[-73.85964671693867,40.66039060393601],[-73.85977831065073,40.6603316247339],[-73.85987966847593,40.66029007949573],[-73.85990584793046,40.660277797705156],[-73.85992603281099,40.6602651447999],[-73.85993982791837,40.66025223646859],[-73.85997375150671,40.66020959053304],[-73.86001059274452,40.66016279224939],[-73.86004230913755,40.66013167563582],[-73.86011184324205,40.660077501330456],[-73.86014575138866,40.66005058646729],[-73.86017833787567,40.66002008952947],[-73.8602099093355,40.65998357859251],[-73.86022506810414,40.65996994246464],[-73.86026492418631,40.65994527528146],[-73.86029637395936,40.65993125730239],[-73.86031289216477,40.65992742044591],[-73.86034494020814,40.65992303331577],[-73.86040120099112,40.65991030255109],[-73.86042815231012,40.65990653056934],[-73.86046833370851,40.659904362243154],[-73.86047990386768,40.659903553204394],[-73.86050895257927,40.65991126714861],[-73.86055169173991,40.659925503923276],[-73.86057322040315,40.65993798327892],[-73.86060848585574,40.65995971498656],[-73.86064551529614,40.65997764593444],[-73.86067260490779,40.65999429149916],[-73.86070282352001,40.660016567280856],[-73.86072506481868,40.66002814155013],[-73.86074811573545,40.66003707917914],[-73.86078400582927,40.66004456540001],[-73.86081828728231,40.660052260384354],[-73.86084057721025,40.66005300956784],[-73.86089058654674,40.66004969491772],[-73.860928139895,40.660043836533454],[-73.86095200532066,40.66003531857225],[-73.8610102234764,40.66000710007243],[-73.86111012446686,40.65996039742675],[-73.86116639143133,40.6599287320119],[-73.86119227715271,40.659909674979865],[-73.86120909221465,40.659893852463334],[-73.86121784612344,40.65987973390375],[-73.8612287915706,40.65985066399157],[-73.86123544645916,40.65982122689438],[-73.86123745767654,40.659785521094676],[-73.86123278722656,40.659763137597025],[-73.86121342679608,40.65970709213595],[-73.86119715664583,40.65966791889699],[-73.86118155279841,40.65964042167111],[-73.86116132328307,40.65961961420864],[-73.86112930915588,40.65959587663958],[-73.8611066773861,40.65958445596475],[-73.86109312349683,40.65958164439103],[-73.86105733467792,40.65958297895882],[-73.86102292568285,40.65958211701889],[-73.86100562923437,40.65958325238447],[-73.86099199541012,40.65958986191804],[-73.86096514129865,40.659610615210916],[-73.86095371712562,40.65961743362929],[-73.86094396487188,40.6596186447432],[-73.86092483594433,40.65961618031326],[-73.86091042550046,40.659611303695854],[-73.86090091815568,40.65960564685403],[-73.86089945978125,40.65960184490592],[-73.86091403099753,40.65959143002864],[-73.86091842763156,40.65958628078165],[-73.86091736726557,40.659578178442615],[-73.86091149872652,40.65957353818321],[-73.86089099970593,40.65956633987059],[-73.86086125041466,40.65955950227916],[-73.86085087092296,40.65955415955935],[-73.8608383535876,40.65954252593732],[-73.86082289313505,40.659522332033994],[-73.86080786478968,40.65948943775008],[-73.86079183895241,40.65946025959384],[-73.86075404607269,40.65940880599669],[-73.86072923976772,40.65937645188211],[-73.8607185189608,40.65936639272585],[-73.86069317288529,40.65935130627709],[-73.86068390971103,40.659342569041726],[-73.86067765769265,40.65932395947529],[-73.86066342230613,40.65930607776208],[-73.86062103550904,40.65926316536872],[-73.86059454851524,40.659230475996374],[-73.86058767204607,40.659218152182085],[-73.86058093007121,40.659192964634826],[-73.8605719068409,40.65913959892361],[-73.8605592139116,40.65910284871788],[-73.86055178408567,40.6590780655677],[-73.86055061364506,40.65904345094888],[-73.86055437073321,40.65901388610342],[-73.86056362520173,40.65898150029623],[-73.86057365910258,40.65895921203786],[-73.86059523524015,40.658931850742924],[-73.86065521470432,40.65886503656321],[-73.86069216204149,40.65882743517172],[-73.86071551371845,40.65880822568993],[-73.86074153936272,40.65879110143777],[-73.86076062208932,40.658782158984415],[-73.86078285509105,40.65877825153345],[-73.8608301897338,40.658773869261026],[-73.8608512179088,40.658767629799165],[-73.86088081753446,40.65875420736485],[-73.86091121307265,40.65873732879763],[-73.86093604458466,40.65871951416141],[-73.86099926791307,40.658664781467216],[-73.86107260894674,40.658600736097156],[-73.86110496732549,40.65856850602138],[-73.86112727434858,40.65853865377571],[-73.86114946036687,40.65849761784935],[-73.86116357833261,40.65846110538708],[-73.86116672387072,40.65844342571608],[-73.86116643101873,40.658398913669096],[-73.86115960903734,40.658360400194745],[-73.86115210071644,40.658340879612595],[-73.86113055881569,40.658309961344095],[-73.86109548614077,40.65827208193916],[-73.86106712186739,40.658247749010876],[-73.86099645898777,40.658197990175985],[-73.86095434724085,40.658168017772205],[-73.86094244311776,40.658162409364834],[-73.86090797033094,40.65815449715842],[-73.86086272478332,40.65814734995852],[-73.86082049441384,40.65814310605656],[-73.86079160639325,40.65814203730398],[-73.8607437157534,40.65814617844892],[-73.86071487810334,40.65815156735135],[-73.86068981393507,40.65815912296006],[-73.860669136183,40.65816808148041],[-73.86063999801527,40.65818769457946],[-73.86061967009725,40.65819616543413],[-73.86058131575837,40.65821121253112],[-73.86056580451434,40.658220029610064],[-73.86054746537117,40.65823648325159],[-73.86051458079949,40.658272615378024],[-73.86050189884915,40.65828273262489],[-73.8604671717026,40.65829748961337],[-73.86043310824533,40.65831491292936],[-73.86039684614703,40.65833704507603],[-73.86034047101869,40.658375656582116],[-73.86025973768035,40.65841832682182],[-73.86020178224824,40.6584503391465],[-73.86015106013302,40.65848228909563],[-73.86009607258684,40.65851995752549],[-73.86007580742508,40.65852999796274],[-73.86004922398587,40.658539037438],[-73.86002163881982,40.658545897335564],[-73.85999906278799,40.65854818238941],[-73.85995198620385,40.658546849948074],[-73.85986461744427,40.65854057049021],[-73.8598292913423,40.65853466867816],[-73.8597781036852,40.6585190786606],[-73.85973634220862,40.65850264552369],[-73.85971325278264,40.65848984442124],[-73.8596817602103,40.65846432225467],[-73.85963625824061,40.65842108600873],[-73.85962550157434,40.65840686541253],[-73.85962234302669,40.658395694236454],[-73.85962517083763,40.658368483138695],[-73.85962371296603,40.6583538128248],[-73.85960274396393,40.65832576311784],[-73.8595854454292,40.65830162883652],[-73.85958216653917,40.65828921119562],[-73.85958064430277,40.658254003592965],[-73.85957592780487,40.65822235273801],[-73.85956647587705,40.65816524206426],[-73.8595667248792,40.658140764492394],[-73.85957056611365,40.658110168685354],[-73.85957617880722,40.65808738253039],[-73.859598065007,40.658040858778364],[-73.85961747577169,40.65798894780453],[-73.85962784353069,40.657965986445994],[-73.85965234036114,40.65792910861425],[-73.85970165141568,40.65786407663835],[-73.85971856762757,40.657846185969966],[-73.85973387472546,40.65783493105408],[-73.85976745911063,40.657818122413936],[-73.85986835762357,40.657774444191936],[-73.85992182143721,40.657749836024436],[-73.85995253350815,40.65773190448844],[-73.85998095542963,40.657711009253646],[-73.86001497213705,40.65767182049654],[-73.8600330606229,40.65765196177572],[-73.8600705349139,40.657618356818105],[-73.86008980717675,40.65759222021716],[-73.86011042715857,40.65755493774105],[-73.86012496142975,40.65752138410945],[-73.86013591109791,40.657483575672714],[-73.8601424280578,40.657448415671354],[-73.86014349944173,40.657425820278306],[-73.86014008828215,40.6573783255178],[-73.86013447484828,40.65732770238134],[-73.86012889760137,40.65731058125639],[-73.86012209544492,40.65730355524847],[-73.86011172821854,40.65730158131254],[-73.86010347404473,40.657302429467286],[-73.86009724462812,40.657308168995925],[-73.8600867173219,40.65732557761066],[-73.86007665510067,40.6573337834971],[-73.86005986278488,40.65734232429213],[-73.86004337194186,40.657348071144455],[-73.8600172134295,40.65735093267663],[-73.85999088572586,40.6573498965554],[-73.8599675423773,40.65734500264057],[-73.85995231570351,40.65733829775664],[-73.85994531183732,40.657328792366805],[-73.8599345164185,40.65730717489618],[-73.85992332726086,40.65729456122364],[-73.85991208395397,40.65728690123316],[-73.85989710939532,40.657285153099544],[-73.85987147353262,40.657283518949185],[-73.85985949513798,40.65727341945547],[-73.8598490527346,40.65726671048095],[-73.85983165616969,40.65726118171498],[-73.85980128125519,40.65725549574674],[-73.85974676766831,40.65725202983326],[-73.85970075236673,40.65725084176426],[-73.85970655924609,40.65725486425646],[-73.85972795031824,40.657263124681165],[-73.85977501435228,40.657272244879195],[-73.85979305581886,40.657276990989274],[-73.85980797418722,40.6572840935475],[-73.85981617403068,40.657290531438285],[-73.85981849019458,40.65729629037163],[-73.85981684031839,40.65730376896328],[-73.8598117058538,40.65730612386357],[-73.85979834364039,40.65730687842045],[-73.85977761026882,40.65730186247632],[-73.85965438616583,40.65726581574441],[-73.85959971143498,40.657247336129736],[-73.85956498158137,40.65723376975386],[-73.85955464464031,40.65723258826043],[-73.85953108700964,40.65723683605331],[-73.85950488550257,40.65724889350563],[-73.85943452050132,40.65729002604328],[-73.85940980129429,40.65730679409358],[-73.85938576347522,40.657332394350895],[-73.85933495012763,40.65739268763377],[-73.85930358408945,40.65742466178261],[-73.85925853073756,40.65746460857085],[-73.85924681559959,40.65747884132965],[-73.85922800537203,40.65751338829229],[-73.85920891967208,40.657538381320045],[-73.85916418439393,40.65759059171312],[-73.85913655025307,40.657621907604025],[-73.85912237908362,40.657633897754145],[-73.85909303720284,40.65765300142067],[-73.85908487253946,40.65766294844483],[-73.85907598350636,40.65768889858497],[-73.8590648390016,40.65771956197302],[-73.85905684318261,40.65773297889746],[-73.85903744409933,40.65775400833307],[-73.85902624900056,40.65776271612861],[-73.85900072971532,40.65777522185918],[-73.8589335874934,40.6578145669094],[-73.85891376346653,40.65783130033262],[-73.85889648169476,40.65785979583355],[-73.85888394746492,40.65787993764894],[-73.85887426140036,40.657888531114104],[-73.85884899348518,40.657898440926324],[-73.85883776301755,40.657904840632675],[-73.85882620678176,40.65791710501106],[-73.85882016038632,40.65792959407644],[-73.85880854761874,40.657978062804084],[-73.85879941690985,40.65800471412884],[-73.85878586946716,40.65802475022937],[-73.85876771489998,40.65803873549516],[-73.85876337250465,40.65803945958271],[-73.85876429633397,40.65803316609723],[-73.85877322234943,40.65802054639337],[-73.85878862409609,40.6579942791861],[-73.85879555122057,40.6579757514303],[-73.85879909418841,40.657948804180265],[-73.8587978434556,40.65794529963038],[-73.85879022221694,40.65795489249645],[-73.85878004252639,40.657978809460204],[-73.85877500567763,40.65798528250222],[-73.85877046903518,40.657986718661206],[-73.85876152571726,40.65798517229707],[-73.8587578335395,40.65798093893146],[-73.85875566667782,40.65797059742499],[-73.85875909315737,40.657962932822336],[-73.85877822967338,40.65794423545291],[-73.85879807762086,40.657919584729434],[-73.85881087236956,40.6579054271845],[-73.85882583842475,40.65789727695636],[-73.85885135052364,40.6578859698451],[-73.8588639134133,40.65787464323795],[-73.85888423625182,40.65784906825032],[-73.8589045296181,40.65781953004367],[-73.8589316495281,40.65779494675054],[-73.8589579825997,40.65777618163278],[-73.85900530315448,40.65774741497039],[-73.85902102538967,40.65773448479419],[-73.85902747159264,40.65772134693465],[-73.85903410912228,40.65769600729172],[-73.85904841312116,40.657656981967015],[-73.85905083898827,40.65763765712401],[-73.85904810960031,40.65762546526963],[-73.85904024141203,40.657615977676606],[-73.85903264449917,40.657611854800685],[-73.85901462376665,40.65760735173681],[-73.85897957415436,40.657599579625646],[-73.85897567640392,40.657596944434076],[-73.85897821053997,40.65759241703544],[-73.85898692921502,40.657586097083545],[-73.85900535139163,40.65758136673326],[-73.85900885919997,40.657578278654526],[-73.85900899989113,40.65756598045394],[-73.85900497657539,40.65755897579654],[-73.85898676302101,40.65754668661405],[-73.85896986604045,40.65753752474059],[-73.85896702637012,40.65753276112117],[-73.85896756105295,40.65752427259439],[-73.85897110054927,40.657522974785245],[-73.85899149908866,40.657530883828215],[-73.85910174811866,40.65753838246594],[-73.85911432156728,40.657501288424534],[-73.85912373227988,40.65748473762534],[-73.85912934358795,40.65747945395499],[-73.85913456351727,40.65747864177699],[-73.85914835952323,40.65748302888516],[-73.85916211377594,40.657488710885275],[-73.85916878428327,40.657485803175696],[-73.85917410104466,40.65747945112825],[-73.85917576470642,40.65745987680611],[-73.85918113384197,40.65743711468446],[-73.8591923525053,40.657411605039115],[-73.85920943377636,40.65738218891783],[-73.85921954770052,40.65737138967885],[-73.85925470913271,40.65734405246113],[-73.85927375126273,40.657325665571506],[-73.85930916031899,40.65728686054419],[-73.85933656930709,40.65726464316873],[-73.859381252858,40.657234000048476],[-73.8594123153129,40.657216968701526],[-73.85949709987713,40.657177176652766],[-73.85954028144134,40.65716063644837],[-73.8595614343739,40.65715617499638],[-73.85959157371987,40.65715521131605],[-73.85962108579902,40.657160134448596],[-73.85965141128314,40.657161185438405],[-73.85970464382264,40.657159202601655],[-73.8597312666193,40.65716157371597],[-73.85976818796932,40.65716594752487],[-73.85978034339205,40.657164942056916],[-73.8597926636326,40.657160343722],[-73.85980156249641,40.657161620697146],[-73.85984770863956,40.65717592132707],[-73.85986875324656,40.65718530605032],[-73.8598864300032,40.65719760704699],[-73.85990576382322,40.65722265328832],[-73.85991732934536,40.65723622287057],[-73.85992819835685,40.65724305662985],[-73.85993429748295,40.65724305775342],[-73.8599567354434,40.65722972949304],[-73.8599893805742,40.65721011362988],[-73.86001142968189,40.65720232577229],[-73.86005403392389,40.657188685240804],[-73.86006940119702,40.65717908460432],[-73.86012326583881,40.65713392340848],[-73.86015779622149,40.65710673103106],[-73.86017758488227,40.65709477189584],[-73.86021346112283,40.657080432429204],[-73.86022771465467,40.65707187411828],[-73.86023443508563,40.65706259164097],[-73.86024188507787,40.657044848783144],[-73.86024517352338,40.657021690556704],[-73.86025256497126,40.65700536144011],[-73.86027119096296,40.656979981357665],[-73.8603002787699,40.656948643544915],[-73.86033552151434,40.656918861188856],[-73.86037012295677,40.6568943451729],[-73.86044520301299,40.65685526916293],[-73.86052456196886,40.65680955337052],[-73.86060438630588,40.65676289524494],[-73.86065245396519,40.65673976875274],[-73.86075214008669,40.65669691225792],[-73.86082867336332,40.65666839632982],[-73.86086491526996,40.65665770960304],[-73.8609105421855,40.65664989696067],[-73.86097978203848,40.65664348973417],[-73.86112913357117,40.65663330879005],[-73.86118559185876,40.65663052049779],[-73.86121799629417,40.65663136826575],[-73.86124559987903,40.65663567902849],[-73.86132597699076,40.65665438786714],[-73.86136125935046,40.6566610077825],[-73.86139929677682,40.65666480518152],[-73.8614266720233,40.65666463464824],[-73.86144220119984,40.6566606181351],[-73.86145606229124,40.65665130726654],[-73.86147020173176,40.656636072223925],[-73.86148787451566,40.65660935442733],[-73.8615175401881,40.656553908335056],[-73.86153851541899,40.65650843221447],[-73.86154862279737,40.656474332760126],[-73.86154968908777,40.65645623363224],[-73.86154494110812,40.656435374622085],[-73.86153778636407,40.65642443732322],[-73.86151861453654,40.65640832288676],[-73.86148174305015,40.656382928907554],[-73.86143544536858,40.65635458156898],[-73.8613298607936,40.65629399714784],[-73.8610726340803,40.656139183069634],[-73.86086497845905,40.65601510453344],[-73.86078507648044,40.655963494618014],[-73.8607037629623,40.65590670856043],[-73.86063618760652,40.65585647955407],[-73.86055217191678,40.6557852566106],[-73.86042380102478,40.65567388872396],[-73.86034089799426,40.6556102304258],[-73.86027006766349,40.655561282288964],[-73.86021390697188,40.655529676104585],[-73.86011344392108,40.65548075308874],[-73.86006449362011,40.655454878392575],[-73.8600316444706,40.655433515054526],[-73.86000447183346,40.65541006130962],[-73.85988694894581,40.655297576770366],[-73.8598420149403,40.655256240472234],[-73.85978317825469,40.65520693023043],[-73.85968081968372,40.65512582810922],[-73.85959933971421,40.65506029342655],[-73.85955089624414,40.655018013488714],[-73.85949423436622,40.65495976180644],[-73.85945870928198,40.65491732921246],[-73.85942264105843,40.6548599617499],[-73.85938163156979,40.654780720050965],[-73.859353768554,40.6547176073851],[-73.85931267505092,40.65460988036539],[-73.85928730881538,40.65455322384953],[-73.8592284820996,40.65443355404099],[-73.85921242660403,40.65439019694953],[-73.85919980886649,40.654361741337176],[-73.85919179145954,40.65435197710879],[-73.85917113676709,40.65433535166761],[-73.85912800922527,40.654303612318365],[-73.85901068299151,40.654204320599156],[-73.85896282975254,40.654162970466665],[-73.85894540174122,40.654144770332536],[-73.85893555931851,40.65412467850535],[-73.8589243842007,40.654095702330444],[-73.85890593888708,40.65406542139027],[-73.85889045196662,40.65404743705155],[-73.85885476090874,40.65401624072901],[-73.85884348491328,40.654003113543745],[-73.85882891362115,40.653976550182115],[-73.85882274344533,40.65395886003171],[-73.85881608433901,40.65392078154675],[-73.85880621481215,40.65389788726168],[-73.85877822858289,40.65385096111406],[-73.85872251654499,40.653773218489334],[-73.85869772487744,40.653734291046796],[-73.85866902728458,40.653677737456796],[-73.85864593001358,40.65362320520159],[-73.85862862138623,40.65356941938206],[-73.85860379587336,40.65346786082638],[-73.85858836447927,40.65342211083169],[-73.85854900895684,40.653324328280654],[-73.85851578346698,40.65325199740218],[-73.85848686211177,40.653196308886066],[-73.85844998999596,40.653139154439316],[-73.8583475177934,40.65298964308727],[-73.85830593042475,40.65293255482677],[-73.85826224666792,40.65288552906155],[-73.8582076210037,40.65283581885302],[-73.85816806402973,40.65280596832348],[-73.85813045108911,40.65278382501369],[-73.8580822736995,40.65275885723799],[-73.85803381581059,40.65273792521931],[-73.8579663805091,40.652715443367505],[-73.857827542832,40.652675072688325],[-73.85775608731905,40.65265104765789],[-73.85764798790994,40.652610803923935],[-73.85758880827345,40.652592177281534],[-73.85755416494771,40.652584820370144],[-73.85751002350351,40.65258082682473],[-73.85743817278197,40.652579726505365],[-73.85731506559769,40.652581028184294],[-73.85726443174815,40.6525786870461],[-73.85717220129892,40.65256943228699],[-73.85710445207664,40.65255903359616],[-73.85706415353248,40.65255056367415],[-73.85703302069516,40.652541582830935],[-73.85700156604834,40.65252883921307],[-73.85696526426933,40.65251085304374],[-73.85692820937797,40.6524895394109],[-73.85689604243514,40.65246823274834],[-73.8568706998464,40.65244818448908],[-73.85685095043553,40.65242623588756],[-73.85682848149449,40.652388898539094],[-73.85680962535287,40.65234300715628],[-73.85679511676757,40.652290530288525],[-73.85678706769234,40.652238514422876],[-73.8567866325823,40.652203812400785],[-73.8567918920547,40.65216952720519],[-73.85681046768067,40.652076700571214],[-73.85681194786858,40.65205362662709],[-73.85680864090959,40.65202547320175],[-73.8568003390213,40.651988791950544],[-73.85679101235252,40.65196022309445],[-73.85677993784164,40.65193840955207],[-73.85676075497453,40.65190929711365],[-73.8567252920928,40.651864240523466],[-73.85665534195323,40.651780716719],[-73.85661807006802,40.65172636719045],[-73.85657477959253,40.65165131892923],[-73.8565560188833,40.65161016254613],[-73.85654810921362,40.65158526865146],[-73.85654276203347,40.65155143220091],[-73.85653622027938,40.651456197803924],[-73.8565299345194,40.6514129236473],[-73.85651759648879,40.651369006173695],[-73.85649839030533,40.65131293393454],[-73.85647501183922,40.651256213514905],[-73.85644095641145,40.651188118820876],[-73.85640949716112,40.6511344635713],[-73.85639373419976,40.65111351943992],[-73.85636407954662,40.65108171211188],[-73.85629989321728,40.651023547581396],[-73.85673258927895,40.65090692091476],[-73.85686906541473,40.65107110769842],[-73.85699516862228,40.65122739917991],[-73.85704233400743,40.6512814159885],[-73.8571018258954,40.651340779163185],[-73.85719068283996,40.65142226218936],[-73.85727785454516,40.65149849663347],[-73.85749699952312,40.65167525919637],[-73.85761747966953,40.65177392513755],[-73.85790225218292,40.65201523356428],[-73.85821840832885,40.65228813773781],[-73.85833840737494,40.65239779044732],[-73.85840068575692,40.65245833695166],[-73.85844816462104,40.65250821387641],[-73.85849901670109,40.65256988091649],[-73.85856925416954,40.65266491706957],[-73.8586795117552,40.652823641094],[-73.85885510654902,40.65309391227386],[-73.8591761260376,40.65358778172144],[-73.85933447283149,40.653824227366115],[-73.85943455254855,40.6539632807798],[-73.85950833102935,40.65406708091005],[-73.85963291833019,40.65425094595106],[-73.8596616919072,40.65429661572489],[-73.85967846242202,40.65433014266857],[-73.8596850292743,40.65435218365948],[-73.85969815799923,40.65442900037186],[-73.85970647980659,40.65446554544739],[-73.85971952998646,40.65449932629515],[-73.85973337849569,40.65452345726118],[-73.8597567745877,40.65455396833214],[-73.85978235720604,40.6545821227061],[-73.85980866692697,40.65460526207414],[-73.8598687901361,40.65465655321331],[-73.8599076368122,40.654702332450995],[-73.85993171597106,40.65472914498881],[-73.85995067957197,40.654745468360616],[-73.85996965604625,40.654758479639035],[-73.85998433833144,40.65476456880676],[-73.86002488916306,40.65477251840941],[-73.86004490853558,40.65477820973174],[-73.86006319282332,40.65479033224145],[-73.8601119662659,40.65483095901438],[-73.86016951246015,40.654881016752455],[-73.86020845826476,40.6549174567336],[-73.8602961724047,40.655003304341456],[-73.86036029171987,40.655064212204806],[-73.86040228337461,40.65510022086686],[-73.86045592946915,40.65514054272698],[-73.86051228712563,40.65517907221713],[-73.86055943937367,40.6552064321997],[-73.86062360653669,40.65523785430751],[-73.86070455259633,40.65526973435263],[-73.86081975309511,40.65530922465025],[-73.8610099813908,40.65536727874885],[-73.86111540688034,40.65540176806669],[-73.8611709673986,40.6554224912259],[-73.86121510289868,40.65544171741981],[-73.86126724016442,40.65547049063552],[-73.861374795074,40.655535915079305],[-73.86150644963067,40.6556114407369],[-73.86156044495587,40.65564638460484],[-73.86159315340606,40.65567315854873],[-73.86163693617439,40.65571721504039],[-73.86171693601179,40.65580165196766],[-73.86180156746455,40.655881613425535],[-73.86183985477307,40.65591413930629],[-73.86188805261368,40.65594985500285],[-73.86200975136462,40.65603275867554],[-73.86217741367513,40.65614053828063],[-73.86225160653348,40.65619234120473],[-73.86239560965203,40.65630149876145],[-73.86253038847666,40.656398853729435],[-73.86258372871039,40.656442411584884],[-73.86264616141507,40.65650004996608],[-73.86270772905098,40.6565615279894],[-73.86274656058265,40.65660465871373],[-73.86277923936808,40.65664516427899],[-73.86279734382546,40.65667219781229],[-73.86282173407092,40.65672574738586],[-73.86283743605563,40.65678199985406],[-73.86284932202463,40.656822277984794],[-73.8628584635971,40.65684009302455],[-73.8628741238827,40.656859134235866],[-73.86289321520313,40.656876670266804],[-73.86289813304043,40.65688471865432],[-73.8629013101894,40.65690087953373],[-73.86289982548644,40.656916191071154],[-73.86289372962791,40.65692957360587],[-73.86288291344397,40.65694293880658],[-73.86287766353956,40.65695665103793],[-73.86287748279824,40.65697324916853],[-73.86288374492275,40.657004392040264],[-73.86290215878536,40.65706333307479],[-73.86290419268651,40.65707940704191],[-73.86290220882248,40.657099975207565],[-73.86289740969742,40.65711182930796],[-73.86288542165656,40.65713037829386],[-73.86288184431251,40.65714783597174],[-73.86287850405417,40.65717765984375],[-73.86286977668534,40.65720624718577],[-73.86286231656388,40.6572211958936],[-73.8628507747403,40.65723434500194],[-73.86283469616117,40.657244449451305],[-73.86282572577595,40.6572526190581],[-73.86281357594044,40.65727162260488],[-73.86280584609196,40.65729524747695],[-73.86280466044683,40.65731461980428],[-73.86281044329606,40.65732812096203],[-73.86282787904453,40.65734922558144],[-73.86284942800744,40.657367162578275],[-73.86286809524388,40.65737593336618],[-73.86289689367781,40.65738535019207],[-73.86294113375553,40.65739541217205],[-73.86297152212505,40.6574033432182],[-73.86298415914517,40.657410231924956],[-73.86298795961781,40.65741712271211],[-73.86298812830675,40.657432863965234],[-73.86298329152251,40.65744059635364],[-73.86297262678053,40.65744985808258],[-73.86296314844378,40.65745432146387],[-73.862948472224,40.65745406894277],[-73.86291309893743,40.657445958149644],[-73.86285202634052,40.65743135549022],[-73.86283603499425,40.6574289158298],[-73.86282577236433,40.65743008146867],[-73.86281866802896,40.657435878634566],[-73.86281118744884,40.657446957789105],[-73.86281036382795,40.65745703720367],[-73.86281383034218,40.65747164053366],[-73.86282011600677,40.65748099360457],[-73.86284337975398,40.65750172335214],[-73.86286065827701,40.657519383297874],[-73.8628704269411,40.65753533320978],[-73.86255461793357,40.657676986847434],[-73.86175814291703,40.658016656829155],[-73.86172966572958,40.65800337868479],[-73.86171871359205,40.65799542565306],[-73.86169734579428,40.65796715161934],[-73.86166569558299,40.65792388420121],[-73.86165733883405,40.65790688408076],[-73.86164840819792,40.657870687831235],[-73.86164632510113,40.657844259629826],[-73.86165004203566,40.65780014953269],[-73.86165732721726,40.65772146924471],[-73.86166522497844,40.65758230641031],[-73.86167592756031,40.6575047090496],[-73.86171058233788,40.657319183701304],[-73.8617280885997,40.65721824408414],[-73.8617337877935,40.65715161981443],[-73.86173099030871,40.65711101209907],[-73.8617205840584,40.65705654887307],[-73.86170898489657,40.65702082759151],[-73.86169123783824,40.65699096579054],[-73.86165293955719,40.65693552887461],[-73.86163764579365,40.65690355289813],[-73.86163295042714,40.6568835233331],[-73.86163416425897,40.656871815358556],[-73.86164526872899,40.65685069536114],[-73.86165041800218,40.65683716046659],[-73.86164909700132,40.65683155585504],[-73.86163817558622,40.65682085987369],[-73.86160183095598,40.65679444357991],[-73.86156383086232,40.656773754377305],[-73.86154571356464,40.65676737851591],[-73.86153402648098,40.65676554089848],[-73.86151701817109,40.65676721519708],[-73.86146860318252,40.656778938373044],[-73.86143796402675,40.656783805688214],[-73.86134266617275,40.65679145061078],[-73.86126790592351,40.656796436683834],[-73.86123081749345,40.65679683229747],[-73.86120631970242,40.65679443887969],[-73.86116654167544,40.65678494444057],[-73.86109480117753,40.65676561916064],[-73.86104895440414,40.65675576795071],[-73.86101600600885,40.65675093468598],[-73.86098509266228,40.656750619068376],[-73.86095882411342,40.65675307815003],[-73.86093009007354,40.6567601124781],[-73.86088176606607,40.65677635701788],[-73.86082787568986,40.656799663868384],[-73.86076610302693,40.65683261200334],[-73.86067883972537,40.65688898142126],[-73.86049350554616,40.6570026065678],[-73.86044057910229,40.65703978148147],[-73.86039371715793,40.6570787773747],[-73.86035934261017,40.65711574513425],[-73.8603389953221,40.65713925546642],[-73.86032542479178,40.65714577404687],[-73.86030148195542,40.65715501039901],[-73.86029549379998,40.65716131035364],[-73.86028501625432,40.657179837490425],[-73.86026360295399,40.65720813636915],[-73.8602610201737,40.657215612933264],[-73.86026502696527,40.657231688443815],[-73.86028378980579,40.6572804490671],[-73.86028682800503,40.6573084606657],[-73.86028315961647,40.65736793091524],[-73.86028069155543,40.65744314547629],[-73.86027665444091,40.657477671831664],[-73.86026981942565,40.65749986669788],[-73.86026153066598,40.65751834426077],[-73.8602519118615,40.65753106589775],[-73.86021921540265,40.65756159604928],[-73.86018875134377,40.657598364090724],[-73.86014423156168,40.657661501109104],[-73.86011249643612,40.65771566739096],[-73.86009851748744,40.657735310495646],[-73.86008606679383,40.65774625195238],[-73.86004574591438,40.657765918837555],[-73.86002985106377,40.657776110468674],[-73.86000517774218,40.657800862693264],[-73.8599931793282,40.65780982625258],[-73.85997402262323,40.65781747894779],[-73.85992511334581,40.65783378540865],[-73.85986929135663,40.65785851857818],[-73.85982088107863,40.657883803765706],[-73.85978901429868,40.65790366637014],[-73.85976196207291,40.65792486940325],[-73.8597448018994,40.65794237075662],[-73.8597317977142,40.657966245637915],[-73.85971241418514,40.65800862468281],[-73.85970076940204,40.65802314033537],[-73.85969102734464,40.658029161021254],[-73.85967719772063,40.65803562607824],[-73.8596726608221,40.65804281297943],[-73.85966218924489,40.65807015883651],[-73.85965853818438,40.65808738308932],[-73.85965795737368,40.65811558930105],[-73.85966558611055,40.6582086193995],[-73.85967158472671,40.658246887018855],[-73.85968500454153,40.65828798591372],[-73.85971667254347,40.658367812219836],[-73.85973199379372,40.65839712294787],[-73.85974753796549,40.65841433638931],[-73.85977433622328,40.658435294394216],[-73.85979675700102,40.65844778939394],[-73.85982290254522,40.658454685006326],[-73.85986251194423,40.6584598374051],[-73.8599074723862,40.658462591024445],[-73.85995656824407,40.65846127121611],[-73.8600190997614,40.65845642420072],[-73.86006761825145,40.6584501787105],[-73.86011274912526,40.65844158143014],[-73.86014447257904,40.658432629236444],[-73.86017768093556,40.658415914574555],[-73.86022144270136,40.658386885539905],[-73.86035074679098,40.65830108457141],[-73.8604237765581,40.65825197162061],[-73.86046881270742,40.65821734281716],[-73.86050397931918,40.6581914550603],[-73.86052186712381,40.658182177104834],[-73.86057221893763,40.658165397566464],[-73.86059207185504,40.658156189520916],[-73.86061470725501,40.658138999952236],[-73.86063177671834,40.65811728843891],[-73.86064091977094,40.65810872478594],[-73.86065557811119,40.65810231734981],[-73.86068911832083,40.658095290712794],[-73.86075111921998,40.658087271033295],[-73.86079753814973,40.658081750311965],[-73.86083306528654,40.658079635660734],[-73.8608591754264,40.65808137733157],[-73.86090468723448,40.65809124081672],[-73.86096666943052,40.65811033649055],[-73.86101850026124,40.65812879130424],[-73.8610622813267,40.65814700493841],[-73.86109370339616,40.658162272446],[-73.8611203336671,40.65817887683155],[-73.86117120553814,40.65821611431925],[-73.8612010787719,40.65824267512274],[-73.8612253546024,40.658269031951974],[-73.86123727466737,40.658287461921624],[-73.86124338838509,40.658305507568826],[-73.86125252692457,40.65835139367037],[-73.86125521542719,40.65839197964796],[-73.86125232698639,40.65840772621988],[-73.86123461940701,40.65845146552055],[-73.8612164933879,40.658503643065465],[-73.86120219952366,40.65853832006653],[-73.86118247621323,40.65857501397676],[-73.86116339419982,40.658604123596426],[-73.86113949416956,40.6586306609209],[-73.8610690364033,40.65869795167978],[-73.86100587561953,40.65876183825058],[-73.86097503039677,40.65879080124742],[-73.86095547513047,40.65880407645649],[-73.86093468751889,40.65881346984138],[-73.86091578308609,40.65881914185867],[-73.86089865134458,40.65881907341498],[-73.8608651712823,40.65881353976413],[-73.86083985386797,40.65881370815184],[-73.86081096148196,40.65881685922546],[-73.86079023286698,40.658821768977774],[-73.86076687562476,40.658831755365156],[-73.86072636914507,40.6588540121514],[-73.86069370515712,40.658876714272196],[-73.86065980378643,40.658904739646154],[-73.86063668234434,40.65892862128142],[-73.86061433579555,40.65896024470148],[-73.8605984142231,40.658990485504475],[-73.86059303729844,40.65901148806668],[-73.86059088033184,40.65904039477318],[-73.86059202534594,40.65906907945154],[-73.86059718697523,40.65909282155334],[-73.86060493206715,40.659112740485895],[-73.86061359489997,40.659124678340824],[-73.86062833532502,40.65913682077264],[-73.86064443242907,40.65914652984623],[-73.86065952045199,40.659151344281916],[-73.86069393046044,40.6591589737227],[-73.86070616507831,40.659164946364335],[-73.86072065765009,40.65917517668496],[-73.86073067812485,40.65918479644129],[-73.86073678555938,40.65919676271095],[-73.86074552985052,40.659229173924565],[-73.86075324129577,40.65924484686498],[-73.86077228426797,40.65927484364789],[-73.86077659499342,40.65928875556037],[-73.860780189159,40.65933268266121],[-73.86078472083084,40.65935518307793],[-73.86080195721611,40.65938677248581],[-73.86082337153205,40.65942112523181],[-73.86084825937601,40.65945523543391],[-73.86086567530522,40.65947447264801],[-73.8608884255583,40.65949254833939],[-73.8609102586729,40.65950586188023],[-73.86094116136731,40.65951587067566],[-73.86098181111525,40.659524891668575],[-73.86108398073995,40.65954116228487],[-73.86111678066153,40.65954811336521],[-73.86114509782666,40.65955842606048],[-73.86117109665183,40.65957132223743],[-73.86119609898985,40.659592574009906],[-73.8612152115737,40.659614831753146],[-73.8612304281396,40.65964091739621],[-73.86126001937834,40.6597038848671],[-73.86129310536836,40.659780880305334],[-73.86129686841969,40.65979778755906],[-73.86129217420529,40.65983857444692],[-73.8612877959673,40.65986616012704],[-73.8612778337892,40.65988187115095],[-73.86125674488731,40.65990294484402],[-73.86121430128777,40.65994267040587],[-73.86118858085979,40.65996355299146],[-73.86117171491337,40.659971995701596],[-73.86111964583147,40.65999059247261],[-73.86106995503549,40.66001075359008],[-73.86102246482233,40.66003320285862],[-73.86096695681216,40.660061493079674],[-73.86092830945013,40.66007311256615],[-73.8608970819968,40.66007808528708],[-73.86081726675008,40.66008401140075],[-73.86077715568068,40.66008303172445],[-73.86075471418256,40.660080112097795],[-73.86073214884303,40.66007307424976],[-73.86070466657699,40.66006096593205],[-73.86068445425913,40.660048920444005],[-73.86064313276246,40.660016597639526],[-73.86059532718521,40.65998561053432],[-73.86055238580462,40.65996569936931],[-73.86049075441503,40.65994433009674],[-73.86046056489563,40.659932503901],[-73.86044790715133,40.659930895529506],[-73.86042581238264,40.659932406806014],[-73.8603996657658,40.659937583670796],[-73.86038069625384,40.65994479630658],[-73.8603549713856,40.65995863665278],[-73.86031963656187,40.659982498891594],[-73.86030134180794,40.659993870924055],[-73.86027340741062,40.66000515920316],[-73.86022028608359,40.66003989966972],[-73.86012499849494,40.66010465352627],[-73.86007197134201,40.66014008653674],[-73.8600393172503,40.66017062838777],[-73.86001978416495,40.660194465634454],[-73.85998151265848,40.660251690173915],[-73.85996284898177,40.660270875494604],[-73.85992810325595,40.660295057113025],[-73.85989238875625,40.66031486282639],[-73.85984505539737,40.66033721994703],[-73.85978926138579,40.66035944606621],[-73.85971924397396,40.660385639603646],[-73.85965904660273,40.66041666284911],[-73.85960751835894,40.66044255648952],[-73.85957559991128,40.66045377129699],[-73.85953661509271,40.66046144473634],[-73.85948349620378,40.660464919794315],[-73.85945174443097,40.66046772933974],[-73.85939787619104,40.66047888125561],[-73.85937486593545,40.660481520460436],[-73.85934843590123,40.66048188617477],[-73.85930296689602,40.66047685430813],[-73.85921872345835,40.66046383601148],[-73.85918804095347,40.660455867597086],[-73.8591638692645,40.66044403942313],[-73.85913832185858,40.66043746858219],[-73.85911995464733,40.66043540101312],[-73.85910094140621,40.66043743090537],[-73.85906537666402,40.6604444104732],[-73.85901285180188,40.6604521653013],[-73.85899520548193,40.660457020874674],[-73.85898637397554,40.66046339651934],[-73.85897542407905,40.66047895844783],[-73.85896708999631,40.660498393106586],[-73.85896486094228,40.660512939135984],[-73.85896611269649,40.66055569904739],[-73.85896993048485,40.6605861700395],[-73.85897542918146,40.660601840384025],[-73.85899533617653,40.66063630688442],[-73.85902576346959,40.660677216871036],[-73.85905875261614,40.66071230544057],[-73.85907375109747,40.66072995144833],[-73.85907806787446,40.6607397561692],[-73.85908043262296,40.660767324809704],[-73.85907904344593,40.66079853594736],[-73.85906970674014,40.660836922577765],[-73.85905530765285,40.660885935415294],[-73.85905406032931,40.66090093290745],[-73.85905940959059,40.66091683179569],[-73.85906598795884,40.660929154433255],[-73.85906389690636,40.66093491608415],[-73.85905928536334,40.66093868900558],[-73.85904773135509,40.660941834764444],[-73.85903945767194,40.66095225532075],[-73.85903431870469,40.66096331008029],[-73.85903250319296,40.66098137493907],[-73.8590244304518,40.66099966716441],[-73.8590045610889,40.66103461531106],[-73.85900089806796,40.66104838964007],[-73.85899771143426,40.661076789858335],[-73.85899389832643,40.661083804718416],[-73.85898675892963,40.661086266986686],[-73.858978877901,40.66108602048904],[-73.85896723041115,40.66108806299121],[-73.85895127268013,40.661095103482516],[-73.85893480313639,40.66110762929683],[-73.85891271603377,40.66112879768977],[-73.85889839008082,40.66113700184279],[-73.85886599604179,40.66115034019043],[-73.85884747603133,40.661162274537915],[-73.85883558199566,40.661174641157764],[-73.85881754095108,40.66120219466428],[-73.85880807439865,40.661211880718355],[-73.8587929186193,40.66121601350038],[-73.85875056319864,40.66122250105663],[-73.85873283160012,40.661222290173285],[-73.85871499063506,40.661217325320855],[-73.85870695445843,40.66121048412411],[-73.85869094819279,40.66119575090625],[-73.85867643897066,40.66118829570706],[-73.85866907522613,40.661187241159],[-73.8586581177424,40.66119122419239],[-73.85864846494025,40.661200063518045],[-73.85864242828698,40.66120500894634],[-73.85863228438154,40.66120564305182],[-73.85862436541599,40.6612020879819],[-73.85860990749524,40.66119442211626],[-73.85857168780696,40.66118899453943],[-73.85853166570853,40.661187583743015],[-73.85848437937435,40.66119339875398],[-73.85846261352765,40.66119405006414],[-73.85842791800742,40.661192420656185],[-73.85840509979664,40.661196930278436],[-73.85838337868749,40.661204915443484],[-73.8583498748648,40.66122458381841],[-73.85832664139748,40.6612447646204],[-73.85831837758823,40.661256589944166],[-73.85830165889145,40.661290025378],[-73.85829703816137,40.661303658023876],[-73.85829896945606,40.66131468814068],[-73.85830433328822,40.661334792498245],[-73.85830042182349,40.661361347543846],[-73.85830111131597,40.66139471346791],[-73.8583045325133,40.661430839240914],[-73.85829975241035,40.66146326819246],[-73.85829961113983,40.66149915454176],[-73.85829876744671,40.66154450266358],[-73.85830342879113,40.661590809413504],[-73.85831981499796,40.661680547254626],[-73.85832277088096,40.66172085355542],[-73.85832026315475,40.66175794998607],[-73.85831474999031,40.661780853260744],[-73.85830407733623,40.66180768183903],[-73.85828468110606,40.66183950114342],[-73.85824287944666,40.66189180932499],[-73.85818949857193,40.661948975916886],[-73.85814407641858,40.66199043646793],[-73.85810483959229,40.662017126238936],[-73.85800174404852,40.66208051251673],[-73.85794630873252,40.662119909249604],[-73.85791332613589,40.662142762369335],[-73.85784963666904,40.6621820957291],[-73.85781041663357,40.66220523828187],[-73.85775396019277,40.66223704409851],[-73.85773443312236,40.66225295820818],[-73.85769232000327,40.66229628404197],[-73.85765960057968,40.662329281743155],[-73.85764646466451,40.66233877134999],[-73.85763172255218,40.662344518218084],[-73.85758403307575,40.66235484665417],[-73.85752959900341,40.662369282081954],[-73.85748958234284,40.66238327067935],[-73.85746365691695,40.6623967202044],[-73.85739551998508,40.662440741298035],[-73.85736050480003,40.662461117117154],[-73.85729384460221,40.662493043331075],[-73.85725978367356,40.66251452703918],[-73.85724369219712,40.66252745651105],[-73.85722887395742,40.662546635350765],[-73.85718823040759,40.662614738758634],[-73.85715928077522,40.662661997087966],[-73.85713504058289,40.66269078264171],[-73.85707451106187,40.66275111055602],[-73.8570267075521,40.66279956922746],[-73.85700531078439,40.66282694357476],[-73.85698825705168,40.66285454574525],[-73.85698257904323,40.66287079302488],[-73.85698301026096,40.66288863731304],[-73.85698105037179,40.66289653961797],[-73.85697535302938,40.662900843311085],[-73.85697191761527,40.66289922441196],[-73.8569676146308,40.662883066481356],[-73.85696265334391,40.66286066444493],[-73.85696346439988,40.662848615630246],[-73.85696751090401,40.662843200447625],[-73.85698521831503,40.662833931825894],[-73.85699503789985,40.6628285958609],[-73.8569980118079,40.66281987624598],[-73.85700645492273,40.662808457374936],[-73.85704619872843,40.6627597239441],[-73.85706778279173,40.66273929551244],[-73.8571108839138,40.662703753407406],[-73.8571267370617,40.66268728732646],[-73.8571414754376,40.66266677563518],[-73.8571485610435,40.66265199253563],[-73.8571521520695,40.662620701313564],[-73.85715824169462,40.66257842868252],[-73.85716514198164,40.66255740476602],[-73.85718017038127,40.66253507798654],[-73.85720102351341,40.662512439652744],[-73.85721864492803,40.66249909334525],[-73.85724344715491,40.66248613236304],[-73.85734724848271,40.66243950627073],[-73.85738703876139,40.662419703701694],[-73.85745623212786,40.66237880061289],[-73.85749497409684,40.66235923264304],[-73.85754574902629,40.66233996862829],[-73.85760256208657,40.66232566221026],[-73.85763321832427,40.66231577825437],[-73.85765332323409,40.66230340931364],[-73.85769938410006,40.66226600837947],[-73.8578045606556,40.662183603315725],[-73.85786718458442,40.662138762900646],[-73.85796409606307,40.662076840553425],[-73.8580649257346,40.66201407917416],[-73.85810734110963,40.661983009618595],[-73.85815654704251,40.66194117012731],[-73.85820190888364,40.66189468460931],[-73.8582383744961,40.66185149300922],[-73.85828704638574,40.66178875449445],[-73.85829756575124,40.66177007000898],[-73.85830046288275,40.66175786616281],[-73.85829958673266,40.66173498923794],[-73.85829256417381,40.66166904739803],[-73.85828355852344,40.66162369614822],[-73.85827922085214,40.66159870684669],[-73.85827722539652,40.66156666667709],[-73.85827074343425,40.661546298890585],[-73.85827417264748,40.661520206118375],[-73.85827767750251,40.66148411229171],[-73.85828318781951,40.66144695832482],[-73.85828187299005,40.66141627427211],[-73.85826969729854,40.66137746587663],[-73.85825965620391,40.66134472689655],[-73.85825902371454,40.66132517047859],[-73.85826393727217,40.661300618519455],[-73.85828707722182,40.66125378319648],[-73.8583028630744,40.66122527604854],[-73.85831946847658,40.661203974048114],[-73.85832973430414,40.66119326152802]],[[-73.86157092938423,40.65676450919813],[-73.8615924262692,40.656770817981396],[-73.86163016025138,40.65678070784322],[-73.86164367044063,40.65679064330013],[-73.8616628249198,40.65681176997689],[-73.86168284533792,40.65684412354831],[-73.86172656781318,40.6569233730677],[-73.861759951381,40.65697676077727],[-73.86178592987807,40.657009313300925],[-73.86181474869157,40.657039567507105],[-73.86183663040012,40.65705766628725],[-73.86186417017497,40.657073481841266],[-73.86187791605836,40.657078707844605],[-73.86189660165991,40.65708079156674],[-73.86192432972412,40.65707991623294],[-73.86195805443619,40.65707541449956],[-73.86199438436427,40.65706563884712],[-73.8620231920813,40.65705157670003],[-73.86207224703716,40.65702605091966],[-73.86210271592729,40.657014346499444],[-73.86213769963967,40.65700368127716],[-73.86216939614478,40.6569970077032],[-73.86219101878591,40.65699516503676],[-73.86220750824369,40.65699682643586],[-73.8622498249006,40.65700879367538],[-73.86227366526597,40.65701810656366],[-73.86231266523926,40.65703805560143],[-73.86234381941522,40.65705753867393],[-73.8623714628985,40.65707873932754],[-73.86238683357776,40.65709540108991],[-73.86240430240855,40.657121583834375],[-73.86242082966133,40.65715252558747],[-73.86243137047038,40.657186174339245],[-73.86243574541983,40.65722695952429],[-73.86243314799015,40.65726918170142],[-73.8624242915466,40.65730464160766],[-73.8624136646408,40.65732649076915],[-73.86240198542691,40.65734084366052],[-73.86237365787078,40.6573663079334],[-73.86236691716749,40.6573763757624],[-73.86236775169999,40.65738683087295],[-73.86237619637993,40.65740195977175],[-73.86238545046567,40.657411066974774],[-73.86240778311749,40.657420494197595],[-73.86241622629719,40.65742546344902],[-73.8624180116825,40.657430688588214],[-73.86241238033217,40.65745212498371],[-73.86240346720186,40.657468614510535],[-73.86237587744036,40.657506693219915],[-73.86236133167512,40.657537771597276],[-73.86235341664951,40.657569099246615],[-73.86235385134765,40.65758650947844],[-73.86236095415767,40.65760383043368],[-73.86237188243379,40.6576193432233],[-73.86238234665058,40.657626518462465],[-73.86240207831462,40.65763060790645],[-73.86242914334801,40.657631972145936],[-73.86245920392528,40.6576291498515],[-73.86248564224215,40.657621914283425],[-73.8624960177865,40.65761589501873],[-73.86249847206753,40.65761098382677],[-73.86249455235544,40.657587957402214],[-73.86249471028226,40.65757673803914],[-73.86250081520284,40.65756189489724],[-73.86250839969655,40.65755206400493],[-73.86251887101328,40.65754661578095],[-73.86253370669944,40.657542941389096],[-73.86254536041407,40.657542115132856],[-73.86255918957777,40.657545445563784],[-73.86257926617843,40.65755428742226],[-73.8626001056003,40.65756708706389],[-73.8626113196464,40.65757018022999],[-73.86261746650592,40.65756941042495],[-73.86262078439388,40.657563722214434],[-73.86261991688791,40.657558348688866],[-73.86260818324371,40.65754860728013],[-73.86259252019568,40.657534309959004],[-73.86258881250677,40.65752601986493],[-73.86258875939396,40.6575007134487],[-73.86259180557752,40.657474804686416],[-73.8626117927652,40.65742485342235],[-73.86265620142072,40.6573266059267],[-73.8626700040508,40.657289961423764],[-73.86270303575691,40.65717406638353],[-73.86271572220133,40.657120704228504],[-73.86272240936437,40.657079154209335],[-73.86272245624646,40.65704832683602],[-73.86271048565229,40.65698828222412],[-73.86270501179166,40.65694819724035],[-73.86269677418893,40.65685657771965],[-73.86268833402616,40.6568082305436],[-73.86267500981589,40.656772206526675],[-73.86265273252751,40.65672621208921],[-73.862631494049,40.65668969413753],[-73.86260630497337,40.65665435204184],[-73.86257730601348,40.65661789144795],[-73.86255183565768,40.656590542001254],[-73.86251568529508,40.65655638447514],[-73.8624824182194,40.6565277478582],[-73.86244359116557,40.6564991802259],[-73.86236547890577,40.65644751592055],[-73.86230051386032,40.656409275113965],[-73.86210654499823,40.656302573596186],[-73.86199907564597,40.65624743386294],[-73.86190901478845,40.65620980118867],[-73.86183481534717,40.656177281728155],[-73.86180119579423,40.65615806300683],[-73.86177710127153,40.656138625189826],[-73.86171045404403,40.65607424539138],[-73.86167895929285,40.65604710463007],[-73.8616343215177,40.656015522904596],[-73.86157837432481,40.65597968431093],[-73.8615339731376,40.655954935061175],[-73.86129142220572,40.65585369654215],[-73.8611422410453,40.655793100784514],[-73.86106836763682,40.655758864833146],[-73.86092796615148,40.65569274121487],[-73.86088189111197,40.65567534421932],[-73.860837889828,40.65566373734395],[-73.86081464283932,40.655661084205],[-73.86079925710371,40.65566218492974],[-73.86077778226726,40.655667615177286],[-73.86076992723918,40.65567164449271],[-73.86076853332263,40.6556755285409],[-73.86077319888744,40.65568587663854],[-73.86079031011634,40.65570502255249],[-73.86082246813672,40.65573478306797],[-73.86085915864128,40.655761052345746],[-73.8609255794849,40.65580529498259],[-73.86094903828658,40.655824917717325],[-73.86102013245782,40.65590083987005],[-73.8610561134586,40.655937997291176],[-73.8610845430838,40.655961136221826],[-73.8611382969338,40.655996233983394],[-73.86120025675132,40.65603086524834],[-73.86126036050496,40.65605682315275],[-73.8613592216451,40.6560944768497],[-73.86141839594879,40.65612165555391],[-73.86149256651457,40.65616055181687],[-73.8615435090316,40.65619102544449],[-73.86158166655578,40.65621888026684],[-73.86160847099153,40.65624127238271],[-73.8616240060404,40.65625717440969],[-73.86164737164887,40.65629055049982],[-73.86167631157956,40.65634547187814],[-73.86171239117422,40.65642719674546],[-73.8617201721992,40.656453750668696],[-73.86172107117858,40.656472421288164],[-73.86171862897528,40.6564880414385],[-73.86171289975444,40.65649729727847],[-73.86169860453899,40.656508432105454],[-73.86167778656981,40.65651917546608],[-73.86164727993489,40.65652634652131],[-73.861630245616,40.65653146978916],[-73.86162578314821,40.65653541769466],[-73.86162121019412,40.6565504463407],[-73.86162092618174,40.65657962728382],[-73.86161971640303,40.656596223275],[-73.8616116654648,40.656615433343745],[-73.86159038701942,40.6566497634014],[-73.86156514042455,40.65668116019485],[-73.86153986672308,40.65671136286323],[-73.86153298113094,40.656725123493864],[-73.86153452059578,40.65673428001264],[-73.86154181427153,40.65674552095308],[-73.86155653821966,40.656756884301814],[-73.86157092938423,40.65676450919813]],[[-73.85701053492083,40.652101592165124],[-73.85699089895519,40.65210231428111],[-73.8569799350936,40.65210550919547],[-73.85696881799298,40.65211510300275],[-73.85695837313202,40.65213045646082],[-73.85695628316505,40.65213961573677],[-73.85695871418298,40.65215171722627],[-73.85697115539224,40.652175285759945],[-73.85699691813859,40.65220724117573],[-73.85702764587859,40.65223690013184],[-73.85706385105192,40.65226790675891],[-73.85711303873198,40.65230442266667],[-73.85714011370911,40.65232106726375],[-73.85715929857889,40.65232839159509],[-73.85718014086994,40.65232976645472],[-73.85720990280115,40.65232735940085],[-73.85724220850454,40.65232196037217],[-73.85727747819695,40.652314450595135],[-73.85729044204078,40.65230877810614],[-73.85729694167065,40.652300426657646],[-73.85730139004491,40.65228315482932],[-73.85729899553773,40.652272194349514],[-73.85728643680373,40.65225320484241],[-73.85725825161535,40.652225487026996],[-73.85722920635293,40.652204087075134],[-73.85716143325625,40.65216303743934],[-73.85703765730376,40.65210489206205],[-73.85701053492083,40.652101592165124]]],[[[-73.86912277511568,40.65035295712881],[-73.86898948806139,40.65037029974963],[-73.86925908748391,40.650153513140964],[-73.8694914392654,40.65007459714666],[-73.8695667329751,40.650139709003355],[-73.86973370153262,40.6499765324765],[-73.86989081698606,40.649795746625685],[-73.86989342221285,40.6498142552288],[-73.86988240207295,40.64982196200645],[-73.86985688075843,40.64983204955503],[-73.86983562165808,40.64984278038946],[-73.86982684075171,40.64984992507093],[-73.86982545091654,40.64985507986695],[-73.86983258990105,40.64986473340099],[-73.8698491625082,40.64987872370147],[-73.86985115203805,40.64988434789006],[-73.86984627352543,40.64989718916659],[-73.86983799699888,40.649915482838956],[-73.86983846341701,40.64992488207864],[-73.86984214047844,40.64993699551262],[-73.86984793399749,40.64994785331721],[-73.86985794077857,40.64995839530459],[-73.86986646093783,40.64996188635002],[-73.86989069071353,40.64996356531431],[-73.86991301840483,40.64995964089692],[-73.8699349449298,40.6499522589309],[-73.86994712382433,40.64994452374152],[-73.86995674398601,40.64993020196677],[-73.86997019622464,40.64990609678801],[-73.86998186694504,40.64989338475504],[-73.86998910399176,40.64988913348363],[-73.87000614841615,40.64988611800249],[-73.87003671062938,40.649886024668724],[-73.87006210886145,40.64988874411569],[-73.87007994826607,40.64989399358024],[-73.87009181576994,40.649903471435316],[-73.87010610994055,40.64991450272275],[-73.87012138349242,40.64991803649664],[-73.87012859721234,40.649917262092174],[-73.87013909437513,40.6499103552615],[-73.87014594304762,40.649902140359686],[-73.87014657818916,40.64989716210993],[-73.87014076421588,40.64989071593749],[-73.87012594457015,40.64987934456549],[-73.87012130138848,40.649873360779615],[-73.87012347473595,40.64986534861907],[-73.87012772564377,40.64986087333969],[-73.87013874109641,40.649859208112105],[-73.87021622607806,40.6497814727655],[-73.870232575332,40.64974863219306],[-73.87023638352228,40.649729830961306],[-73.87023754263153,40.649693136138666],[-73.87024150847215,40.64968020556482],[-73.8702467006463,40.64967321889628],[-73.87033546296198,40.64961399914516],[-73.87042240124676,40.649556372989146],[-73.87046265970595,40.649527574730804],[-73.87047853754923,40.64951882786615],[-73.87049353606122,40.649515397571236],[-73.87052192963512,40.6495147406436],[-73.87060329761508,40.64951751666504],[-73.87062197174279,40.64951602840465],[-73.87063988762895,40.64951107319241],[-73.8706653241513,40.64950068820351],[-73.87068540428562,40.64948871047278],[-73.8707226115177,40.64946026439746],[-73.87073763144038,40.649451872237535],[-73.87075632743587,40.64944701874203],[-73.87078551823484,40.64944372772797],[-73.8708450400424,40.64943568631707],[-73.87090819550407,40.64938466630265],[-73.87091320305372,40.649372837308306],[-73.87091018304952,40.64935774573008],[-73.87090078358105,40.649324152140565],[-73.87089802449104,40.64929887148721],[-73.87089946453483,40.64928116260498],[-73.87090382431667,40.64927108979553],[-73.87092001364117,40.64925100659112],[-73.87095274838678,40.64922293724096],[-73.87098191981124,40.649204541757264],[-73.87103318931668,40.649179110982594],[-73.87106246155025,40.649159308981474],[-73.8710907129493,40.64913485915277],[-73.87112491871127,40.6490962058062],[-73.8711394889578,40.64908305294838],[-73.87115818844404,40.649073261848024],[-73.8711891380978,40.64906274964241],[-73.87123100933819,40.64905194888406],[-73.87126020376019,40.64904667841382],[-73.87128686192982,40.64904395446585],[-73.87130370649638,40.64904449831874],[-73.8713254152932,40.64904862267028],[-73.871342354175,40.649054212228656],[-73.8713528543264,40.64906094904726],[-73.8713645975168,40.64907298500611],[-73.87136876110867,40.64908122760694],[-73.87137292891366,40.64909464459216],[-73.87138462066238,40.64910393120811],[-73.87139574997938,40.64910567715187],[-73.87141059444836,40.64910357843204],[-73.87143041080954,40.64909398394874],[-73.87144956495474,40.649083834902925],[-73.87146646251453,40.6490808118371],[-73.87149880132439,40.64907828960105],[-73.87152371234771,40.6490723334859],[-73.87155583372586,40.649058694089035],[-73.8715698045431,40.64904917590081],[-73.8715770767903,40.64903943590785],[-73.87158039395233,40.649026136250775],[-73.87157693318952,40.64902006109012],[-73.87156824887705,40.64901341727208],[-73.87155789510821,40.64900863206039],[-73.87154056729547,40.6490079256116],[-73.87151545872287,40.649012106587584],[-73.8714910818536,40.64902004623978],[-73.87145382654968,40.64903876240737],[-73.8714343152233,40.64904591412885],[-73.87142027184038,40.649047677853886],[-73.8714140800656,40.64904460736708],[-73.8714015322754,40.649031054040314],[-73.87138572724,40.64901135463227],[-73.87137293077168,40.64899126506027],[-73.87136483058457,40.648987054180864],[-73.87135008296697,40.6489867639273],[-73.87132838183685,40.64899032191305],[-73.87131042200494,40.64899793191224],[-73.87128288593934,40.649013856485695],[-73.87126337793805,40.64901927918619],[-73.8712046066169,40.64902952342195],[-73.87118684070442,40.64903466079493],[-73.87115230253099,40.649053851779954],[-73.87108610001967,40.64909545539353],[-73.87101255269005,40.64913532173597],[-73.87097915742208,40.64915833214948],[-73.87090792536391,40.64921569809817],[-73.87087877563813,40.649235086859406],[-73.87084049030138,40.64925682651371],[-73.87081068856162,40.649271598467216],[-73.87075442115136,40.649289750037624],[-73.87129748869543,40.648926211845314],[-73.87246126550352,40.64819348927363],[-73.8731719355838,40.6477223385639],[-73.87338769664976,40.64760891463212],[-73.87338801575089,40.64756162604457],[-73.87334313653201,40.64752651853363],[-73.87339889663367,40.64752969842539],[-73.87347806298582,40.64759932720284],[-73.8734074221783,40.64770725227652],[-73.87334252864031,40.64778695417569],[-73.87302721114325,40.64789888405206],[-73.87244852450516,40.64832735525158],[-73.87199693398287,40.64886152204357],[-73.87135072120829,40.64921128913854],[-73.86969079608929,40.65017984616544],[-73.86919618281928,40.65039160084167],[-73.86912277511568,40.65035295712881]],[[-73.87234165008081,40.64835159209776],[-73.8716556688645,40.648769568875956],[-73.87162048587497,40.64897224535042],[-73.87229721270903,40.648455034868284],[-73.87234165008081,40.64835159209776]]],[[[-73.87828993467042,40.6534056422552],[-73.87827215745223,40.65340756495891],[-73.87825822828283,40.65341242742175],[-73.87824237895153,40.65342568788256],[-73.87823490912622,40.65342993402188],[-73.8782287759414,40.653428702824094],[-73.87821766250043,40.65342100603649],[-73.87821484862948,40.653415055135355],[-73.8782168169025,40.65340038147694],[-73.87823010767325,40.653369556407974],[-73.87824626111446,40.65330886508457],[-73.87824920029276,40.65328826524336],[-73.87824776953026,40.65327729001583],[-73.878240161232,40.65326542213884],[-73.87819879069947,40.65322393019042],[-73.87817924698092,40.653203220990136],[-73.87816646681627,40.65317911859487],[-73.87815277023292,40.65313693192393],[-73.87814493235976,40.653115476881865],[-73.8781330960674,40.65310092007369],[-73.87811833525264,40.65308792436511],[-73.87810401639506,40.653080248483306],[-73.87807848177084,40.65306785730514],[-73.87807077280436,40.65305999121229],[-73.87805601823194,40.653031301273124],[-73.87804024868517,40.65298800925541],[-73.8780291528521,40.65296103237544],[-73.87800862018365,40.65293160237992],[-73.87797855584151,40.652891458710606],[-73.87797195448174,40.65287794843806],[-73.87797161576789,40.65285303974799],[-73.87796897613852,40.65283459613766],[-73.87796376698364,40.65281691524124],[-73.87795674882706,40.652804384289134],[-73.87794024219694,40.65278790530167],[-73.87791406683722,40.652772298556755],[-73.87789812144906,40.652761856331814],[-73.87788582343616,40.65274833280213],[-73.87788202359089,40.652737820621766],[-73.87787547585891,40.652717640262665],[-73.87786597625569,40.652706215207786],[-73.8778556125873,40.652698528185745],[-73.87783155125824,40.65269202520355],[-73.87781756116465,40.652685670694915],[-73.8778029374525,40.652673433326996],[-73.87779203251245,40.6526501208341],[-73.87777304985399,40.652617620774826],[-73.87774841458655,40.65258430243684],[-73.8777424906896,40.6525727911204],[-73.87773596523252,40.65254758498484],[-73.87772577849111,40.6525304769182],[-73.87770443669403,40.65250656168002],[-73.8776783144122,40.6524840218481],[-73.87765166076711,40.65244498845496],[-73.87762424978439,40.65241017677932],[-73.87760611741312,40.652387338354956],[-73.87760122869845,40.65237680879677],[-73.87759868964146,40.65234808136646],[-73.87759465512018,40.652334692671324],[-73.87758746477223,40.65232134564315],[-73.87758030852918,40.65231518838786],[-73.87754968670106,40.652305290613846],[-73.8775364019785,40.65229927001326],[-73.87751884393025,40.65228693763127],[-73.87750139983437,40.65226792712517],[-73.87744518162008,40.65219004535485],[-73.87741438767515,40.65214516403085],[-73.87737187945368,40.65207423172568],[-73.87734742978631,40.652044364282936],[-73.8773294294758,40.65202054348928],[-73.8773156740646,40.651992118368675],[-73.87730343399112,40.65195751820852],[-73.87729420114934,40.65191880858864],[-73.87728792671416,40.65190124719242],[-73.87728043590246,40.651891250651985],[-73.87723982829846,40.651858091659705],[-73.87721764359027,40.65183882300383],[-73.8771831562114,40.651794609459415],[-73.87715384605629,40.65175253206045],[-73.87713793778303,40.651725342830645],[-73.87712348911313,40.65168501209428],[-73.8771134052056,40.651660374848355],[-73.87709858805825,40.65163331105009],[-73.8770835954024,40.65161102791361],[-73.87704374484967,40.65157013060603],[-73.87701313798763,40.651535666565984],[-73.87699194928952,40.65150597903402],[-73.87696839360403,40.65145958165078],[-73.87695640446718,40.651442291481786],[-73.87694478875818,40.65143280380123],[-73.87692806576733,40.65142368887216],[-73.87690956405756,40.6514180273256],[-73.87689426577599,40.65141982639667],[-73.87688699232349,40.65141896672089],[-73.87688124706334,40.651415866390096],[-73.87688213219133,40.651410988329644],[-73.87689323639803,40.65139330863399],[-73.87689472253288,40.65138502545661],[-73.87688806129472,40.65137020480095],[-73.87686880536556,40.65134334514082],[-73.87685122821203,40.651305695463925],[-73.87681163408398,40.65125032521888],[-73.87677496751877,40.65119495899689],[-73.8767525690477,40.65115718977264],[-73.87673596923769,40.65114288976294],[-73.87668102215012,40.651105608837106],[-73.87665134288449,40.65107613456455],[-73.87662518641417,40.65104316645007],[-73.87659328417816,40.651001019485],[-73.8765471288374,40.65095628263068],[-73.87651956702278,40.65092694837562],[-73.87649790805644,40.650890931402465],[-73.87648285913993,40.65086730365112],[-73.87644287806864,40.65081879390938],[-73.87640709163557,40.650766659572184],[-73.87636683448116,40.65070003107753],[-73.87633743096065,40.65064443568288],[-73.87628070772043,40.65052730729227],[-73.87624528569424,40.65047009347055],[-73.87615975931922,40.65034942380049],[-73.87609975127424,40.650259487434646],[-73.87607604529686,40.65022837419784],[-73.87603566351848,40.650181446089356],[-73.87596116039072,40.650102320957565],[-73.87590014656514,40.650029604013575],[-73.87584341172287,40.64995434769127],[-73.87580114540361,40.64988912793478],[-73.87575820143965,40.649813885560384],[-73.87571676790365,40.64975995467006],[-73.87569238465228,40.64972765643837],[-73.87567901891791,40.649703929539335],[-73.87567500422709,40.64968970871465],[-73.87567593764251,40.64967544911332],[-73.87569004561017,40.64962951360743],[-73.87569680068506,40.64960198215335],[-73.87569559115651,40.64958295018926],[-73.87568987697328,40.64956011226783],[-73.87568182858621,40.64954378167098],[-73.87566637443456,40.64952855790944],[-73.87563661720581,40.649500931148204],[-73.87560075996356,40.64945007791213],[-73.87558143132807,40.64942537469261],[-73.87556730165154,40.64941319970489],[-73.87553459678979,40.64938884941593],[-73.87549727004892,40.64935257575195],[-73.87540957297205,40.649263136739755],[-73.87538062587527,40.64923043546647],[-73.87535375603164,40.649191462524605],[-73.87533094511267,40.64914932505148],[-73.87532754725665,40.64913660604666],[-73.87532876859392,40.649130908889425],[-73.87534088803467,40.64911914234369],[-73.87534025522531,40.649114224826654],[-73.87532732571893,40.64910457526322],[-73.87531336167417,40.64908797527532],[-73.87529914760408,40.64907673760234],[-73.87526294928045,40.649048585059816],[-73.87524502752731,40.64903226893686],[-73.8752360354362,40.649029424350026],[-73.87521636788884,40.64902549926469],[-73.87520558309447,40.649019663909385],[-73.8751987206442,40.64901160762816],[-73.87518546414556,40.648992859755026],[-73.87513709946109,40.648934625654086],[-73.875035354229,40.64880088629736],[-73.87499674321208,40.64875498993211],[-73.87491930266152,40.6486726298562],[-73.8748821613227,40.648628669363916],[-73.87485874577322,40.648607846411004],[-73.874828450044,40.648584061363806],[-73.87481479785446,40.648563950531525],[-73.87479771255674,40.64852666937439],[-73.87478080333491,40.64848503529935],[-73.87475967788208,40.648457971523804],[-73.87474473391273,40.64843700108195],[-73.87473558442078,40.648416030645876],[-73.87472675236931,40.64838719632583],[-73.87472326931973,40.64835192732267],[-73.87472038365641,40.64829633876745],[-73.8747163171568,40.64828089944862],[-73.87469949810291,40.64825489756126],[-73.8746831879491,40.64823744304814],[-73.87463189981774,40.64819652071528],[-73.87460225413608,40.64816796086542],[-73.87454032910584,40.64810684717078],[-73.87451780214701,40.64808267068432],[-73.87450621056789,40.64806399208599],[-73.87450146173998,40.64803923434813],[-73.87449457675483,40.648014973166156],[-73.87448670088898,40.64799894704591],[-73.87447001206144,40.647979850443114],[-73.87443080525843,40.64794253157306],[-73.87439360343556,40.647899057132626],[-73.87437404602808,40.647872003101355],[-73.87435864495866,40.647842767148056],[-73.8743381660638,40.64779338644488],[-73.8743086932197,40.64771654539769],[-73.87429813691504,40.64769626768723],[-73.87427865808861,40.64767336601653],[-73.87425216554243,40.647648789813786],[-73.87421056594637,40.64761468940594],[-73.8741862520997,40.64759027586312],[-73.87415099665593,40.647548693660106],[-73.87410609502352,40.647486408768266],[-73.87408429049377,40.64745112238579],[-73.87405403345798,40.64739411073396],[-73.87404052598987,40.64737337050251],[-73.87402483089285,40.647357231324825],[-73.87398145353744,40.64731869743269],[-73.87391901481098,40.64724797519899],[-73.87389068453348,40.64721004310439],[-73.87388013274713,40.64718936102621],[-73.87387704657714,40.64717707186459],[-73.87387811671097,40.647166349661],[-73.87389009539189,40.64714017931396],[-73.87389328149446,40.64712774484276],[-73.87389080703375,40.64712021109116],[-73.87388143091368,40.64711054094478],[-73.87387258253567,40.647105014663204],[-73.87386101310774,40.64710169526945],[-73.87385619297709,40.647096679496265],[-73.87385435579856,40.64709100691456],[-73.873864033585,40.64708306504833],[-73.87386723524716,40.647076159779964],[-73.87386481469323,40.64707075761477],[-73.87385760773225,40.647066266927744],[-73.87384778168668,40.64706508097275],[-73.87383188636753,40.64706423055583],[-73.8738222333449,40.64705907710284],[-73.87380570646145,40.64704459573748],[-73.87379582907501,40.64703180203493],[-73.87377154612228,40.64699125114012],[-73.87376110320868,40.64697867563984],[-73.8737518804725,40.646972315057546],[-73.87372711820613,40.64696328448523],[-73.8736863044488,40.646950982704475],[-73.87366455864546,40.6469398374115],[-73.87363496486732,40.64691934331083],[-73.87360721940877,40.64689613977182],[-73.87358870155369,40.6468748500659],[-73.8735766670919,40.6468567949435],[-73.87355942336815,40.6468244770794],[-73.87354280945411,40.64678548706084],[-73.87352882020495,40.64674649812507],[-73.87351058262398,40.646689033073415],[-73.8734923115317,40.6466124697788],[-73.87347490204533,40.646530459289735],[-73.87346677337395,40.64650769153451],[-73.87345874330222,40.64649714572856],[-73.87344538264209,40.64648583942132],[-73.87343558126507,40.64648229319825],[-73.87341525010487,40.646478385983436],[-73.87340690909623,40.646472831407316],[-73.87339858632123,40.64646265268653],[-73.87339797425551,40.64645748393525],[-73.87340096482653,40.646449060172245],[-73.87339061216605,40.64644071627468],[-73.87333481407208,40.64640384792647],[-73.87330819093411,40.64638374153347],[-73.87328624105763,40.64635816692992],[-73.87325231205021,40.64631476775834],[-73.87317107050457,40.6462269514474],[-73.8731398329593,40.646190135301254],[-73.87312227261438,40.646164117949894],[-73.87309098678637,40.646106098119795],[-73.8730706669503,40.64607455753442],[-73.87305013651506,40.64604683761444],[-73.87302878992973,40.64602305926116],[-73.87302333756007,40.64601300525171],[-73.87302490805493,40.64600220616237],[-73.87303140837517,40.64599399700501],[-73.87302925521942,40.645989163344076],[-73.87301943490914,40.64597946381886],[-73.87301874138078,40.64597301083536],[-73.87302244157875,40.645970049512236],[-73.87303545438323,40.64596773783895],[-73.87305392187027,40.64596494320373],[-73.87305564616797,40.64595967617113],[-73.87305291647283,40.645956494326356],[-73.87304161670905,40.64595510766067],[-73.87301917928379,40.645952886523034],[-73.8730105859436,40.645949515397426],[-73.87300380802036,40.64594021365753],[-73.87299132285352,40.645919363663864],[-73.8729746880803,40.64589969596932],[-73.87293752515953,40.64586979280876],[-73.87291994595712,40.64585189988598],[-73.8728746199821,40.64579263256936],[-73.87285576829865,40.645769991594854],[-73.8728316681025,40.64575008959515],[-73.87277985563215,40.64571231945899],[-73.87274289279509,40.64567740957087],[-73.87268422957541,40.64561469554098],[-73.87264563962641,40.64556824547084],[-73.87290482315541,40.64548909832631],[-73.87316862824542,40.645502221062515],[-73.87318030648746,40.64552836609986],[-73.87318191096293,40.645541966605336],[-73.87318170521955,40.645568729800594],[-73.87318713082946,40.64558974669076],[-73.87319755506121,40.64561198119071],[-73.87322914670618,40.64564773059927],[-73.8732454374579,40.645667396977814],[-73.87326348856435,40.64570201841028],[-73.87327387067776,40.645715327813775],[-73.87329919202058,40.645737847974004],[-73.87333665391505,40.64577036105111],[-73.87335730349008,40.645799485861424],[-73.87341898977797,40.64590123766509],[-73.87343008533438,40.64591554111166],[-73.87345769975519,40.64594026552869],[-73.87351530480734,40.64598108548272],[-73.87354538548375,40.6460039377106],[-73.87357800375909,40.64603404189695],[-73.87360658946336,40.64606409661605],[-73.87363553195603,40.64610303894057],[-73.87365990803725,40.646144766949014],[-73.87369609590435,40.64622659362078],[-73.873705082393,40.646251526249294],[-73.87370843139598,40.646284192645716],[-73.87371188668794,40.64630380433709],[-73.87371682004596,40.646313299421884],[-73.87374336074,40.646343286122374],[-73.87377206956174,40.64638023890847],[-73.87381562237394,40.64644313751404],[-73.87386491673603,40.64651772392994],[-73.87390079162101,40.64656959443222],[-73.87392889349618,40.646605627082835],[-73.87399836201725,40.64667791311565],[-73.87403995682948,40.6467248270811],[-73.8740523871502,40.64674366964207],[-73.87405806718705,40.646760998241696],[-73.87406702172342,40.64679232088645],[-73.87407333601395,40.646800590060366],[-73.87408943896999,40.64681354724573],[-73.87411849995333,40.64683449901049],[-73.87414509813428,40.64686430017216],[-73.87417078950143,40.646899133334834],[-73.87421705485941,40.646967842197185],[-73.87424697762506,40.647003957806305],[-73.87427518682293,40.64703279804422],[-73.87429851432151,40.64705039176399],[-73.87435901291998,40.64708670105134],[-73.87439907073059,40.647113807195964],[-73.8744254214257,40.6471345181852],[-73.87444248299805,40.64715269397277],[-73.87447950555072,40.647198874264596],[-73.8744948509821,40.64721929766694],[-73.87449949605627,40.64723381369476],[-73.87450126396683,40.64727885776948],[-73.87450320077133,40.64730136654734],[-73.8745135997336,40.64732861138149],[-73.87452747281505,40.64735241552089],[-73.8745620942083,40.64738984912852],[-73.87458833908086,40.64742102759364],[-73.87464031478802,40.64749524287596],[-73.87469645127841,40.6475737608431],[-73.87475180433096,40.64766913023538],[-73.87478486927021,40.647722766012194],[-73.87480592514873,40.64775024484895],[-73.87486739129407,40.64781769845575],[-73.87489625039713,40.647854621400114],[-73.87491507192729,40.647892768031355],[-73.8749288492592,40.647915440964994],[-73.87494915167092,40.647942537135464],[-73.8749686818435,40.64796407085959],[-73.87500600555633,40.64799823748503],[-73.87501639729952,40.64801309382849],[-73.87503141614187,40.6480477386929],[-73.87504072454223,40.64806279377199],[-73.875084702175,40.64812040179722],[-73.87511538410146,40.64815824069133],[-73.87516190388797,40.64820822225302],[-73.87519791491711,40.64825786100142],[-73.87522243066584,40.64830234530564],[-73.87523955391946,40.64832321809219],[-73.87526520737708,40.648351108864354],[-73.87528551506234,40.64838881038708],[-73.87531177976535,40.648430013277334],[-73.87533154848819,40.64846512071369],[-73.87535950656842,40.64851694434328],[-73.8753818598276,40.64854763932899],[-73.8754197253537,40.64859205520633],[-73.87543772984094,40.64862354423002],[-73.87544775688222,40.648659066138855],[-73.87545644662997,40.64869971595226],[-73.87546366185995,40.64871703083173],[-73.87547159936473,40.64872807528153],[-73.87547981102313,40.648732862324145],[-73.87549728166957,40.648738741813204],[-73.87550570807151,40.648746299081495],[-73.87552602967344,40.64877414349877],[-73.8755577477085,40.648825372302646],[-73.87557817904509,40.64884828739062],[-73.87562525563123,40.648893041852375],[-73.87565576132539,40.64893000330264],[-73.87570045925536,40.64899377051058],[-73.87572213896483,40.64902189822235],[-73.87575766239861,40.649056382337434],[-73.87578383567264,40.64908920209046],[-73.87587135705574,40.649209673397394],[-73.87592199025673,40.649282534955205],[-73.87594078887938,40.6493030123133],[-73.87598201780055,40.64934166200691],[-73.87601817934971,40.649387307754175],[-73.87605923029379,40.64943207625083],[-73.87607646260898,40.64945563707467],[-73.87610029448412,40.649499664785466],[-73.87612237364608,40.64955353597158],[-73.87613987293606,40.64960654582785],[-73.87615069132526,40.64962622480139],[-73.87618780227788,40.64966500956529],[-73.87622178599554,40.64970635742896],[-73.87624429640275,40.64973243635361],[-73.87627030952626,40.64975497910413],[-73.87630497883666,40.64977988331305],[-73.87631749323099,40.649793568442746],[-73.87634823172527,40.64983676424422],[-73.87638824800041,40.64988952991288],[-73.87643798495232,40.64996682802828],[-73.87649861387487,40.6500727535915],[-73.8765179385207,40.65010309119388],[-73.87659481204584,40.650202488276214],[-73.87662529152414,40.65024464992821],[-73.87664133853868,40.6502757908576],[-73.87666396160304,40.65033385983385],[-73.87670263031019,40.65040915311313],[-73.87671488906615,40.65043843940504],[-73.87672234176077,40.650470210477465],[-73.87672770663168,40.65050700240289],[-73.8767318600349,40.650546123571026],[-73.87673576850122,40.65055783359813],[-73.87674456479488,40.65056952905195],[-73.87675550630105,40.65057778502277],[-73.87676092773651,40.65057820867269],[-73.87692532595958,40.65078162810152],[-73.8776965927367,40.65182292856729],[-73.87922314151483,40.65373505121041],[-73.8795131657025,40.654536490380195],[-73.87934998657808,40.65459817770276],[-73.87932910370648,40.65459048878607],[-73.87931166411795,40.65457817301557],[-73.87929241941362,40.65455843598097],[-73.87927786116525,40.65454623759489],[-73.87924691437064,40.654526381107914],[-73.87923131760377,40.654513737670236],[-73.87918920510147,40.654462667397816],[-73.87915699024747,40.65441897914868],[-73.87913555258018,40.6543827522006],[-73.87912287717859,40.65436577312236],[-73.87908072625535,40.654322950612574],[-73.87904945361836,40.65428334086824],[-73.87901759310981,40.65425104270257],[-73.87900090107262,40.654226271706385],[-73.87898787003446,40.65420787662456],[-73.87896898822632,40.65419156638742],[-73.878952457746,40.654172265300055],[-73.87892728146915,40.65413996783971],[-73.87888940741446,40.65410569747685],[-73.87885842581659,40.65407457896972],[-73.87884158937625,40.65405320275045],[-73.87882507288758,40.65404055918852],[-73.8788215818445,40.65403437435518],[-73.87882226415935,40.65402522310992],[-73.87883026593438,40.65399893101213],[-73.87882958269203,40.653990365465916],[-73.87882299999224,40.653983352501],[-73.87880481581388,40.65397229929481],[-73.87878220113542,40.65396778007741],[-73.8787497682023,40.653966291554916],[-73.87873964209027,40.65396370359716],[-73.87873294209344,40.65395552793472],[-73.87871452027055,40.653928217412506],[-73.87867374317874,40.65387795341837],[-73.87865346377667,40.653846133834016],[-73.8786226960227,40.65378858978728],[-73.87858232311248,40.653708634306696],[-73.87855926137507,40.65367110698623],[-73.87853853133593,40.653642028982304],[-73.87850560672067,40.65360741071418],[-73.87848069590079,40.653580861440496],[-73.8784581368823,40.6535510673785],[-73.8784429319903,40.65353900417983],[-73.87841677877225,40.65352464659302],[-73.87839303587553,40.65351515344554],[-73.87835072103002,40.653507662314645],[-73.87832434362335,40.653502143054084],[-73.87830600496608,40.65349422070595],[-73.87830467340864,40.653490431718225],[-73.87832389810858,40.653476075287315],[-73.87833573055195,40.653465570654156],[-73.87833847139498,40.65345451699294],[-73.87833653670103,40.65343782384468],[-73.87832999090386,40.653422304596646],[-73.87832075882666,40.65341191095659],[-73.87831037620457,40.65340804395382],[-73.87829209000834,40.653405730985696],[-73.87828993467042,40.6534056422552]]],[[[-73.88111057332733,40.84869301288472],[-73.88097600642809,40.84861742273431],[-73.88073514255092,40.84871398323331],[-73.88067333324885,40.84856642490855],[-73.88090922119326,40.84843984867779],[-73.88109981056704,40.84857352441766],[-73.88118848079007,40.84868713098921],[-73.88111057332733,40.84869301288472]]],[[[-73.9721184206383,40.76825482729502],[-73.97221678443552,40.76806628739917],[-73.97238118265058,40.76781527191029],[-73.97249685369755,40.76792035864067],[-73.97246876322745,40.76793060236481],[-73.97245640247905,40.76793657785427],[-73.97241762772258,40.768114549520334],[-73.97242371572754,40.768194522002695],[-73.97241809739965,40.7681987917465],[-73.97239450618704,40.768195369585825],[-73.972375418972,40.76816717834726],[-73.9723597249864,40.76808517652425],[-73.9723473705831,40.76807577770489],[-73.97232714922993,40.76807491827189],[-73.97224539107724,40.76814495058423],[-73.97222262291281,40.76818166133147],[-73.97224058295647,40.76822010275638],[-73.97227652313786,40.76824317330741],[-73.97232370452268,40.768252579604756],[-73.97229673826496,40.768261968978635],[-73.97219117239733,40.76827621112657],[-73.9721184206383,40.76825482729502]]],[[[-73.85235200629877,40.78921886938335],[-73.85234189535876,40.789202762658775],[-73.85234235504646,40.78917125108168],[-73.85236018797559,40.78916035984322],[-73.85320100917514,40.78910892290415],[-73.8535664169472,40.78910219003774],[-73.85370257375516,40.789109487722],[-73.85397647998278,40.78910024653793],[-73.85438413697145,40.7890884092268],[-73.85461391634203,40.78908021838493],[-73.85467920135336,40.78920285813402],[-73.85465213053364,40.78917266078486],[-73.85461495704149,40.789156517426406],[-73.85456889832385,40.78915846023197],[-73.85449354892216,40.789159852757315],[-73.85435705174865,40.78916670066216],[-73.85430008987288,40.789160789811795],[-73.85421093192018,40.789175555159005],[-73.85411580496836,40.789178928736426],[-73.85398631074561,40.78918971485675],[-73.85382175028587,40.789190047459485],[-73.85354050757098,40.78919757790531],[-73.85323141694205,40.789208970478334],[-73.85295468078972,40.789216628602325],[-73.85273714524735,40.78921698390735],[-73.85265842198594,40.789220795973904],[-73.85258487050253,40.789239002822164],[-73.85253110440595,40.78925008765698],[-73.85246776110934,40.78925386974373],[-73.85241973059124,40.78924946783167],[-73.85237196954982,40.789232542063424],[-73.85235200629877,40.78921886938335]]],[[[-73.93428539853315,40.77140337445106],[-73.93456091130342,40.77117052689934],[-73.93499072582574,40.77115788670497],[-73.9347394677947,40.77042652684423],[-73.93497846819442,40.76989561881049],[-73.93573923029535,40.76936459269576],[-73.93624835830693,40.76950121267934],[-73.93658245292664,40.76928372551071],[-73.9366523829061,40.76915155653364],[-73.93669692285889,40.769013179900206],[-73.9367269594126,40.76893436720554],[-73.93677677574779,40.768897046160625],[-73.93684157770164,40.76887706980718],[-73.93750024297931,40.768907235655924],[-73.93761786182667,40.76890315437972],[-73.9377302997836,40.76887894392573],[-73.93791066073783,40.76880120262107],[-73.93794444073917,40.768720076429474],[-73.93790626970976,40.76869101461913],[-73.93779062319224,40.76861664176705],[-73.937941161361,40.76862184861645],[-73.93806690727607,40.76871074646857],[-73.93814746608263,40.76870005754006],[-73.93845351047344,40.76847457500244],[-73.93883779606031,40.768062248951836],[-73.93904707564481,40.767984874205915],[-73.93958416538085,40.76806667249764],[-73.93978868145673,40.76801296905292],[-73.93995843165159,40.767892622457296],[-73.94018208711937,40.76779280447939],[-73.9403574288436,40.7676989386107],[-73.94048135533252,40.767506046331256],[-73.94151607617945,40.76666521018177],[-73.9424597799772,40.765620601787525],[-73.94323460656881,40.764727333025235],[-73.94353402497632,40.76444120716336],[-73.94353297457737,40.76434606116875],[-73.94364633044135,40.764223392346196],[-73.94367981633293,40.76419894562112],[-73.94373917945146,40.764052242852806],[-73.94395836437903,40.76373001685686],[-73.94413781542045,40.76348333969753],[-73.94432180355388,40.76331171518213],[-73.9443510174446,40.763256753502965],[-73.9444413335996,40.76315085544985],[-73.94446643376197,40.762978421852466],[-73.9446364418579,40.7627886359131],[-73.94516241547923,40.76222796051486],[-73.946451009737,40.760695374684516],[-73.94816159107548,40.75812432231947],[-73.94874747903413,40.757815658100895],[-73.95058780688233,40.755533277962],[-73.9507524891268,40.75533972091195],[-73.95079259609125,40.755292583085186],[-73.95084766292561,40.7552278602549],[-73.95088955233423,40.75517862497654],[-73.95108006772612,40.75493435658881],[-73.95135105519374,40.75459823971308],[-73.95192755417249,40.753903944322765],[-73.95197773126353,40.75383814639728],[-73.95201849103587,40.75379795670761],[-73.95213891378043,40.753750855431036],[-73.95239897493425,40.753422087727074],[-73.95271650118724,40.75305941827299],[-73.95286220778699,40.75293317666222],[-73.95299003875901,40.75280226475251],[-73.95300840643917,40.75276497419999],[-73.95297501309955,40.75274679376952],[-73.95309918065308,40.752617930691414],[-73.95361908974067,40.7520614494271],[-73.95366737391788,40.75203986842549],[-73.95370654708806,40.752028792645326],[-73.9539154568378,40.75186785786693],[-73.95398933148905,40.75179611348055],[-73.95422208780847,40.75149802260722],[-73.9544766714913,40.751222344467806],[-73.95460089603608,40.75093018381811],[-73.95453822665796,40.75074241621087],[-73.95451442552753,40.750569513263784],[-73.9547247260457,40.750171563442755],[-73.95506427790644,40.74963529194115],[-73.95507551544642,40.749627608703726],[-73.95510246737683,40.74963189031309],[-73.95519902852145,40.74967548899474],[-73.95521587588122,40.74967549554633],[-73.95546389180188,40.7496748794089],[-73.9555937313276,40.74967564183881],[-73.95577533238422,40.749591070434775],[-73.95478543149656,40.74843425152626],[-73.95326347519942,40.74774099616112],[-73.95437895180557,40.74794867421269],[-73.95470839638158,40.748011380414695],[-73.95539628779026,40.74825688824394],[-73.95642847128076,40.74867130729941],[-73.95709876387481,40.748859613427804],[-73.95781031070133,40.74793486810113],[-73.96099678906072,40.749704127038434],[-73.96091122889642,40.74983644091155],[-73.96079773313132,40.74993633780223],[-73.96050106998351,40.75019418911248],[-73.960202205223,40.750373457133],[-73.95978086492762,40.750634679948604],[-73.95939204659535,40.750971931594954],[-73.95904816038741,40.751296385499266],[-73.95894623295469,40.75139447464189],[-73.9588805265739,40.751427416023645],[-73.95876153994003,40.75148174693178],[-73.95870979156105,40.75150955042302],[-73.9586238900184,40.75156083672653],[-73.95856029724428,40.75160479367183],[-73.95844664753143,40.75168473115678],[-73.95824389429647,40.75181842527745],[-73.95818818408733,40.7518582038245],[-73.95812763431867,40.751909154962014],[-73.9579855553592,40.752042534775356],[-73.9578649066831,40.7521774387039],[-73.95758171377268,40.752413933653216],[-73.95713107802253,40.75278190437693],[-73.9566354563014,40.753232708317455],[-73.95519447634585,40.75477474627929],[-73.95401105857859,40.755730070935066],[-73.95387054192436,40.75589059376328],[-73.9534235191498,40.75624819274914],[-73.9533726650178,40.75628928024229],[-73.95330985443876,40.75634125177698],[-73.95327938068809,40.75636696955866],[-73.953242290116,40.75639855774192],[-73.953193961173,40.75644039179865],[-73.95297254466297,40.75663248474869],[-73.95279180602971,40.75681317103694],[-73.9524790328063,40.75719516460843],[-73.95210217248582,40.75798167719016],[-73.95152769853063,40.758636567811024],[-73.95126022891495,40.75880984628915],[-73.95059354426134,40.75957914819822],[-73.94781334760924,40.7624572491203],[-73.94674401946837,40.76372772900341],[-73.94657310635064,40.76392666582845],[-73.94467956690367,40.76605259463563],[-73.94349282259269,40.76761377078586],[-73.94316970498903,40.76796494792609],[-73.94297576258184,40.76818627337259],[-73.9421854481682,40.768793176522315],[-73.94179440247828,40.769063664737125],[-73.94114345299386,40.769408488090306],[-73.94095665115964,40.76971155785604],[-73.94077963360547,40.76999868441778],[-73.94038983615701,40.77047607715107],[-73.94031664258313,40.770587636854],[-73.94021639660752,40.770872015198734],[-73.94026748084893,40.7715374209356],[-73.94028140354456,40.772299325066136],[-73.94017890476471,40.7725871186481],[-73.94002814935722,40.772811679803425],[-73.93610543323732,40.77212796423098],[-73.93481530337425,40.77166570302412],[-73.93428539853315,40.77140337445106]]],[[[-73.97405844223354,40.76728907241709],[-73.97389078888443,40.767297592934014],[-73.97375429118469,40.76719261811568],[-73.97381198724564,40.76700017828257],[-73.97370172000564,40.76688649338016],[-73.97355023966786,40.76673949558407],[-73.97363546103452,40.76653890537831],[-73.9737171613238,40.76647174105565],[-73.97360439579644,40.76642741859134],[-73.97365891451525,40.7662424063415],[-73.97375556345504,40.76604391771908],[-73.97373680491671,40.765822081509214],[-73.9737917764676,40.76555861917942],[-73.97402174840103,40.76541747854422],[-73.9740911810161,40.76522370661991],[-73.9742912220994,40.765254264109515],[-73.97436648167609,40.76537536804891],[-73.97452966142971,40.765546570233994],[-73.97519891875082,40.765628847609676],[-73.97566655921153,40.76589156308994],[-73.97574386337836,40.76613116295567],[-73.975720128261,40.76633558674236],[-73.97568948625006,40.766616057509125],[-73.97566098760987,40.76666357558109],[-73.97560850536576,40.766761260139965],[-73.97552402495634,40.76676585100241],[-73.97553678640183,40.766651121423386],[-73.97562186026737,40.76640001865418],[-73.97564655617494,40.76628973736899],[-73.9756178417837,40.76623131290862],[-73.97556440785623,40.76615065066011],[-73.97551173701362,40.76609841385383],[-73.97536709950349,40.76614234201819],[-73.9752940349725,40.7661311304088],[-73.97509856958791,40.766037389997486],[-73.97494128257496,40.76601539530634],[-73.97483559249824,40.76585208029406],[-73.97475047512462,40.76584645333305],[-73.97455165576743,40.765858651939666],[-73.97440022915016,40.765902798916],[-73.97428634044974,40.7659650659122],[-73.97426389695148,40.76610126121526],[-73.97430907352805,40.766201693689965],[-73.97431798432105,40.766359842165606],[-73.97428698772652,40.766509573733],[-73.97432308024227,40.766603921265066],[-73.9742242820371,40.766699526405986],[-73.9741289580909,40.76678726453937],[-73.97398505866383,40.76676993706115],[-73.97387921133969,40.766762852262175],[-73.97389671554565,40.766896033536476],[-73.9740018717175,40.76702667988828],[-73.97412432342495,40.76723563783276],[-73.97420507440309,40.76739418872092],[-73.97417908932286,40.76750778324433],[-73.97415039491138,40.767430361406774],[-73.97410241529246,40.767315025822064],[-73.97405844223354,40.76728907241709]]],[[[-73.97171612909239,40.767750195059214],[-73.97179253134394,40.767730568401376],[-73.97187228023923,40.76776817041917],[-73.97189135559087,40.76782369472784],[-73.97182278447707,40.76791934208435],[-73.97174413589075,40.767937259955445],[-73.97167337172426,40.767905639403565],[-73.97164531168121,40.76784413350432],[-73.97171612909239,40.767750195059214]]],[[[-73.97267209622575,40.76795798285934],[-73.97280242022559,40.76794776416448],[-73.97285183474857,40.767990483104455],[-73.9727473462405,40.76801010382399],[-73.97267209622575,40.76795798285934]]],[[[-73.97166850138035,40.76843463365554],[-73.97164929663356,40.76843268564478],[-73.97166698847383,40.76841605229249],[-73.97166470967808,40.76839922672299],[-73.9716435994494,40.768393888747134],[-73.97162028818083,40.76839497531844],[-73.971636665334,40.768353230203594],[-73.97160651487037,40.76827446113027],[-73.97170395253885,40.76832892684764],[-73.97170002494173,40.768390306009096],[-73.97170666602605,40.768423821682184],[-73.97172181932038,40.768444137161225],[-73.97170881120587,40.768451297473845],[-73.97166850138035,40.76843463365554]]],[[[-73.97039470921632,40.76858638773497],[-73.9703585793821,40.76859129879715],[-73.97034962093338,40.768581922249936],[-73.97038682176814,40.76855241781273],[-73.97042223420821,40.76853327950154],[-73.97041973780273,40.76851908512322],[-73.97040589632824,40.76851415131171],[-73.97041640196399,40.76850414941487],[-73.97044043152812,40.76848332243192],[-73.97046031238776,40.76848300154849],[-73.97048409216929,40.76851260449397],[-73.97047737441235,40.76855188634089],[-73.97049327058598,40.768581576413744],[-73.97048078599215,40.768599066398096],[-73.97045478897664,40.76860137132727],[-73.97039470921632,40.76858638773497]]],[[[-73.97070302680567,40.76852810580938],[-73.97057082937975,40.76849938747776],[-73.97054669662288,40.76846974033522],[-73.9705349008227,40.768456419771695],[-73.97046546834657,40.76841863217228],[-73.97049734741069,40.768397093990245],[-73.97052992308977,40.768404570203344],[-73.9705439592068,40.76843000221309],[-73.97056350009122,40.76845921864312],[-73.97069810242638,40.76851889600753],[-73.97071417649498,40.76851325393694],[-73.97072178423818,40.76851566831951],[-73.97071052204839,40.768527782633214],[-73.97070302680567,40.76852810580938]]],[[[-73.95755280739532,40.78865191477693],[-73.95776853958284,40.78762951212658],[-73.9579179410196,40.78636577290946],[-73.95935960088141,40.78438496947494],[-73.96081649620146,40.78238041268636],[-73.96147960974257,40.782050199830394],[-73.96211718002876,40.78205930453707],[-73.96263721511787,40.782262968799536],[-73.96300557879213,40.782562071318985],[-73.96316651440422,40.78302494020172],[-73.96355264234737,40.783535693297566],[-73.96410160820984,40.78389141873297],[-73.96476252947093,40.78409495234909],[-73.96557446862171,40.78436604787635],[-73.96629768677934,40.784787523405114],[-73.96663914249258,40.78515755861326],[-73.96658484162245,40.78564138402452],[-73.96641449445085,40.78638257757025],[-73.96619200126254,40.78732815482224],[-73.96587358269171,40.7878622957919],[-73.96519979157432,40.788228323532174],[-73.96435677016002,40.78825856046046],[-73.9635903300614,40.78824349953434],[-73.96279704272919,40.78825875371854],[-73.962309954228,40.78833116592497],[-73.96187744258599,40.788636237637974],[-73.96151236843336,40.78884427697754],[-73.96087432929421,40.78890160774809],[-73.96040378235071,40.78876038809377],[-73.95883583377723,40.78872976561483],[-73.9579433299837,40.78892450898012],[-73.95755280739532,40.78865191477693]]],[[[-73.92357913088969,40.791705680254736],[-73.9237117019204,40.791806261253015],[-73.92374185891329,40.7919622641326],[-73.92363139899345,40.7921076893863],[-73.92353226722443,40.792168337213134],[-73.9235511603047,40.7917871065889],[-73.92357913088969,40.791705680254736]]],[[[-73.95605733126321,40.79543067164557],[-73.95606964088898,40.79542774160851],[-73.95608055823412,40.795428413939824],[-73.95609263348935,40.79543050409815],[-73.95610281407174,40.79542719953902],[-73.95610990661838,40.79542053043597],[-73.95612474525194,40.79540080072878],[-73.95614862976491,40.79537886463458],[-73.95617802188482,40.795356696499454],[-73.95619672453358,40.795345889504674],[-73.95620540372191,40.79534452764478],[-73.9562308161882,40.79534683447284],[-73.9562564944122,40.79534682711126],[-73.95636368520707,40.79534661740223],[-73.95641573105104,40.795345132358506],[-73.95643531734528,40.795341960097645],[-73.95645947595864,40.795333738656566],[-73.95647890054438,40.79532416557363],[-73.95649273536227,40.79531178802184],[-73.95650457960849,40.795295655532975],[-73.95652645478494,40.79525128084464],[-73.95654099695147,40.795229856230705],[-73.95658077432614,40.795179045202914],[-73.95661282111924,40.79513033301822],[-73.95664203642352,40.795100887757215],[-73.9566716806974,40.795064069356044],[-73.95669098994144,40.79504220256796],[-73.9567051750094,40.79503223756122],[-73.95672463170371,40.79502229614401],[-73.95673866300291,40.79501737297481],[-73.95676696296432,40.795014227340616],[-73.95678989820767,40.79501025392997],[-73.95682216436815,40.7949974717177],[-73.95686217568505,40.79497457617838],[-73.9568858448922,40.79496247060795],[-73.95689996455552,40.7949582876631],[-73.95691989080046,40.79495691554634],[-73.95692760553955,40.794959017494975],[-73.95694212189268,40.79496987664507],[-73.95694846298595,40.794972509374105],[-73.95696043811604,40.79497176553079],[-73.95696552703285,40.79496848600896],[-73.95697473145498,40.79495552674776],[-73.95699706691916,40.79493166192766],[-73.95705088005633,40.79488280465316],[-73.9570874106627,40.79484782212773],[-73.95710193091426,40.79483792383368],[-73.9571215816853,40.79483186537749],[-73.9571624094618,40.79482144826583],[-73.95719528059023,40.794809216379115],[-73.95722367912111,40.794796332662216],[-73.95724718875168,40.794781581289016],[-73.95726944878452,40.79476238457962],[-73.9572794389546,40.7947471950465],[-73.95728069471096,40.79472171586382],[-73.95728234036216,40.794703523671735],[-73.95728676703,40.79469632221254],[-73.95730567778241,40.79468378165142],[-73.95733322138115,40.794669898936135],[-73.95736968022878,40.79465589434236],[-73.95740545716549,40.79464464591565],[-73.95742311315043,40.79464124764834],[-73.95743472975778,40.79464332398941],[-73.95745515298617,40.794650258175935],[-73.95747315985403,40.79465032875659],[-73.95749170690794,40.79464688848402],[-73.95751283048995,40.794638858409066],[-73.95753032367088,40.79462690351401],[-73.95754546563658,40.79461181310961],[-73.95755234458423,40.79459784528555],[-73.95756037189804,40.79457612457853],[-73.9575668190394,40.79457037185643],[-73.95758466204408,40.794563514812516],[-73.95761304455026,40.79456062834487],[-73.95763148465726,40.79455761844947],[-73.95766555138412,40.79454685108074],[-73.95771971250866,40.79452716801975],[-73.95774570463158,40.794521217141366],[-73.95778627563706,40.79451539676696],[-73.9578130517087,40.794515753262836],[-73.95785127114226,40.794522311178994],[-73.9579521668863,40.79454764487735],[-73.9579875480014,40.794555028371846],[-73.95801320169441,40.794557735617744],[-73.95804488109803,40.7945577624618],[-73.95806304450743,40.79456510364463],[-73.95812769435081,40.79460364423674],[-73.95816381743894,40.794623943818564],[-73.95818981576708,40.7946307493258],[-73.95820732196786,40.794631831772236],[-73.95823195135434,40.794627928927746],[-73.95826670554838,40.79462048357522],[-73.95834268082318,40.79460980411334],[-73.95877876990629,40.794582628019064],[-73.95904170646408,40.79467411530177],[-73.95887052563488,40.79468492428166],[-73.95856688827622,40.7946272897913],[-73.95850550529009,40.79463568018106],[-73.95848339973757,40.79464150566012],[-73.95845312690723,40.79465264924596],[-73.95843403567476,40.79466235605659],[-73.9584172868264,40.79466662288804],[-73.95839469227577,40.79466804292759],[-73.95834025899804,40.79466643658534],[-73.95832937550882,40.79466484326864],[-73.958324637153,40.79466096670387],[-73.95831353987217,40.7946469437065],[-73.95830343838523,40.79464162260003],[-73.95828890191626,40.794638044156365],[-73.9582742309117,40.794639273431855],[-73.95825744308148,40.794643342115975],[-73.95821012758147,40.794656731615255],[-73.95818604339276,40.794658499567234],[-73.95817352846501,40.794656647200455],[-73.95814908115926,40.794646075461124],[-73.9580847824355,40.794635059692936],[-73.95806857211505,40.79463085026279],[-73.958021769037,40.79461326267008],[-73.95787937397968,40.794566249645264],[-73.95784556110496,40.79455789505161],[-73.95783128962714,40.79455692719674],[-73.95781178641684,40.7945603464625],[-73.95780519864181,40.79456368220472],[-73.95779794458363,40.79457507807847],[-73.9577779532168,40.79462142219553],[-73.95776048705542,40.794648756778095],[-73.95775041191601,40.79465800032031],[-73.95773047151852,40.79466690075572],[-73.95769327276805,40.794676248706295],[-73.9576597327491,40.79468223011888],[-73.95765447772636,40.7946859436515],[-73.95764020610385,40.794698199615794],[-73.9576094038991,40.79471422979903],[-73.95759499409753,40.79472574999839],[-73.95757870832024,40.79474513627361],[-73.95756448264245,40.794752191857725],[-73.95753942373368,40.79475874097086],[-73.95744617144999,40.79477445542555],[-73.9573587780312,40.7947852912623],[-73.95732380958628,40.79479395463812],[-73.95728460712581,40.79480870651588],[-73.95723803910512,40.79483113331098],[-73.95713371735557,40.79489090667161],[-73.95707775059812,40.79492247718487],[-73.95703564518644,40.79494243548812],[-73.95699718716577,40.79495829245881],[-73.95698646372523,40.794965710378484],[-73.95698334391784,40.794972972647095],[-73.95698389097173,40.79499555378894],[-73.95698227961884,40.795011873849255],[-73.95697778554619,40.7950242837632],[-73.95696754393826,40.795034171031794],[-73.95693323706061,40.79505660408101],[-73.9568945532655,40.79508978295032],[-73.95688158264255,40.79509807440517],[-73.95685949676914,40.79510415982434],[-73.95683766700095,40.795106329060815],[-73.9568141894873,40.795104132952424],[-73.95676194498004,40.79509435824989],[-73.95674534418396,40.79509291572387],[-73.95671943811203,40.795097250911596],[-73.95670296692415,40.795102399187435],[-73.95668025217692,40.79511526149881],[-73.95666111837711,40.79512969022109],[-73.95663488472526,40.7951584792437],[-73.95658989575077,40.79520267055347],[-73.95656439480756,40.79522888620681],[-73.9565559663047,40.79524196639416],[-73.95654705219886,40.79527650351057],[-73.95653324750909,40.79532079930081],[-73.95652573837475,40.79533404012144],[-73.95651371181417,40.7953462940904],[-73.95649858973854,40.7953575320264],[-73.95648708205142,40.79536270105489],[-73.95646830413531,40.79536545759887],[-73.95642386699166,40.79536633860614],[-73.95636948887119,40.79536655486685],[-73.95633902079021,40.79537264601785],[-73.95624895459548,40.7953976511675],[-73.95621704807743,40.79540903758031],[-73.95617958637649,40.795428080624426],[-73.95616049971754,40.7954353989335],[-73.9561435333009,40.79543665858211],[-73.95612797652629,40.79544032940309],[-73.95611265168709,40.7954480588635],[-73.9560945598768,40.7954614730244],[-73.95607202470195,40.79548375991586],[-73.95604345256484,40.7955237015031],[-73.956029731023,40.79554198812425],[-73.95601633002278,40.79555215956081],[-73.95600474060357,40.79555538703201],[-73.95599699970876,40.795553357051844],[-73.95599498092245,40.79554930403152],[-73.9560011532914,40.79554191238305],[-73.9560036392598,40.79552933695019],[-73.95600134803921,40.79550900368799],[-73.95600240209939,40.79549902384975],[-73.95601053429671,40.79548627407374],[-73.95603173918482,40.79546166339707],[-73.95604697044755,40.795439547524964],[-73.95605733126321,40.79543067164557]]],[[[-73.95930241636144,40.794691571090986],[-73.95932639693537,40.794692578210196],[-73.9593610102359,40.79469451298679],[-73.95946918699113,40.794719602987136],[-73.95941844792948,40.79475337099401],[-73.95933294771825,40.794724478933645],[-73.95929974583682,40.794718312296986],[-73.95927361336054,40.79470974471424],[-73.95927344924809,40.79470103502014],[-73.95929759164885,40.79469318218288],[-73.95930241636144,40.794691571090986]]],[[[-73.96681551564943,40.774800706910206],[-73.96677394614619,40.77479642474712],[-73.96673574966735,40.774786164204514],[-73.96669980327282,40.77476992496129],[-73.96667060189056,40.774748562896846],[-73.96664701977602,40.77472293136703],[-73.966630180203,40.77469473985474],[-73.96662233024395,40.77466398811337],[-73.9666234702153,40.77463238529906],[-73.96663247350537,40.774602493015635],[-73.9666504646623,40.774573457009666],[-73.9665842113407,40.77450169025634],[-73.96659434357353,40.77445983962567],[-73.96659324205437,40.77441713206084],[-73.96659101469582,40.77437784067691],[-73.9666045146722,40.77434282493677],[-73.96662700237341,40.774311228305976],[-73.96702050590008,40.77378689685162],[-73.96707557473867,40.773757871382074],[-73.96712614487681,40.773735678519145],[-73.96716210850703,40.773716043402935],[-73.96725985093778,40.77372802899465],[-73.96727896486092,40.77370070145986],[-73.96730594115685,40.773676793561435],[-73.96733853312418,40.77365801111003],[-73.96737561623164,40.77364521016073],[-73.9674149450461,40.77363753369613],[-73.9674553922573,40.77363669055],[-73.96749583773304,40.77364182762889],[-73.96753403283977,40.773653796175026],[-73.96756773018977,40.77367088820456],[-73.96759580804074,40.773693104306496],[-73.9676171426938,40.773719588691236],[-73.96763173497534,40.773748633108845],[-73.96763733705922,40.77377938415428],[-73.96763507506581,40.77381013299071],[-73.96762382528198,40.773840024724656],[-73.96760583516331,40.77386820630869],[-73.9676698352065,40.77395620161214],[-73.96765857012504,40.7740151345614],[-73.96765517192132,40.77407321514043],[-73.96763492271555,40.77412360339426],[-73.96760119395229,40.774170572247606],[-73.96758880417119,40.77423292137962],[-73.96757303978447,40.77430466540643],[-73.96754042383577,40.77437213359968],[-73.96748871004307,40.77443361705761],[-73.96742239418404,40.77448570141881],[-73.96734372534938,40.77452667814147],[-73.96730774498137,40.774579624705936],[-73.9672582854498,40.774625734414506],[-73.96719647171504,40.77466329931649],[-73.96714252631297,40.774692324259874],[-73.96710093786744,40.77472647836834],[-73.96699420237714,40.77471876025245],[-73.96697171843832,40.7747452330934],[-73.96694249417077,40.774767432011274],[-73.96690765531531,40.774784504548236],[-73.96686944938351,40.77479559766885],[-73.96682899857463,40.77479985711579],[-73.96681551564943,40.774800706910206]]],[[[-73.969917892769,40.710421732608175],[-73.96984746943902,40.71038831693494],[-73.96972549919383,40.71035582420489],[-73.96959876655329,40.71033483321452],[-73.96973148345786,40.70983242719673],[-73.96987825024668,40.7085906366246],[-73.96966285192096,40.70771752815832],[-73.969262586986,40.706755646190516],[-73.96929927110826,40.705091766562695],[-73.96847376582124,40.70387693875228],[-73.97026552271164,40.705373891137285],[-73.97042883526896,40.705677801807205],[-73.9718478724238,40.708568818703796],[-73.97151525193043,40.709450221959976],[-73.97002618646492,40.71046252428436],[-73.969917892769,40.710421732608175]]],[[[-73.94314490495668,40.774436495809084],[-73.9402887041948,40.772928833705535],[-73.9404495470381,40.77272990124511],[-73.9407036939396,40.77247208047529],[-73.94093409979813,40.7723790966902],[-73.9413599646312,40.772322086330355],[-73.94212196194145,40.77203718768381],[-73.94247499582163,40.77174866312916],[-73.94263126322826,40.771633431593244],[-73.94300803269408,40.77117408901872],[-73.94330149254962,40.7709085943079],[-73.94388887330972,40.7703773606049],[-73.94457797315953,40.76987588855895],[-73.94476100614355,40.76969049253752],[-73.94512862507761,40.76915335661999],[-73.94541710183552,40.76870645211487],[-73.945677531509,40.768353283281485],[-73.9458510239188,40.768243472877245],[-73.9461182590209,40.76794264620456],[-73.94667380969693,40.767233964131286],[-73.94813790701262,40.7654588638476],[-73.94920379455336,40.764283180324995],[-73.94994364824201,40.76363862782154],[-73.950675396052,40.762829585406884],[-73.9514388545818,40.76188814414033],[-73.95209096483062,40.76085307459708],[-73.95297805757805,40.759960241149535],[-73.95330173675517,40.759788682564626],[-73.95361746040122,40.759495056431916],[-73.9543740566313,40.75865597273344],[-73.9553831336054,40.7573960427295],[-73.95543311466326,40.75733533111063],[-73.95552317302018,40.75722593743315],[-73.95588615367726,40.756818132856196],[-73.95687288656164,40.75571326956064],[-73.95846134514902,40.75393292819391],[-73.9591771458307,40.753420695555384],[-73.95940534831415,40.75310474194732],[-73.9598754507812,40.75209957576467],[-73.96004283001695,40.75180027700086],[-73.96030206913046,40.75156853861111],[-73.96047623562386,40.75140373839232],[-73.96061303181403,40.75122620638892],[-73.96081488001226,40.7510115252836],[-73.9609536162178,40.75080408772366],[-73.96117059142051,40.75041480389845],[-73.96125444955337,40.75019613794737],[-73.96137434213087,40.75007289623601],[-73.9614226373164,40.75000502687201],[-73.9614235001746,40.749921801490466],[-73.9612028007821,40.74972296946373],[-73.96103156600117,40.74972246230721],[-73.95954942371255,40.74890067892391],[-73.95824643333422,40.747367019121214],[-73.95839918675934,40.747169106162104],[-73.95834148924659,40.74702663059205],[-73.95834158475233,40.746987509924715],[-73.95845033568455,40.746874629298205],[-73.95852996443658,40.74679625179761],[-73.95865605873406,40.74666605417379],[-73.95849273945453,40.74587785229158],[-73.95846178561702,40.745771019436724],[-73.95864360046359,40.745727212181855],[-73.95911237659269,40.74574637033449],[-73.95935855422195,40.74539674481222],[-73.95888516833077,40.74522472140494],[-73.95857113602104,40.74505427893511],[-73.95863200167624,40.74500458473772],[-73.95871066006505,40.74493286509041],[-73.95878271177226,40.74465016780275],[-73.95879173037825,40.74459465118623],[-73.95887824992079,40.74452293333233],[-73.95895167616011,40.74441146778078],[-73.95916813447259,40.74430010430642],[-73.95923812717159,40.74431312611368],[-73.95941300494147,40.74422502555535],[-73.95954901228836,40.74403032799815],[-73.95963329991423,40.74393469312734],[-73.95972666202482,40.74368531422828],[-73.95979076427759,40.743536714268096],[-73.95981322987105,40.7435298890628],[-73.96004342888966,40.743568406390935],[-73.96028489922956,40.743540303144016],[-73.96046572187907,40.74351815705411],[-73.96071791681268,40.74331470627363],[-73.96081715067804,40.74308849491469],[-73.9608478469095,40.74301946528708],[-73.96088970009437,40.74289937168988],[-73.96093016990868,40.742812153315114],[-73.96114991490204,40.74269438460411],[-73.96121122395581,40.74192286164181],[-73.96119439557593,40.74187737226007],[-73.96108174251924,40.741713859789336],[-73.96109653744902,40.74149657061615],[-73.96116932047433,40.74126184737033],[-73.96119572961852,40.74117043498153],[-73.96125785876833,40.74109459897343],[-73.96169529242316,40.74110751178324],[-73.96184400109922,40.74100998849078],[-73.96190473213471,40.74085369945377],[-73.96181836610552,40.740665342372196],[-73.96155450795193,40.74056816370208],[-73.961270288208,40.74047276508717],[-73.96126372010099,40.74036624007097],[-73.96132795704568,40.740329093220595],[-73.96142267778423,40.740316530492855],[-73.96149469719707,40.740216855829345],[-73.96175571665418,40.740026170328406],[-73.96197033865234,40.74002690507325],[-73.96216238054141,40.74000305175372],[-73.96230504854007,40.73991512167328],[-73.96242868944883,40.739713582604196],[-73.96250524660627,40.73936853132293],[-73.96257608431421,40.73920541213649],[-73.9626626571087,40.73885622975089],[-73.96245466122798,40.73858311655162],[-73.96213406817455,40.738446783710614],[-73.9621127955649,40.738334883250175],[-73.96209932821787,40.73832121271643],[-73.96191517692634,40.73829979822934],[-73.96149972229601,40.73823474430047],[-73.9608046693367,40.738147386634616],[-73.96064342088617,40.73737518147818],[-73.960646692603,40.73620146620917],[-73.96175502963287,40.7349013441367],[-73.9617812684466,40.7348596152037],[-73.96181006855265,40.73483114169089],[-73.96186528575265,40.73476984710223],[-73.96197498001376,40.73465129997997],[-73.96208000907261,40.734533668832995],[-73.9621073569335,40.734379267723675],[-73.96217530725397,40.734237786930116],[-73.96227391141001,40.73403108513629],[-73.9623381513286,40.73377999317808],[-73.96230750227527,40.73357496806782],[-73.96232039682913,40.73332083898167],[-73.96227646739668,40.733133816065646],[-73.96226593649016,40.733102061596945],[-73.96226069878085,40.733090504559364],[-73.96225400096174,40.733081886301704],[-73.96223930884949,40.73307129421002],[-73.96222557834275,40.73306008108127],[-73.96221590574248,40.7330491808582],[-73.9622119026728,40.73304194035922],[-73.96221129248993,40.73303451456831],[-73.96221356276354,40.7330224503044],[-73.96222116289516,40.733007632233964],[-73.9622346619671,40.73298436302713],[-73.96223787339417,40.7329722342347],[-73.96223830266736,40.73295631158925],[-73.96223578450244,40.732935807992426],[-73.96223082981325,40.732913679079566],[-73.96222285422682,40.732887092560205],[-73.96220718683988,40.73284496434615],[-73.96210075188559,40.73272750219146],[-73.96187834150717,40.73248674903487],[-73.96205586463682,40.732421894527874],[-73.96174848847252,40.731621200404675],[-73.96161980706475,40.73142177152097],[-73.9614119112298,40.73102947748936],[-73.96125791724278,40.73017023530325],[-73.96127518444038,40.730066696133576],[-73.96118908490962,40.729807572813755],[-73.9611067777274,40.72973274789678],[-73.96108324382334,40.729694018074795],[-73.96113351427867,40.72966899100831],[-73.96111447310663,40.72946725533595],[-73.96107996759847,40.72914816734136],[-73.9609942075475,40.72877347987087],[-73.96105474625206,40.72847083576732],[-73.96115088862189,40.727907650413144],[-73.961249433398,40.72747079183512],[-73.9614029203244,40.726997520587],[-73.96141417903308,40.726945421812644],[-73.96148586962651,40.726783471265946],[-73.96161041902536,40.72650796611079],[-73.96167207943114,40.72616675316185],[-73.96178318252682,40.72559433916452],[-73.96203604138032,40.72522964006595],[-73.961905216474,40.72429430185935],[-73.96193557555844,40.72421402249173],[-73.96185704775704,40.72410637303565],[-73.96186382493671,40.72403462630069],[-73.96188743758816,40.72397228195346],[-73.96190428382178,40.72396289161426],[-73.96195031496862,40.72396205225188],[-73.96199616298085,40.723923270750745],[-73.96221636658761,40.723520166275065],[-73.96232337439633,40.7233984704824],[-73.96246065417891,40.72327495822915],[-73.96250503299862,40.72324377183986],[-73.96258837667922,40.72329089379174],[-73.96270386476758,40.72337322791254],[-73.96280324496712,40.72328822225752],[-73.96266602364493,40.72318380340107],[-73.96262548742106,40.72319313393558],[-73.96260328982248,40.723197043043385],[-73.9625937353263,40.72319747938827],[-73.96258301348601,40.7231963169488],[-73.96257080903285,40.72319220395755],[-73.96256473407601,40.72318901237818],[-73.96255806786844,40.723182712047716],[-73.96254006659981,40.723160698642786],[-73.96253178388851,40.72314960617422],[-73.9625254037147,40.72313561738544],[-73.96251806102156,40.72311152006467],[-73.96251268931384,40.723082784861084],[-73.96250946153101,40.72303865794744],[-73.9625088409804,40.72297822905957],[-73.96256431235824,40.72281666509604],[-73.96260944703562,40.72276460059848],[-73.96262894386619,40.72273676047412],[-73.96265423463824,40.722696001715846],[-73.9626830174769,40.72264603547378],[-73.9627149724965,40.722587378533866],[-73.96274463174448,40.72252994193271],[-73.96277279198792,40.722471273842295],[-73.96283564141959,40.7223364554544],[-73.96289446620881,40.72221884266896],[-73.96291849209382,40.72217460567444],[-73.9629398456767,40.72213830580613],[-73.96295931719565,40.72210857814742],[-73.96297497127236,40.722087887672075],[-73.96302761865695,40.722027330014235],[-73.96305994730308,40.72198965406612],[-73.96308220693695,40.72196058645354],[-73.96309498460313,40.7219402102175],[-73.9631222050662,40.72188908620511],[-73.96314928884134,40.72184320490899],[-73.96316439054434,40.721821626327944],[-73.96317498017045,40.72180892172421],[-73.96318506515881,40.721799117499515],[-73.96320494596398,40.72178445455366],[-73.96324156746856,40.72175938525846],[-73.96327166906711,40.721735394483304],[-73.96330658085775,40.72170485672757],[-73.96332949606028,40.72168214056924],[-73.9633662514313,40.72163944019923],[-73.96339272153244,40.72161134281327],[-73.96340902746992,40.72159721359786],[-73.96342356618402,40.721587582764705],[-73.96343974742305,40.72158067018929],[-73.96346809313299,40.72157263043186],[-73.96351873464717,40.7215618025524],[-73.96349084348869,40.72159569969927],[-73.96351104220773,40.72161193508657],[-73.96400728641913,40.7209289997936],[-73.96410781150776,40.72082248016747],[-73.96413545719476,40.72074868030594],[-73.96430848521823,40.72053487022107],[-73.9643789413312,40.72044209451279],[-73.96436990287785,40.7203613727239],[-73.96436899336723,40.72016088835178],[-73.96445871434213,40.72006751070651],[-73.96511778421988,40.72032846568413],[-73.9654053293814,40.7197841348458],[-73.96535761654924,40.719476061487505],[-73.96528407253905,40.71935523863858],[-73.96516140399294,40.71925032100023],[-73.96550799347155,40.718836928317494],[-73.96604156369338,40.718378450909874],[-73.96622218106309,40.71824221455728],[-73.96674849928245,40.71774873609002],[-73.96663623379283,40.71775895411659],[-73.96668455689273,40.71765817762108],[-73.96717429113086,40.71708859977622],[-73.96712836590011,40.716884444624256],[-73.96716656131407,40.71682722720234],[-73.96723508612571,40.716732435610886],[-73.96725980089327,40.71669742270169],[-73.96726768843901,40.71663592640242],[-73.96725424372339,40.716582964475215],[-73.9672295840099,40.71650608450477],[-73.96765312220498,40.71583740343216],[-73.96839371178186,40.7142394706693],[-73.96858081348242,40.71312750663721],[-73.96845362890132,40.71289581009559],[-73.96840746742059,40.71287082897835],[-73.96839833508062,40.712865187474165],[-73.96839102174785,40.71285694399302],[-73.96838668209507,40.71284937310899],[-73.96838577554973,40.71283944833225],[-73.9683879278879,40.71282770536408],[-73.96839158765322,40.712819048859714],[-73.96839714475428,40.712812307361716],[-73.96840949414701,40.71280199990436],[-73.96842136137303,40.712795248429934],[-73.96842910806572,40.712793028094424],[-73.96844343794483,40.71279146603541],[-73.96845859083234,40.71279131530028],[-73.96847073784305,40.71279351677426],[-73.96850096693285,40.71280272916881],[-73.96873177815561,40.71272080329919],[-73.96880831652345,40.712697197364776],[-73.96882518555739,40.71266377317764],[-73.96884724644201,40.712619981913235],[-73.96885803197024,40.71259793852933],[-73.96888853520116,40.71253697590115],[-73.96890992963579,40.71249591569277],[-73.96892721244119,40.71246319940301],[-73.96883158918764,40.71239797657917],[-73.96884697231187,40.712244316697],[-73.96887506499776,40.71218026286445],[-73.96894363115453,40.7119812640093],[-73.9690706280584,40.71164817855919],[-73.9691515250757,40.71148334915917],[-73.9692031679745,40.71146628029672],[-73.96929574004008,40.71129631289806],[-73.96924592681945,40.711239087446934],[-73.96926841285106,40.711162219543965],[-73.96935583292365,40.71109781760157],[-73.96966976121998,40.71116162899298],[-73.96938452370662,40.711015156538764],[-73.9695019739455,40.71090111460159],[-73.969766079348,40.710744219820434],[-73.96966487133983,40.71068058290681],[-73.9696558939857,40.710675455733295],[-73.96966265557415,40.71061652087841],[-73.96970155962707,40.7105210643616],[-73.96975094814051,40.71051508535047],[-73.96990852394997,40.71051834057244],[-73.97001876284286,40.71050229611711],[-73.97052725786055,40.7099624648599],[-73.97231459975498,40.70907715245099],[-73.97687825196265,40.7065831807197],[-73.9786879470888,40.70544921611332],[-73.97919174403094,40.7059609455745],[-73.97932560849405,40.705755211839175],[-73.98033214009892,40.70584583468918],[-73.98200564380298,40.70584269282762],[-73.98158925526208,40.70575891994185],[-73.9809663388662,40.70570329849217],[-73.98114032864449,40.70563841106174],[-73.98115715594324,40.705670018167375],[-73.981198681577,40.70568027457885],[-73.9812615351374,40.70568284678311],[-73.98141305324518,40.705703371492206],[-73.98153315339539,40.705693141201515],[-73.98162632799584,40.70563678139386],[-73.98164879268104,40.705574431763466],[-73.98167124394662,40.705565040304606],[-73.98201695492722,40.705518970636824],[-73.9821752153637,40.70550874473089],[-73.98224142445329,40.70555658833239],[-73.9823323349535,40.70557026848395],[-73.98246775843047,40.705497915084244],[-73.98307986502105,40.705519131786744],[-73.98344236715407,40.70564474461479],[-73.9855098620822,40.705481880488755],[-73.98652697578906,40.70465242131506],[-73.98664618503726,40.704758160665676],[-73.98663489898608,40.70499286687987],[-73.98694291928925,40.70516815347791],[-73.98751949978194,40.705140793261144],[-73.98817310325134,40.705075701260895],[-73.98860499988929,40.70454801084851],[-73.98887846873137,40.7045521097094],[-73.98894898613338,40.70456659942867],[-73.9890410677617,40.704589681139616],[-73.98907473801698,40.704599933962925],[-73.98925039857752,40.70465188840623],[-73.98931231531729,40.70467028802088],[-73.98941704178482,40.70473919313407],[-73.98947156754511,40.70478137989585],[-73.98955213816323,40.704829186389446],[-73.98960782884679,40.70485366643375],[-73.98965954055583,40.70490586293781],[-73.98967516319392,40.70491688029763],[-73.98968189724519,40.704917734586374],[-73.98971781341746,40.70491432125963],[-73.98981770989032,40.70489383089552],[-73.99012074636077,40.704945106314426],[-73.99021166366374,40.70491778085559],[-73.9903778061698,40.70471621535777],[-73.99039138494085,40.7045821042073],[-73.99051981938102,40.704395925084796],[-73.99073273073726,40.70430276558923],[-73.99092497951796,40.70404832604403],[-73.99132739586281,40.7040029397641],[-73.99189794919236,40.704165768624456],[-73.99213325321779,40.70468087576688],[-73.99309345909074,40.70462924712266],[-73.993626348027,40.70458274573003],[-73.99361651129773,40.70450830799882],[-73.99434096661778,40.704429482694664],[-73.99454465353786,40.70428045155819],[-73.994672076727,40.704187781375936],[-73.99476526071614,40.70397920014651],[-73.99480691240706,40.70391878130498],[-73.99487242634434,40.703825113021516],[-73.99496506649761,40.70367358711491],[-73.99487528299659,40.703591584361256],[-73.99485174166172,40.7032234433249],[-73.99496397801965,40.70321746979297],[-73.99505062095504,40.70313683542831],[-73.9959572619427,40.703275591070465],[-73.99699098358411,40.70262817460314],[-73.99813693170884,40.701524633296344],[-73.99778580346612,40.70132978061138],[-73.99743525682351,40.70120264085941],[-73.99686968821563,40.701020004843414],[-73.99679376132569,40.701042310235835],[-73.9968012711561,40.70097174722736],[-73.99689213362282,40.70082894202396],[-73.99693953717117,40.700731413342474],[-73.99688972051447,40.70071283444445],[-73.99700563742643,40.700513832467685],[-73.99713414204523,40.700285074163006],[-73.99716945103694,40.70002323224215],[-73.99721695070201,40.6998956434444],[-73.99750041668261,40.699653147440806],[-73.99769581318198,40.69921068667375],[-73.99775719582274,40.69905673001936],[-73.99764290396512,40.698773867844835],[-73.99755135259525,40.69878668202348],[-73.99753253839596,40.69882436175468],[-73.99750209404267,40.698748890969306],[-73.99773000019167,40.69870270301441],[-73.99793547262121,40.69877324940968],[-73.99814711866748,40.69844455703646],[-73.99889205562744,40.6971713808508],[-73.99883447101595,40.69709759139418],[-73.9987527565815,40.696924263507185],[-73.99900321472161,40.69673608316055],[-73.99920774043153,40.69682433136884],[-73.99938202600916,40.69681040240949],[-73.99959946528047,40.69653729955224],[-73.99948194820766,40.69640666623868],[-73.99940696689993,40.69629251240896],[-73.9994270339036,40.696066093944886],[-73.99945053865797,40.69602284514369],[-73.99958492607705,40.69606201890288],[-74.00028265385662,40.69494968542633],[-74.00065728157026,40.69458554538255],[-74.00114800793092,40.693682659525926],[-74.00140946869735,40.69314881099663],[-74.00171744178269,40.69252079451477],[-74.00174658621292,40.69244334005708],[-74.00420753743306,40.69245579712784],[-74.01178397259135,40.6924051013584],[-74.01210382984343,40.69260921174702],[-74.01233611125924,40.69255964626368],[-74.01254591322697,40.69231875167516],[-74.01313944854545,40.69218267466073],[-74.01344361418084,40.692123048984385],[-74.01427057819423,40.69284289331147],[-74.01399779407096,40.69656647390702],[-74.01502933211874,40.70041911714452],[-74.015025628146,40.70097871830895],[-74.01468094632509,40.70082924087748],[-74.01432635312204,40.70065849985489],[-74.01415525265553,40.700576279962846],[-74.0140883982543,40.70054407234749],[-74.01358316018657,40.70094298696056],[-74.01357773098563,40.70046982256806],[-74.01365735128037,40.700163172582336],[-74.01351133352195,40.70020907000569],[-74.01325785648311,40.70039725697487],[-74.01317359248823,40.699932606921166],[-74.01313995127417,40.69978838834884],[-74.01309861251978,40.699772069477625],[-74.01305229400734,40.69977573532135],[-74.01301625299344,40.69979817836388],[-74.01300522777905,40.69983439910804],[-74.01311306344525,40.70032125413557],[-74.01288188801581,40.70042036178126],[-74.01265961247755,40.70011630783374],[-74.01261247265786,40.70010179225171],[-74.01253503930961,40.70013340418234],[-74.01255753179568,40.70038196107075],[-74.0124084092046,40.700624936291845],[-74.01219050976945,40.70023166904566],[-74.01202661747483,40.70003693974436],[-74.01187960260957,40.700076246155575],[-74.01186053446193,40.70013945506513],[-74.01217234645529,40.70038241848768],[-74.01245964080684,40.70114515383382],[-74.01224425552007,40.70083892453038],[-74.01205341718232,40.70069699426467],[-74.0117062163549,40.70046803799707],[-74.0116719911976,40.70045916152363],[-74.01163839530082,40.70046933440813],[-74.01162153503653,40.70049367785266],[-74.01152473304127,40.70081569357398],[-74.0113993414057,40.70058109926843],[-74.0113376120543,40.70056487633781],[-74.01129721463218,40.700601608593466],[-74.0111457429109,40.70084420328627],[-74.01089427507006,40.70042227534635],[-74.01107505540212,40.700957812398585],[-74.01110424783774,40.70102699592122],[-74.01111439713497,40.70127954262012],[-74.01004052070374,40.70171035976035],[-74.00930978398306,40.70194793209353],[-74.00761539032403,40.702971916979934],[-74.00677234577094,40.703572707334516],[-74.00659768695533,40.703684793359486],[-74.00634162488024,40.70384853247679],[-74.00605038107112,40.70403680191164],[-74.00547159473216,40.70441497190872],[-74.00438854627035,40.70512054837109],[-74.00398129266631,40.70536950867488],[-74.00364981978623,40.70541376809416],[-74.00310143337715,40.70543562608149],[-74.0023404213888,40.704740565362634],[-74.00224666709195,40.70498099750334],[-74.00251473955998,40.705498519506726],[-74.00192838232269,40.70529034608184],[-74.0011381623307,40.70506051185773],[-74.00059709495426,40.70540939569461],[-74.00097625620693,40.70642076735958],[-74.00140180275605,40.70684745854303],[-74.00110446153661,40.70690409673576],[-74.00054437634485,40.707190241803545],[-73.99998653115398,40.707499446227864],[-73.99994949106916,40.70756436226953],[-73.99959788205155,40.70774652778858],[-73.99956934034589,40.70780585876485],[-73.9992625311984,40.707967528679326],[-73.9986504810704,40.70829378371917],[-73.99729480604518,40.70873593240164],[-73.99681914637912,40.70883083500703],[-73.99489843030567,40.70911197299365],[-73.99332696998788,40.709311763744296],[-73.99209187596699,40.70950549979999],[-73.99201537466101,40.709516756309334],[-73.99189624455566,40.70953496802309],[-73.99180908652178,40.70954840378168],[-73.99171184708538,40.70956262399444],[-73.99126945802013,40.70962680853079],[-73.98894702204011,40.70995374928269],[-73.98869205810875,40.709929499874846],[-73.98868549080507,40.70992639066584],[-73.9885633769782,40.70993038767325],[-73.98841082637053,40.709899744238406],[-73.98848694314808,40.70917471716805],[-73.98845439739814,40.709143110473974],[-73.98827742276255,40.709144763936244],[-73.98693568529214,40.709276195847316],[-73.98506225821866,40.7094579027268],[-73.98342903598737,40.70960971787885],[-73.98146354561881,40.70980074792689],[-73.9811513762859,40.71023289836016],[-73.97942585657535,40.71042233964282],[-73.9792292978735,40.7104349862397],[-73.97842155801585,40.71048404337848],[-73.97823649371617,40.71050277428569],[-73.97811143904526,40.71052713010638],[-73.97799069575314,40.71056482588318],[-73.97781671701067,40.710655373976486],[-73.97759731145278,40.710798914341645],[-73.97734963718132,40.710976186365784],[-73.97711664762906,40.71115386960514],[-73.9769781673191,40.711272269070584],[-73.97686508687357,40.71137861383458],[-73.97675024437464,40.7114973230437],[-73.9766087018162,40.711664507511706],[-73.9764795340743,40.71184052924199],[-73.97638882610849,40.71198602600183],[-73.9762686895672,40.712210655305284],[-73.97614728722442,40.7124680673052],[-73.97597761721497,40.71278463265445],[-73.97552142721733,40.71378584036443],[-73.9753490764222,40.71415312541512],[-73.97525637866796,40.714351451959686],[-73.97523053286184,40.71440550944595],[-73.97521487137807,40.714438925818165],[-73.9751950588339,40.71448032071664],[-73.97517222895102,40.71452978083254],[-73.97514742001485,40.714583080292755],[-73.97514152222526,40.714597194520024],[-73.97511641808804,40.714648571319685],[-73.97432112217678,40.716511751476204],[-73.97440245200772,40.71654510467382],[-73.97425345477738,40.717030094318396],[-73.97396867581011,40.71749521938384],[-73.97327197646949,40.71955653771929],[-73.97311760459286,40.72014832851245],[-73.97329900955226,40.7203825374752],[-73.97322603880151,40.72053173048503],[-73.97322082570088,40.720730603234735],[-73.9729975890805,40.72093091359458],[-73.97266438082762,40.72205270871456],[-73.97229058555094,40.723643844719916],[-73.97208530262633,40.724488977115406],[-73.97189808191783,40.72540443871812],[-73.9717168762596,40.72610520112265],[-73.97154123782744,40.72742272039631],[-73.97153206332663,40.72790672361571],[-73.97141455831407,40.728862109968496],[-73.97145639346881,40.72915829494554],[-73.97156957956463,40.72945018229672],[-73.97173451626469,40.72972013414399],[-73.97202517716305,40.73006528180492],[-73.97247977644237,40.73040363495361],[-73.9729669194292,40.73079495013551],[-73.97321496598846,40.73103758705991],[-73.97356047674026,40.73184398389567],[-73.97395286980287,40.73338239709295],[-73.97351630114765,40.73497835702859],[-73.97347951004913,40.73497186040208],[-73.97344207041638,40.73497079817953],[-73.97339808465645,40.73497739235215],[-73.97334753172392,40.73499686045044],[-73.97332332286808,40.73501300995695],[-73.97330388879328,40.73503118940967],[-73.97328578193127,40.73505787896671],[-73.97327846933945,40.73507858264845],[-73.97327396620344,40.73510762298339],[-73.97327620030075,40.735136664881665],[-73.97328741807223,40.73516399970003],[-73.97330537496357,40.7351896287166],[-73.973330069298,40.73521184186343],[-73.97421811519462,40.73564082722569],[-73.97451115858209,40.73572972395447],[-73.97449304401032,40.73611750381535],[-73.97446603312817,40.73627807727429],[-73.97445029245795,40.73632761521701],[-73.97294243139059,40.7357994066534],[-73.97290201193906,40.73578573014232],[-73.97285934464914,40.7357771787778],[-73.9724988836653,40.7357984470027],[-73.97266366451638,40.73923131036843],[-73.97234554224889,40.74001278113483],[-73.97233655742451,40.740012778977],[-73.9723275734295,40.74001363049959],[-73.97231858836948,40.74001704486492],[-73.97231184886378,40.74002131435089],[-73.97230623136568,40.74002643778718],[-73.97230173705883,40.740032416074776],[-73.97229836629896,40.740038393731915],[-73.97222409646577,40.74040395207558],[-73.97216782945402,40.74068580715762],[-73.97216895015815,40.740692640477114],[-73.9721723167957,40.7406994743393],[-73.97217680616522,40.74070545479176],[-73.97218354182607,40.74071058120533],[-73.97219140021913,40.74071485420876],[-73.97219926051035,40.74071741804938],[-73.97204715030269,40.741925147689315],[-73.97188509885183,40.74272544464392],[-73.97146031453765,40.74338303438916],[-73.97122756430339,40.744034691277015],[-73.97112305217188,40.7441943916089],[-73.97078829170394,40.74440357325201],[-73.97048620952651,40.74484937223017],[-73.97043481358209,40.744876709237325],[-73.9703264439693,40.74501844182947],[-73.9703241959338,40.74502283392174],[-73.97032307045433,40.74502698226591],[-73.97032194140333,40.7450311738335],[-73.97032194780765,40.74503540261441],[-73.97032306474702,40.74503979467318],[-73.97032418723761,40.74504235690385],[-73.97032530816364,40.745045773714885],[-73.97032755310197,40.745048337135195],[-73.97032979783233,40.74505136791838],[-73.97022659215884,40.74518305389027],[-73.97003573347394,40.745416251819336],[-73.96959236869883,40.74579258699599],[-73.96882010181965,40.74666494161388],[-73.96807567115118,40.74778887942601],[-73.96796810294246,40.74791321848711],[-73.96723279755363,40.748790373982914],[-73.96598497843497,40.750297757512],[-73.96425804397244,40.75221718246347],[-73.9628711806452,40.753749938418565],[-73.9621968230753,40.75450990962998],[-73.96150603664573,40.755252262844124],[-73.96078398831274,40.75581542226214],[-73.96038705349605,40.756269467990066],[-73.96034293318054,40.75628929814422],[-73.96007337791202,40.75669874579922],[-73.95966005944962,40.75723548567843],[-73.95947569504166,40.75747970639287],[-73.95910777676342,40.75795491788029],[-73.95880462395408,40.758251617222676],[-73.95856104679746,40.75848047874945],[-73.95851893396845,40.75851772468737],[-73.95848218949082,40.75855091216773],[-73.95844833638066,40.75858118934667],[-73.95839641237583,40.758627066642],[-73.95838764457125,40.758635833492875],[-73.95833948377611,40.758678374850135],[-73.95771181221568,40.75924346511886],[-73.95752945768126,40.759443365043666],[-73.9575162019544,40.75960329701793],[-73.9573579791513,40.759679161922016],[-73.9572633849713,40.759758605423144],[-73.95708484692373,40.759828103948095],[-73.95531044349048,40.761405331430396],[-73.95354421484484,40.76317206010164],[-73.95182518976695,40.76510001538454],[-73.9504520090201,40.76664154435696],[-73.95013166983408,40.76700244607816],[-73.94982555851483,40.767343675278035],[-73.94965978407637,40.76752751736431],[-73.94878024958481,40.768700632867606],[-73.94858121135654,40.76894226730645],[-73.94697215252425,40.770672890178176],[-73.94608949496539,40.77155566634164],[-73.94491299116429,40.77253806677674],[-73.94394590594986,40.77354583155605],[-73.94314490495668,40.774436495809084]],[[-73.96178440868535,40.7491772491691],[-73.96181316575897,40.74917473818983],[-73.96183877620916,40.74915655195073],[-73.9618435691188,40.74914051372279],[-73.96181909569945,40.74913338981322],[-73.96175559220073,40.74916980322485],[-73.96173145033562,40.7492038865686],[-73.96174200170758,40.74922667377994],[-73.96176495819883,40.749221651175276],[-73.9617701369874,40.74919969675318],[-73.96178440868535,40.7491772491691]],[[-73.96448748680146,40.74652737217821],[-73.9644663312408,40.74648346145947],[-73.96443047656365,40.74646922509125],[-73.9643907311395,40.7464749265239],[-73.96436415829763,40.74649811715369],[-73.96435637757247,40.74653202421849],[-73.96432802866443,40.74655957364207],[-73.96428896008976,40.74658582840911],[-73.96417500164459,40.74674675675082],[-73.96414523710783,40.74678188254958],[-73.96412650962628,40.74680715123292],[-73.96411886061111,40.74682046013673],[-73.96411400280448,40.74683300988225],[-73.9641110599125,40.74685157920928],[-73.96411130420658,40.746868457477724],[-73.96411341394044,40.74687550099601],[-73.96411634104078,40.746879655944205],[-73.96412528437477,40.74688586592102],[-73.96414019381562,40.74689267298959],[-73.96415076227132,40.746895565104175],[-73.96416481876794,40.74689657354302],[-73.96418167408643,40.74689588629643],[-73.96419350993258,40.746893526147126],[-73.96421083757754,40.746886428337795],[-73.96423147786328,40.74687552691486],[-73.96426264774333,40.746856073944556],[-73.96430263369928,40.74682840297505],[-73.96434048527242,40.74679981821727],[-73.96437240954306,40.746773312684034],[-73.96439740197485,40.74674977396922],[-73.96441486908832,40.74672973139177],[-73.9644333977069,40.74670411050182],[-73.96446875866567,40.74664970831227],[-73.96448748680146,40.74652737217821]]],[[[-73.90993986325614,40.873417241841814],[-73.9095457528744,40.87303722013395],[-73.90929271740096,40.87271952638088],[-73.90896928337907,40.87223436310356],[-73.90867228834956,40.8715959305084],[-73.90861777237774,40.87136870034464],[-73.90882378895772,40.87120259075421],[-73.90895036990877,40.87102449927325],[-73.9090115251152,40.87073500973263],[-73.9090819406269,40.87043613624263],[-73.90914410327798,40.87028537402045],[-73.90925601872536,40.869902811005595],[-73.90933250379223,40.86948533687886],[-73.90932311935882,40.869377573381335],[-73.90930289597915,40.86935620419045],[-73.90929953280597,40.86934766040811],[-73.90935147547897,40.86921104029811],[-73.90937074541085,40.869106850834534],[-73.90940567172127,40.86907271280253],[-73.90942030138278,40.86907101605943],[-73.90953003291999,40.869114814586226],[-73.90957233780391,40.8690211203359],[-73.90945071523497,40.86899333131939],[-73.90944291921542,40.86898647518073],[-73.9094507978378,40.86896315959516],[-73.90952540662656,40.86872859206475],[-73.90961339306314,40.8685638138649],[-73.9097916855207,40.86818130219091],[-73.90984359966482,40.868065181448536],[-73.90986959024264,40.86798235043444],[-73.90986850968365,40.86794903869035],[-73.90993848200348,40.86779107906184],[-73.90996573567497,40.86760660807409],[-73.91007400263804,40.86741878288062],[-73.9101349303769,40.86729241964592],[-73.91022855445871,40.86711568682807],[-73.91025677363572,40.86704823240385],[-73.91035705666889,40.86693898193072],[-73.9103537971123,40.86685356617175],[-73.91035167473245,40.86675875558751],[-73.9104227032941,40.8666082993328],[-73.91046313604329,40.866555908716975],[-73.9104735081679,40.866520547337494],[-73.91047129593355,40.8664923593984],[-73.91056931037014,40.8663959182354],[-73.91062787356374,40.866353256992234],[-73.91068982052752,40.866303765423446],[-73.91069883044021,40.86629779314611],[-73.91071795173852,40.86630122530073],[-73.910726968528,40.866290128340474],[-73.91077100222947,40.866174854710856],[-73.91095249042539,40.86591619240165],[-73.9111643423533,40.8656678034507],[-73.91135472351108,40.865488582230746],[-73.91141998919144,40.86548094487197],[-73.91143912740378,40.86547241841778],[-73.9114436458944,40.86545875605425],[-73.91144144124671,40.865424588883016],[-73.9115744054435,40.86527180121187],[-73.91173663556359,40.86510878640001],[-73.91192480983081,40.86489454338922],[-73.91239917021441,40.8643636344227],[-73.91260763043793,40.86411951030891],[-73.9126448721917,40.86403327157805],[-73.912533119118,40.86387281956928],[-73.91250651876555,40.8637935842027],[-73.91237641230174,40.863704227107],[-73.91231357546718,40.863545314930334],[-73.91256499546346,40.86327001881875],[-73.91258300893475,40.86316457157746],[-73.91273956877346,40.86303059180848],[-73.91277670101715,40.86302634886025],[-73.91302432871193,40.863154616090355],[-73.91339223646992,40.86335455848547],[-73.91366430400961,40.86307741055466],[-73.91417234500528,40.862536834572545],[-73.91428831237252,40.86241605068856],[-73.91457681931655,40.86212744053148],[-73.91460766089364,40.862065116121826],[-73.91471255843663,40.86195507095998],[-73.91480709489177,40.86188683591671],[-73.9148088936721,40.86188076794074],[-73.91479540118432,40.8618747787227],[-73.91475041593148,40.861861933318814],[-73.91474817068172,40.86185820723228],[-73.91477522429983,40.86181753676634],[-73.91483497409067,40.8617210636391],[-73.91488337861335,40.86169974693277],[-73.91499263512422,40.86159903920762],[-73.9153774022676,40.861188934401056],[-73.91580516043676,40.86054144086608],[-73.91630320532838,40.86002532062075],[-73.91641834455643,40.86000765902168],[-73.91641905537556,40.85994791019018],[-73.91655691032054,40.85980608456086],[-73.91662560325685,40.85965670051565],[-73.91673454181152,40.859516226115694],[-73.91695766329597,40.85921829481783],[-73.91707594426306,40.85909196811467],[-73.91715252406888,40.859027963125264],[-73.91720551919285,40.85893063021143],[-73.91727192138295,40.85890846994232],[-73.91729443655784,40.858895673903035],[-73.91732148142584,40.85885981953907],[-73.91738336868222,40.85884876082123],[-73.91742728517676,40.85881462674311],[-73.91744867062135,40.858806100892345],[-73.91750491241102,40.85881211947759],[-73.91761519582587,40.85878401202044],[-73.91788652005559,40.85861935801415],[-73.91800557854042,40.85850174134685],[-73.91815331574789,40.8582957590337],[-73.91891777955621,40.857520390902],[-73.91899383157924,40.85742520840917],[-73.91904677074966,40.8573705812672],[-73.9191672581453,40.85727500299552],[-73.91942850831525,40.85697585804877],[-73.91958293573192,40.85680466629497],[-73.91986797574253,40.856450398944176],[-73.92007414110019,40.856200281081875],[-73.92014344034042,40.85612396922717],[-73.92029154891085,40.855954440737996],[-73.92030621327605,40.855921139901234],[-73.92029162977724,40.85588696429285],[-73.92030407500985,40.855828038447605],[-73.92039864939737,40.85576062723723],[-73.9204864395935,40.85572310577834],[-73.92053567777323,40.85565698782214],[-73.92056313244859,40.855557456530285],[-73.9205497345927,40.85547288848115],[-73.9204126523484,40.85534040287983],[-73.9203047648185,40.85525235311256],[-73.92030027750016,40.855242099721096],[-73.92031830762365,40.85521563413127],[-73.92033971813784,40.85518490074328],[-73.92037394709781,40.85517263716993],[-73.92041059571939,40.85517897039967],[-73.92054999068878,40.85525850061214],[-73.92078833190779,40.85537824343162],[-73.92080632831286,40.85537996401827],[-73.92081872011964,40.855365452103214],[-73.92129186879363,40.85479094458361],[-73.92150479231375,40.854525453720676],[-73.9213846789901,40.85429957102712],[-73.9217447614044,40.85421642043258],[-73.92182369032383,40.85412487416011],[-73.92222468509269,40.85360603979913],[-73.92251083950939,40.85323639239837],[-73.92286348506397,40.85275831372607],[-73.92348765382863,40.851902033134195],[-73.92394400204894,40.851223298364445],[-73.92392939035909,40.851213039332315],[-73.9238611834561,40.85118873598639],[-73.92387074794874,40.851123323367645],[-73.9239920028647,40.85097731292722],[-73.92402241568614,40.8508742311445],[-73.92405653560913,40.85078354796387],[-73.9241674885152,40.85069811654486],[-73.92426807037391,40.85054090270037],[-73.92437567388217,40.85021118251945],[-73.9245687934918,40.8499372721327],[-73.92472015788168,40.84968955649883],[-73.92499809787034,40.84934303998288],[-73.92546669504405,40.84876064873228],[-73.92603240855134,40.848081550035346],[-73.92619393602327,40.847967989754586],[-73.92637323970246,40.8477989684641],[-73.92646643400101,40.8476661044319],[-73.92655321980018,40.84754383503674],[-73.92678203792286,40.84729668007304],[-73.92682166092648,40.847226048078014],[-73.9268659975341,40.84709933458692],[-73.9269716677745,40.846879522885686],[-73.92715426842527,40.84665369937232],[-73.92720917696379,40.84656911745356],[-73.92726813781252,40.84649276045998],[-73.92731968090158,40.84639932272165],[-73.92741249264674,40.84623533392958],[-73.92760188927409,40.84605220181276],[-73.92763897847117,40.84601689605859],[-73.92773040095483,40.845959278621315],[-73.92770266446983,40.845935560275066],[-73.92792539576567,40.84556012848806],[-73.92798661085301,40.84546135205654],[-73.92811901998753,40.8452562988028],[-73.92814703862469,40.845180055331205],[-73.92820927169713,40.84497573895716],[-73.92860994906705,40.84463936811878],[-73.92865219386026,40.844488049327936],[-73.92891209179103,40.84382609808425],[-73.9290924915495,40.84349176513533],[-73.92920189985308,40.8430742043894],[-73.9291723920747,40.842832618202664],[-73.92930240615424,40.84263801045423],[-73.92961915344621,40.842247663883825],[-73.92964734849576,40.841928904690924],[-73.9299810678082,40.8413751360048],[-73.93029151667683,40.840779346026906],[-73.93045988251255,40.840436242599786],[-73.93044200607312,40.840188465546056],[-73.9306372267926,40.839786451522464],[-73.93083679076209,40.839386686478285],[-73.93100187551485,40.83918407433276],[-73.93113660454023,40.839007709423946],[-73.93126168542118,40.83877118832621],[-73.93133270733426,40.83860638265064],[-73.9314858789804,40.83839293965997],[-73.9315241979697,40.83831438172869],[-73.93157828779916,40.8382102095899],[-73.93166169892898,40.83802661954101],[-73.93171127935896,40.837932694083825],[-73.93179804316475,40.8377696056555],[-73.9319050686163,40.83758773761567],[-73.93236790303575,40.83698499059065],[-73.93261348227813,40.83657685666235],[-73.9328975804872,40.83588602637338],[-73.93307683045674,40.83544881273948],[-73.93318424530568,40.83487318725321],[-73.93323848829938,40.83461099922826],[-73.93328474710063,40.834459843804716],[-73.9333114857019,40.83433015656529],[-73.93331050614032,40.834305568000346],[-73.9333213177654,40.834285369859536],[-73.93332261989055,40.83423771915176],[-73.93332792103243,40.834206654259994],[-73.93337964263587,40.834029413722845],[-73.9334180155241,40.83389106591061],[-73.93343964811112,40.833625441540946],[-73.93345515672672,40.833463177783564],[-73.9334562891543,40.83344165211612],[-73.9334582678457,40.83340851866234],[-73.93346580655398,40.83337222227735],[-73.93347862129876,40.83333930668984],[-73.93347753074126,40.83331777883905],[-73.93347978072623,40.83329076620193],[-73.93348675168458,40.833267343857536],[-73.93347148369524,40.8332519284904],[-73.93347372270725,40.833235890173526],[-73.93349826859219,40.83320910831421],[-73.93352192337001,40.83310591267092],[-73.93352501038002,40.83307531204364],[-73.93353758676862,40.83305067185554],[-73.9335480155366,40.83301824385213],[-73.93355259931035,40.833001312693],[-73.93356725942087,40.832970055967344],[-73.93357200037613,40.83293461883402],[-73.93357556434397,40.83289888205816],[-73.93358737374565,40.83285272680572],[-73.9335976389842,40.832782149249304],[-73.9336160699417,40.83263247514426],[-73.93359961243853,40.83261161831918],[-73.93359572741207,40.832575877251834],[-73.93359500824911,40.83251125013924],[-73.93360053638794,40.83247223849157],[-73.93359234182935,40.83243173042478],[-73.93358755855391,40.83226612490185],[-73.93344438868756,40.831145457687796],[-73.93337745039216,40.830546165804634],[-73.93332610641997,40.83031376160918],[-73.93331822821843,40.83012599754689],[-73.93318169698661,40.82904417269383],[-73.93305420666297,40.82810310104738],[-73.932982595075,40.82797537191939],[-73.93284688925269,40.82772878237535],[-73.93259867872501,40.827710126087624],[-73.93263526244357,40.82705366109189],[-73.93252542031595,40.826503656163574],[-73.93246225514953,40.826125188622306],[-73.93254867318572,40.82598681681707],[-73.9319421568876,40.82538714456695],[-73.93240568446254,40.825164133881806],[-73.93248240536435,40.825160400347336],[-73.93257069547452,40.825157360605594],[-73.93258280046942,40.8245309539909],[-73.93183070346525,40.82414100144215],[-73.93250565712124,40.824088221488864],[-73.93249041768576,40.823927780214476],[-73.93248319307453,40.823868843928395],[-73.93248088870705,40.82382202579487],[-73.93247003259577,40.82362699992711],[-73.93246342358916,40.823559568718174],[-73.93245132666512,40.823511466141596],[-73.93242413372144,40.82350286397979],[-73.93232651472127,40.82341916235918],[-73.93239170213788,40.82329271872708],[-73.9324213650534,40.823214103900376],[-73.93242897688535,40.82316241718654],[-73.93242756015056,40.823086709852],[-73.93242658805791,40.82295019047597],[-73.93241966388864,40.82282785762626],[-73.93239983490619,40.822665260529966],[-73.93232082426874,40.822582792673394],[-73.93157352090331,40.82258009949969],[-73.93155586265739,40.82224989598544],[-73.93225979213453,40.822169025672444],[-73.93231534222497,40.82213020098083],[-73.93233016287643,40.822083833224056],[-73.9323311558521,40.821855730908204],[-73.93233079550527,40.8217100105916],[-73.93230645620665,40.82159917853247],[-73.9317232119018,40.821615137243555],[-73.93166059582117,40.82155010142771],[-73.9316682998539,40.821377846452464],[-73.93170975150775,40.821326765141144],[-73.93180525452145,40.82132467758015],[-73.9318885220016,40.82132615588276],[-73.93194050214521,40.821328189278816],[-73.93206024316937,40.8213173224636],[-73.93210966302499,40.82129483646129],[-73.93225178231678,40.82125167641414],[-73.93229328107887,40.821153777214434],[-73.93230518711704,40.821060391926586],[-73.93230054446862,40.820950429588954],[-73.93228271595484,40.820903243915616],[-73.93227344684159,40.82074672679468],[-73.93226039557246,40.82064698554796],[-73.93223441540844,40.82045781740337],[-73.93219007733423,40.82014579092021],[-73.93216438196342,40.82001252303424],[-73.93218523960633,40.819979750926095],[-73.93224451194985,40.81992146061018],[-73.9322669106128,40.81985361865409],[-73.93227451064017,40.81978182382693],[-73.93227502014012,40.819743583639415],[-73.93229488970228,40.819711351227674],[-73.93233943175423,40.81960611202534],[-73.93234734191026,40.81954279824938],[-73.93235421049782,40.81948962345288],[-73.9323655336384,40.819402573685586],[-73.93235004792587,40.819152302180335],[-73.93226074143888,40.81853836764658],[-73.93205526961249,40.81806288891285],[-73.9322373293813,40.81738779089983],[-73.93216650940354,40.81733005982323],[-73.93225318251723,40.816712770586356],[-73.93225248954548,40.81615347146203],[-73.93225405514858,40.81496131317296],[-73.93216094776744,40.81495239033094],[-73.93167983263844,40.814892316831454],[-73.93166879566917,40.81469244131429],[-73.93167330042114,40.814684756438375],[-73.93221406244912,40.814681659145506],[-73.93230768941059,40.814371662116436],[-73.93232656604174,40.81421281285569],[-73.9323352118877,40.814102592547904],[-73.93234305512661,40.81399486974631],[-73.93236130857122,40.81360467600694],[-73.93219724803306,40.81353026969164],[-73.93200846170282,40.81344986925983],[-73.93208053071527,40.81333289478928],[-73.93209949410912,40.81332856015793],[-73.9321222677771,40.81332214041353],[-73.93230754924429,40.81340477633928],[-73.93240612876131,40.81264379578156],[-73.93250369159286,40.81177519326725],[-73.93252059851635,40.81173078791419],[-73.932557702927,40.81172568489242],[-73.93261616327432,40.81172315625844],[-73.9326262862161,40.811717183769964],[-73.93263416806532,40.81170522976568],[-73.9326211112634,40.81151148994948],[-73.93263019378925,40.810828537000454],[-73.93269478290595,40.81074419537255],[-73.93267190285825,40.81063527039568],[-73.93273520869865,40.81047771030892],[-73.9328469007814,40.8103749124429],[-73.93279194044618,40.810106152017084],[-73.93263579334192,40.810069033309055],[-73.93254458194016,40.81009517276239],[-73.9325010432441,40.810025183989715],[-73.9323096949452,40.810047058360276],[-73.93222034902962,40.809915968100974],[-73.93231004879094,40.80984130738215],[-73.93245286910562,40.809738307537714],[-73.93255089830693,40.80961511646609],[-73.93250123001255,40.80928124844921],[-73.93245157605854,40.80910190047752],[-73.93241440639528,40.80890542331869],[-73.93218187742437,40.80846298997513],[-73.9318351028057,40.808010439975554],[-73.93175614483974,40.807934705481365],[-73.93167987120827,40.80786260513306],[-73.93162776515645,40.8078134079351],[-73.93106496642797,40.80720469338746],[-73.93068947390134,40.80691387560316],[-73.93054724091823,40.80673545978894],[-73.93050908520343,40.80667393905268],[-73.93054063608314,40.80660050170306],[-73.9305441078449,40.80650569390912],[-73.93025671063197,40.80615019808352],[-73.92990263676766,40.805711611609404],[-73.92950841927959,40.805206870451414],[-73.93003812255742,40.80481333570127],[-73.93114709255252,40.80496774913668],[-73.93159508237054,40.80546939639554],[-73.93275053373883,40.806687226088165],[-73.93316936090395,40.80714785127019],[-73.93330270027562,40.807313301416755],[-73.9333546128412,40.80737430598435],[-73.93348475630816,40.80751656443296],[-73.93367227415507,40.807839140919064],[-73.93409385260291,40.808609776046495],[-73.93422936785757,40.80911398471456],[-73.93426893733292,40.809276541784584],[-73.93433715705211,40.809584529383585],[-73.93432766677931,40.81008846697175],[-73.93428097126223,40.810730263949345],[-73.93427065992134,40.8108973049261],[-73.93426611354688,40.81094769599425],[-73.93413840644169,40.81167765216266],[-73.9340714022196,40.81208443171378],[-73.93397418947612,40.81284969820265],[-73.9338673268145,40.814045406652696],[-73.9338624800268,40.814108942967884],[-73.93385933504662,40.81416671527428],[-73.93385474802936,40.814257461165134],[-73.93400723202353,40.81448994619524],[-73.93394789374271,40.81539854366304],[-73.93391976373664,40.81558120420243],[-73.93390289375797,40.815587172933355],[-73.933826809783,40.81558495999422],[-73.93383106118988,40.815771095194606],[-73.93383669410136,40.815908906904944],[-73.93381903428096,40.816008201789664],[-73.93381723775154,40.81639520198166],[-73.93382479663138,40.816520053029855],[-73.93380513295848,40.81658413281688],[-73.93380848748498,40.81689024518764],[-73.93380037262934,40.81700853521256],[-73.93379389029087,40.81737663842456],[-73.93379521878401,40.81804409555595],[-73.93381276317339,40.81807693413941],[-73.93384771887544,40.81832781098929],[-73.93384810593714,40.81852987187425],[-73.93385750557073,40.81874810634095],[-73.93381908760074,40.81876270025859],[-73.93382153321795,40.81939533657581],[-73.93382367778968,40.8194999376897],[-73.93382470839937,40.81959474706319],[-73.93397842322138,40.81991428362677],[-73.93406125109779,40.82144151079365],[-73.93409988452494,40.8221504863653],[-73.93420661920113,40.823679234850644],[-73.93431653631788,40.82449648042953],[-73.93451222335565,40.827028702633264],[-73.93454170362757,40.82792300043901],[-73.93456413191686,40.82798451159458],[-73.93459956810267,40.82812982661296],[-73.93469091600174,40.828973347944306],[-73.93478953207403,40.829690091595445],[-73.93485448607159,40.83004087021715],[-73.93508966921829,40.83204340980238],[-73.9351479965476,40.83286332496693],[-73.93515442735409,40.833286419637034],[-73.93500648231083,40.83444459820229],[-73.93493408567129,40.8348784587571],[-73.93490382211105,40.83528391802359],[-73.93472489190141,40.83565806047143],[-73.9345822563175,40.83585539138302],[-73.93451023288627,40.83590574486096],[-73.934446924164,40.83598577452765],[-73.93435136925306,40.836205456041625],[-73.93404298160428,40.83689118458565],[-73.9338715211403,40.83720352268359],[-73.93359840440178,40.83769235195573],[-73.93329263160363,40.83823532636049],[-73.93294082426432,40.83886187498456],[-73.9327957681914,40.83912864374562],[-73.93235509890226,40.83991915727496],[-73.93114819431636,40.84207038363071],[-73.93086233821855,40.8425990947836],[-73.9304977514644,40.843582682329725],[-73.9300349766356,40.84469134783305],[-73.92956071160697,40.845460403269165],[-73.9294734978474,40.845584751240295],[-73.92937061217879,40.845723554161495],[-73.92926879957044,40.84586093126556],[-73.92916628955061,40.84600585217549],[-73.92890347432882,40.846402731170976],[-73.92852593952279,40.846944741127565],[-73.92843635856352,40.847073454206615],[-73.92830143658331,40.84726731127845],[-73.92767893859785,40.848160705459435],[-73.92706645672361,40.849046174553564],[-73.92682769119571,40.84934299664549],[-73.92659994342223,40.84969721810068],[-73.92593736507146,40.850654603802184],[-73.92499503379213,40.8520603641428],[-73.92463202223432,40.85256132409666],[-73.92429725296469,40.85303844918437],[-73.92384223019364,40.85365495035234],[-73.92361464986894,40.85396057976484],[-73.92313586778238,40.85456584220035],[-73.92252201141885,40.85535173063673],[-73.9222922808984,40.85566952965337],[-73.92232888087958,40.85570267076174],[-73.92232855294179,40.85571232920886],[-73.92228516021294,40.85576191344619],[-73.92225921302347,40.855825956002676],[-73.92226368471184,40.85584987425881],[-73.9223757313907,40.85598274332317],[-73.92237633766986,40.85651604064363],[-73.92224268637138,40.856668865720344],[-73.92219398760872,40.85678666933611],[-73.9220459796752,40.856870870687224],[-73.92179019188971,40.85705767191017],[-73.92157918700933,40.85716263487888],[-73.921688383174,40.85729565482494],[-73.9216677303472,40.85736576383052],[-73.92152540622219,40.85737860446396],[-73.92121475513582,40.85765093981084],[-73.9210594030025,40.857758743938625],[-73.92103924109281,40.85785223080428],[-73.92115838012688,40.857947941702],[-73.92086635546075,40.857932869268325],[-73.9208278404951,40.85803742044181],[-73.92107025995331,40.858147426604134],[-73.92116030319683,40.858340706468134],[-73.92117293627496,40.85862937279822],[-73.92126986550761,40.858832621193166],[-73.9218289396417,40.85910544658075],[-73.9220450447916,40.85949188434022],[-73.92185648091989,40.85965755329551],[-73.92174423812926,40.859848248832996],[-73.92144824652803,40.8603337470259],[-73.92134293194914,40.86032963927918],[-73.92097883436718,40.85978484589792],[-73.92068351813887,40.859315724516776],[-73.92062395518396,40.85926358206959],[-73.92053061677002,40.85923362242997],[-73.92047217344027,40.859186605366716],[-73.92042944104999,40.859172910058206],[-73.92039793057566,40.85918142947558],[-73.92035964983616,40.8592070265178],[-73.92035064702938,40.859209583099364],[-73.92027980302946,40.859183909810035],[-73.92024831829785,40.85917193043629],[-73.92024607963181,40.85916253316985],[-73.92027200974503,40.85911642796233],[-73.92026977210095,40.85910617703183],[-73.92025291443663,40.85909164496996],[-73.91962724465783,40.85882862143772],[-73.91951079616219,40.85878193356283],[-73.91950066487804,40.85878790575252],[-73.91909853612384,40.859206149116105],[-73.91877980246197,40.85955141280002],[-73.91873689004588,40.85963466985498],[-73.91869181901747,40.859693573406105],[-73.91868615073133,40.85972858858772],[-73.91865686165725,40.85976102522252],[-73.91859942753095,40.85980881607083],[-73.91857973024146,40.85987016429732],[-73.91843153057079,40.86003077195899],[-73.91839912885895,40.86009426064075],[-73.91840995826605,40.86011018356799],[-73.91840703041689,40.86014454061182],[-73.91842146544464,40.860183696040025],[-73.91842974104782,40.86021527128553],[-73.91842228556045,40.86023063288393],[-73.91800550528731,40.86065740313322],[-73.91789170429503,40.860799108915856],[-73.9178939500653,40.86080252697446],[-73.91790856398583,40.86081193218913],[-73.91789838677593,40.860853777938615],[-73.91783184144374,40.86099039168334],[-73.91780472855463,40.86108176403545],[-73.91763239752338,40.861244781167734],[-73.91749159874803,40.86138219533991],[-73.9173923669884,40.86156747134652],[-73.91718729507038,40.86182100144314],[-73.91703418779188,40.86190374285295],[-73.91681134077233,40.86197532895282],[-73.91673139027749,40.86203335289822],[-73.91657611610756,40.86215676277233],[-73.91630349361279,40.8623371136109],[-73.91594534892049,40.86263750799911],[-73.91572232626876,40.86284575383622],[-73.91561749603062,40.86288240010322],[-73.91534938617605,40.86316502332156],[-73.91550251483663,40.86332891038053],[-73.91522010554195,40.863675387352394],[-73.91526237164992,40.86394009309647],[-73.91598434702682,40.86428244880442],[-73.9156599360233,40.864377269639654],[-73.91533329203105,40.864429030102734],[-73.91495363757691,40.86457724976915],[-73.9148763055728,40.864588416449216],[-73.91429907232452,40.86464009149891],[-73.91393890917406,40.86474488177184],[-73.91384766792446,40.8648293723734],[-73.91309145267233,40.865811056720965],[-73.91256288998383,40.86648713037451],[-73.91254484922479,40.86651701115306],[-73.91254751792806,40.86652347869031],[-73.9126269298854,40.86655721715623],[-73.91270453045865,40.8665820456544],[-73.91266019288186,40.86669621578099],[-73.91203305495617,40.86745693029371],[-73.91186114090156,40.86767687690179],[-73.91185456362429,40.867785002634534],[-73.91175403531533,40.86800578430383],[-73.91159067856047,40.8681838372687],[-73.91133759236739,40.86867138045637],[-73.91132903930205,40.86879090661608],[-73.91121562146029,40.86881734871746],[-73.91110488836284,40.86895439805486],[-73.91105808698279,40.86913895145261],[-73.91138137537693,40.869329411389934],[-73.91140152992006,40.86949108085907],[-73.91127262241709,40.86950406952039],[-73.91112426207009,40.86943787836393],[-73.91093283855949,40.86943877894064],[-73.9108632397028,40.86983009573581],[-73.91076969478515,40.870532340868614],[-73.91071452588338,40.87086885680218],[-73.9106390927835,40.87113113601303],[-73.91045765751855,40.87148172583298],[-73.91055981862912,40.87202349672418],[-73.91071873722687,40.872421076542764],[-73.91088798145496,40.87257566005569],[-73.91097607040489,40.87267495197562],[-73.91107243107481,40.872831428519156],[-73.91122879190686,40.87301423640641],[-73.91139968029141,40.87312369693922],[-73.91141314066618,40.873156164478246],[-73.91144085318605,40.87318600992541],[-73.91151526512272,40.87324117779815],[-73.91158736612756,40.873294667142396],[-73.91167840363241,40.873362864204786],[-73.91160729622173,40.873418531082535],[-73.91142873996338,40.873418394176674],[-73.91130476902329,40.87341829896095],[-73.9111435956505,40.87341817497279],[-73.90993986325614,40.873417241841814]]],[[[-73.96994498935754,40.774705152445364],[-73.97045458010462,40.77450264770259],[-73.97061747181363,40.77449280363512],[-73.9707933712552,40.774565899840425],[-73.9710025777635,40.77465872877516],[-73.97104264688855,40.775128242957514],[-73.97113696120854,40.77534889787869],[-73.97142786839332,40.775538345183804],[-73.97161377831628,40.775670584015565],[-73.97182131514322,40.77556865843643],[-73.97226828643984,40.77544859930088],[-73.97266496357872,40.775414821678226],[-73.97282760808243,40.77537390618699],[-73.9732056517287,40.77538944283709],[-73.97328503749272,40.77511101864309],[-73.97324771537032,40.774970632421095],[-73.97333586909403,40.77480302607565],[-73.973397279307,40.77454852938014],[-73.97352779065342,40.77451040423527],[-73.97350942486432,40.77459248534304],[-73.97368979939016,40.774902442787514],[-73.97374765409039,40.77554493761709],[-73.97361043676116,40.77578499197377],[-73.9736988181096,40.77614517718497],[-73.97390436913881,40.77694386966354],[-73.97378871621166,40.77727093110187],[-73.97370891604734,40.77736462190126],[-73.973600593831,40.7774532885142],[-73.97346770264647,40.77758701771102],[-73.97333408116086,40.77771792620978],[-73.97319183037935,40.77764910383104],[-73.97307310113372,40.77755119334497],[-73.97297557801592,40.77749321688529],[-73.97295153360696,40.77739580660498],[-73.97289247604337,40.777366032924924],[-73.97279381197409,40.7773849562426],[-73.97268860272588,40.777413155800524],[-73.97266307602536,40.77753415114994],[-73.97265995189224,40.77762446268931],[-73.9726172005324,40.77768609912697],[-73.97270170123329,40.77775298507551],[-73.97277874194555,40.77777530333984],[-73.97276084540717,40.7779597093756],[-73.97274526132149,40.778160986860335],[-73.97254713254624,40.77829009256417],[-73.97237383078343,40.7783946237708],[-73.97236308641827,40.77857147352712],[-73.97226497438372,40.77856582631865],[-73.9721723313525,40.77840232590993],[-73.97204533726668,40.77843700052834],[-73.97191958339805,40.77855580292765],[-73.97192306653469,40.77868976788713],[-73.97172675727776,40.77874737003939],[-73.97163728471935,40.77885231959136],[-73.97152029007772,40.779042027441754],[-73.97135587707093,40.779238925607004],[-73.9712321675135,40.779275420056535],[-73.971150189997,40.77918575817791],[-73.97122042921238,40.77899823626482],[-73.97127322615472,40.778897594008505],[-73.97135589056401,40.77884129718039],[-73.97143561053797,40.778739272962156],[-73.97161512776545,40.77866579581952],[-73.97171499720818,40.77860604774171],[-73.9717763843864,40.77843717360229],[-73.97174761734667,40.77832538811077],[-73.9718133916869,40.778204740518355],[-73.97186720842097,40.778092437623606],[-73.97194396616821,40.77798813494897],[-73.97193228539618,40.77791646472884],[-73.97177933493009,40.777834175492046],[-73.97162357365926,40.77788840421136],[-73.97153530419746,40.777991206295894],[-73.97144533481597,40.7781155010784],[-73.97141805481219,40.778142488671875],[-73.97139793870481,40.77806602113186],[-73.97140331722979,40.77796297528835],[-73.9715854266754,40.7778062167714],[-73.9715665528082,40.77751963805351],[-73.97134686419399,40.7773840003981],[-73.9715278375156,40.77721577918123],[-73.97180422646882,40.776791740215785],[-73.97190034863037,40.776568801085375],[-73.97218906659003,40.776212060517956],[-73.97207333718416,40.77590223893845],[-73.9718722272943,40.77587485796847],[-73.97154383146659,40.775955364214376],[-73.97133340149026,40.775883905804086],[-73.97119508241778,40.77589979219595],[-73.97067606554647,40.77572113754582],[-73.97043353232296,40.775817219530914],[-73.9703198686549,40.77596076644186],[-73.97018226393149,40.77601002262608],[-73.97005686978368,40.77606662811914],[-73.96987471064662,40.77604252101269],[-73.96978039282519,40.775998469845014],[-73.96994027982012,40.77589343111918],[-73.9700025996349,40.77575180730679],[-73.97019485382094,40.77552236770553],[-73.97021142960554,40.775429118640005],[-73.97025693742107,40.77536393400372],[-73.97034886192559,40.77521096139163],[-73.9704876268063,40.77494279039331],[-73.9702501133297,40.77498977067719],[-73.96990807411476,40.775221794534005],[-73.96955989095888,40.77543226941828],[-73.96918217551334,40.7754229838908],[-73.9689798786858,40.77539619728742],[-73.96900341670806,40.7749794879007],[-73.96987633372022,40.774816544716025],[-73.96991368440003,40.77471786928004],[-73.96994498935754,40.774705152445364]],[[-73.97231991649646,40.775927512506726],[-73.97232365362775,40.77613884244373],[-73.97249936696547,40.77604086210933],[-73.97231991649646,40.775927512506726]]],[[[-73.9612794506935,40.7947805138055],[-73.96105402214745,40.79482684872529],[-73.9609747587565,40.79486616746177],[-73.96077413475753,40.79493416004972],[-73.96065992595425,40.794923187255314],[-73.96044297173431,40.79492031424918],[-73.96014392816619,40.7948824973929],[-73.95998704804562,40.79485704893981],[-73.95995819987509,40.794794883710544],[-73.9597926413139,40.79476830275024],[-73.95965867557351,40.79479700170189],[-73.95965978502389,40.79476703975361],[-73.95971536753656,40.794692665285496],[-73.95974868279242,40.79460346979041],[-73.96000173509212,40.794574743682276],[-73.96025476135121,40.79450392763787],[-73.9605036326815,40.794457325860996],[-73.9605811596047,40.79454473242189],[-73.96069228478292,40.794591589169734],[-73.9607803914475,40.79448899729886],[-73.96095752482599,40.794443079703825],[-73.96113031674906,40.79432571739943],[-73.96118878534683,40.79427484894288],[-73.96115722294518,40.79437710900308],[-73.96113973499247,40.79444832185616],[-73.96131820718209,40.79456921458578],[-73.96141898608445,40.79459001119194],[-73.96161926450728,40.794621120092415],[-73.96170558961157,40.79472324659556],[-73.96172989692776,40.79485263400508],[-73.96164415846187,40.79494738673044],[-73.96144108668156,40.79492776822088],[-73.9612794506935,40.7947805138055]]],[[[-73.96790337468651,40.77994598953696],[-73.9677131050085,40.77981226766186],[-73.9676307153872,40.77979892162058],[-73.96766145535616,40.779706479306356],[-73.9678013805348,40.77965287648032],[-73.96773287044077,40.77955600201471],[-73.9675453007751,40.77955844463218],[-73.96742089596931,40.77956497508883],[-73.967323262411,40.7795429445768],[-73.96725326941817,40.77948814356347],[-73.96708170087281,40.77948068084711],[-73.96700312159382,40.77943378813922],[-73.96702549774893,40.77931237173923],[-73.96698582760442,40.77919165977621],[-73.96712297892233,40.77903993015569],[-73.96728904446898,40.778937453442104],[-73.96738024586953,40.77897874210528],[-73.9675235068203,40.779027147640186],[-73.96774717127803,40.779130492652264],[-73.96764602090289,40.779294171083365],[-73.96773302080709,40.7793312628458],[-73.96800939350213,40.779317872891895],[-73.96812704100164,40.77936511881805],[-73.96846643292427,40.779438078119476],[-73.9685754317861,40.77946314725621],[-73.96860580282014,40.77948678110738],[-73.96875439548162,40.77946433595589],[-73.9687967856813,40.77950598035535],[-73.9688817863418,40.779536548371084],[-73.96883302623486,40.77960137854775],[-73.9688731317713,40.77964226227657],[-73.96884423676131,40.779686691543695],[-73.96890365010023,40.7798049570196],[-73.96880049779587,40.77992171885007],[-73.96834045420657,40.77994012571024],[-73.96821100096082,40.77993934805855],[-73.96806843284766,40.779935579662855],[-73.96790337468651,40.77994598953696]],[[-73.96844307066664,40.77989343851264],[-73.96860277706405,40.77988921195601],[-73.96871760537749,40.779848191097614],[-73.96874322075243,40.77970687325572],[-73.96859383246849,40.779692042792774],[-73.96843515362245,40.77975624125496],[-73.96831631189782,40.77984674601828],[-73.96837858551818,40.77990227727325],[-73.96844307066664,40.77989343851264]]],[[[-73.9287216993519,40.80412204388008],[-73.92854458349525,40.80417864765009],[-73.92834055607408,40.804242498746476],[-73.92805570450118,40.80400220149959],[-73.9278530335511,40.80391344773464],[-73.92773627364514,40.803970445520676],[-73.92765211149317,40.80401732403317],[-73.92750188765714,40.80383789259685],[-73.9273063625054,40.80347910433629],[-73.92734494083977,40.80339550471969],[-73.92729455415376,40.80321695802991],[-73.92743862301991,40.803041095797],[-73.9276156172164,40.80256374175157],[-73.92747936854997,40.80267345397275],[-73.92681640084986,40.80242927078277],[-73.92586072562621,40.80249860097343],[-73.92562543156033,40.80218872542272],[-73.92564593108065,40.80189625830879],[-73.92572812270458,40.80182897196241],[-73.92581246635993,40.801734933109444],[-73.92587151721308,40.80164143173859],[-73.9260917799751,40.80123373164341],[-73.92622957923689,40.800982812027875],[-73.92633163703742,40.80083414722034],[-73.92640708787542,40.8007043659174],[-73.92643371898217,40.80068359578844],[-73.92648504470897,40.800653982291855],[-73.92649144935413,40.80064890125617],[-73.9265146779358,40.8006273518076],[-73.9265792180732,40.80056183477616],[-73.92667712714491,40.800451712888794],[-73.92650972933686,40.8003815663439],[-73.92653788015885,40.80033546070681],[-73.9266673118927,40.80017838075297],[-73.92667915332655,40.80015063579273],[-73.92665448994951,40.80013882986311],[-73.92664137957688,40.80012768144162],[-73.92673945516047,40.800015252520524],[-73.92679446588461,40.79995194813669],[-73.92683171357625,40.799906868467595],[-73.92690325348985,40.79981882159123],[-73.92693201924166,40.79977448302406],[-73.92705357176577,40.799464373940715],[-73.92723903095805,40.7989758620691],[-73.9273294172829,40.798714378872674],[-73.92736510926694,40.79858890863571],[-73.92741952164847,40.798388064842044],[-73.92746073463056,40.79822289951514],[-73.92746986013549,40.798099908700095],[-73.92746439089746,40.79796238904054],[-73.92761621711323,40.797950525844364],[-73.92892996063831,40.79907881034922],[-73.92899344660204,40.80067780156145],[-73.92900856853444,40.800824413971036],[-73.92902126340083,40.80094345699451],[-73.92920029537493,40.801144700817815],[-73.92977616671726,40.802627196385956],[-73.9299482519381,40.802934020971456],[-73.92994978596577,40.803210485005984],[-73.92999668066585,40.80328952417433],[-73.93003708111537,40.803351901050895],[-73.930173961049,40.80359455955059],[-73.93089589326149,40.804627202196286],[-73.93100355531152,40.80477794624218],[-73.93003812255742,40.80481333570127],[-73.92901631152343,40.80453255327028],[-73.9287216993519,40.80412204388008]]],[[[-73.90993986325614,40.873417241841814],[-73.91115399002929,40.87341818297582],[-73.91130515101258,40.87341829925453],[-73.91142992033394,40.8734183950826],[-73.91161564897473,40.873418537480156],[-73.91191787928292,40.87352468040171],[-73.9119291313762,40.87352468898957],[-73.91196291027335,40.873507632499326],[-73.91197529042735,40.87350593371683],[-73.91261181593534,40.87377717722353],[-73.91294058004281,40.87384442834784],[-73.91302919417885,40.87384240603198],[-73.91315291479177,40.87387763265795],[-73.9132687488146,40.87393568690569],[-73.9134936497259,40.873988736887924],[-73.91368063338764,40.874026735229734],[-73.91393802737076,40.87412068000562],[-73.91432833546051,40.87423798616712],[-73.91470290604275,40.874344176354455],[-73.91502123284992,40.874436657211284],[-73.91531258329587,40.87450605589232],[-73.91546337473847,40.87450018720974],[-73.9155376158785,40.87451988662032],[-73.9157390214527,40.87453113777174],[-73.9158520657931,40.87451738245383],[-73.91590075256529,40.8745126273474],[-73.91597534425274,40.87451508148276],[-73.91606147156082,40.874504528304946],[-73.91615204249128,40.874513979934775],[-73.91619249336671,40.87453402987153],[-73.91626111997641,40.874545183608646],[-73.91639635167853,40.874513783481305],[-73.91660676677131,40.874414947761906],[-73.91674668792568,40.87435768138762],[-73.91695230822148,40.874317629949026],[-73.91745890773242,40.87412581481444],[-73.91772311782664,40.87399849705658],[-73.91786149725061,40.87391150671327],[-73.91797909225978,40.873864821694774],[-73.91813667628355,40.8738230806959],[-73.91834744024916,40.873671006974966],[-73.91863188489229,40.87340337654872],[-73.91837746423415,40.873248914409466],[-73.91851992753881,40.87319040770149],[-73.91889484540962,40.87327510880087],[-73.91901265398639,40.87337784270624],[-73.91917301948651,40.87358575722336],[-73.91919915661535,40.87361371317606],[-73.91926436610662,40.87365817359927],[-73.91927222229225,40.873674407695],[-73.91926768825833,40.87370173704375],[-73.91924834241327,40.873887923768436],[-73.91923348576495,40.874068988947194],[-73.91920524261718,40.87416121518887],[-73.91913082003624,40.87429013728201],[-73.91902711517872,40.87443953749436],[-73.91897641895352,40.8744881868037],[-73.91884463649416,40.874594006917945],[-73.91883448070242,40.874617061276545],[-73.91883879857393,40.87462706693544],[-73.91886594747987,40.87464953969702],[-73.91903930588973,40.87474248646274],[-73.91987240531334,40.8750553436707],[-73.92080401926216,40.87545160895482],[-73.92094786900209,40.87542653714214],[-73.92110785820277,40.87525496498767],[-73.92117437798314,40.875142264841365],[-73.92116986565293,40.87511383875529],[-73.92112497531029,40.87505340154481],[-73.92104138037429,40.87495452302092],[-73.92097520459403,40.87484862265175],[-73.92089687238158,40.87475598170185],[-73.92081264833435,40.87463808066459],[-73.92074305302,40.87449539286932],[-73.9206513570782,40.87427001691684],[-73.92061605133469,40.87421215247957],[-73.92055637527838,40.87415319337228],[-73.92053643135466,40.87413993255928],[-73.92053193047529,40.87413992945997],[-73.92050603127956,40.87415443199438],[-73.9204947760143,40.87415698703006],[-73.9204470697952,40.87412599266794],[-73.92031766473977,40.874040320090245],[-73.92000415135385,40.873853119511715],[-73.9199685726706,40.87381667819815],[-73.91993826636454,40.87375430646954],[-73.9199266143352,40.873645043944805],[-73.91998787063964,40.87335804047935],[-73.92001187098847,40.87331541089078],[-73.92012733675156,40.87320226076164],[-73.92019829302062,40.87314876141109],[-73.92050852045304,40.87301502337707],[-73.9205602951636,40.873003100544146],[-73.92120340796795,40.87304871266027],[-73.92205616637733,40.87357209638661],[-73.9225629084999,40.87422021093436],[-73.92267649476916,40.87525672455371],[-73.92253723649321,40.87549825909943],[-73.92241326786441,40.87595036122942],[-73.92244143859757,40.87608181177189],[-73.922441377493,40.87614843432422],[-73.92242434738688,40.876277591553915],[-73.92243642710736,40.87653364437445],[-73.92241039202987,40.8766651629229],[-73.92253826218649,40.876845907373664],[-73.92259132802947,40.876886867445236],[-73.92273344232558,40.87698417122936],[-73.92283510651525,40.87703760665361],[-73.92290615071728,40.877089997682624],[-73.92294458571693,40.87716556526273],[-73.92296792537056,40.87718997145284],[-73.92301724301251,40.8772225677958],[-73.92307476094248,40.87724897783057],[-73.92315237769557,40.87727294559185],[-73.92332340106596,40.87729184982222],[-73.92351976261847,40.87726989926009],[-73.9237015844868,40.877219499551224],[-73.92378668556228,40.87721508576144],[-73.92386924364925,40.877235013114124],[-73.92403264925474,40.877301837021406],[-73.92429575240308,40.87736630652804],[-73.92451722780585,40.87739171657869],[-73.9247672672265,40.87745111032039],[-73.92491664275094,40.87745091133925],[-73.92496616764495,40.877440694199215],[-73.92502107656725,40.87741866073559],[-73.92508851029199,40.877357411936714],[-73.92513737276273,40.8772990200061],[-73.92520045075449,40.877244396804606],[-73.92532634038122,40.8771692191742],[-73.92568228211321,40.877061069843535],[-73.92581753806182,40.87703723450867],[-73.92592321192483,40.87704527350327],[-73.92635296915141,40.87709754901413],[-73.92643412138865,40.87722097478367],[-73.92642132857577,40.877305824980034],[-73.92640926713352,40.87736548269827],[-73.9263278089021,40.877414239856506],[-73.92629289163384,40.87744411194856],[-73.92627818006154,40.87751841168821],[-73.92629952115452,40.87755429894305],[-73.92631188844315,40.877564556189846],[-73.9263444998525,40.87758251291917],[-73.92641424513423,40.87760561979806],[-73.92496858076154,40.87894612264012],[-73.92497236017654,40.87893286361979],[-73.92497061252756,40.87891926692543],[-73.92496450872585,40.878910650695936],[-73.92495214332287,40.87889868508398],[-73.92490004081601,40.87887499178635],[-73.92487002549717,40.878871299162796],[-73.92458266658763,40.87903417739404],[-73.92396422912881,40.87898940009162],[-73.92371093001996,40.87896543935499],[-73.92360513132856,40.87893144981259],[-73.92302979876052,40.878919329688785],[-73.92290691761626,40.87894561304063],[-73.9224107302038,40.878691270137416],[-73.92210837589695,40.878595893052896],[-73.9216453620912,40.87819254664643],[-73.92156265921307,40.878122942214105],[-73.92144941222135,40.87802588268289],[-73.92105147729491,40.87766512436162],[-73.92045417746209,40.87714315536614],[-73.92018565440272,40.876832959961924],[-73.91988183308828,40.87652429725789],[-73.91972569479995,40.87647160477089],[-73.91964683521869,40.876378358405816],[-73.9195604865121,40.87629678969459],[-73.91947165918013,40.87624799604541],[-73.9190964571798,40.87608310283033],[-73.918540520054,40.87588081696631],[-73.91842898723941,40.87586209718554],[-73.91831573623313,40.87583792902919],[-73.91818033145933,40.875795464251446],[-73.91810951790232,40.87577474962705],[-73.9180403465236,40.87579811771165],[-73.91801496103888,40.8758020150018],[-73.91786601366319,40.875746702877],[-73.91756165320098,40.87573151975114],[-73.91709294891311,40.875844538308094],[-73.91658777562233,40.87583953947343],[-73.91622667163196,40.875741856819],[-73.91578033915681,40.87573244693568],[-73.91548757100028,40.87563979421521],[-73.91407318960384,40.87520625617446],[-73.91364993838654,40.87506196211493],[-73.91354632125045,40.87505502822092],[-73.91347660661877,40.8750393795196],[-73.91314987675933,40.87492474148401],[-73.91294206124236,40.87486051246649],[-73.91281522419474,40.87483389013342],[-73.91266673944058,40.874796195987344],[-73.91244966920053,40.874717452212444],[-73.91243954154163,40.87471744452865],[-73.91241702570073,40.87472596857318],[-73.91234953775769,40.87470541772136],[-73.91234167181942,40.87469687061639],[-73.91231922763248,40.874690636595545],[-73.91223707107724,40.874660917467565],[-73.91216319464644,40.87461900206799],[-73.91197276706572,40.87456249181176],[-73.91195137811337,40.87456930839908],[-73.91168704312629,40.87449479632868],[-73.91160496459023,40.87444604859226],[-73.91150934029073,40.87442974670817],[-73.91136650666327,40.87437497295639],[-73.910818884913,40.87409610388022],[-73.91071385461379,40.87403239506359],[-73.91063787202843,40.87398321911612],[-73.91055237210425,40.87392409435057],[-73.91048948243012,40.87387804594246],[-73.90996233852054,40.87343946722476],[-73.90993986325614,40.873417241841814]]],[[[-73.95251536836767,40.79750622736862],[-73.95194348739162,40.79730485655728],[-73.95164773358859,40.7971426015053],[-73.95156874076483,40.79704941254706],[-73.951410170181,40.79695265105128],[-73.95124396140982,40.79689544866111],[-73.95111765383886,40.79684241786474],[-73.95101355867821,40.79684176583555],[-73.95086660507903,40.796881805244354],[-73.95071805464245,40.79689537269232],[-73.95061701432543,40.79682743086639],[-73.95039888023466,40.79684338951458],[-73.95020674332771,40.79678841220893],[-73.95008386741003,40.79665131470315],[-73.95005310305272,40.7964979804797],[-73.95015317545611,40.79636169352998],[-73.95051959191953,40.79600531109585],[-73.950667856844,40.795851532345765],[-73.95093561992826,40.79566094326636],[-73.95097775643919,40.79538140999251],[-73.9510283322973,40.795216775071246],[-73.95142886394662,40.79496300264712],[-73.95153796961525,40.794766553161246],[-73.95157808808574,40.79462634235224],[-73.95172087976343,40.79464007094123],[-73.95193479424793,40.794638540343875],[-73.95194268563216,40.79476334663832],[-73.95164934403527,40.79497426604792],[-73.9515185114798,40.79529979136741],[-73.95161099506538,40.7955620891348],[-73.95179546672614,40.795675990521204],[-73.9519387540234,40.79565634291544],[-73.95185458389294,40.79583265628734],[-73.95181516732437,40.796101403909766],[-73.95183727849225,40.7962907450438],[-73.95198921824785,40.796394338894906],[-73.95219932534863,40.79635637649871],[-73.95235166969505,40.796438705636085],[-73.9522088524495,40.79656892451715],[-73.95212572718937,40.79666258342228],[-73.95213922953123,40.79682079513149],[-73.95228424315614,40.79696662815078],[-73.95264843704643,40.79699151416418],[-73.95364669156308,40.796709199026665],[-73.95416583920863,40.79687098599933],[-73.9542900679631,40.79711118149516],[-73.95399227955069,40.797554083643526],[-73.95353022096842,40.79772045560384],[-73.95310089249547,40.797689533262194],[-73.95251536836767,40.79750622736862]],[[-73.95363648236774,40.796845003790494],[-73.95351059213435,40.79685691082103],[-73.95336557317205,40.79690126758908],[-73.95336436428322,40.79702340908171],[-73.9534609870601,40.797075551047094],[-73.95362398900701,40.797031201396734],[-73.95370722655892,40.796935571168895],[-73.95366233059588,40.79684843068052],[-73.95363648236774,40.796845003790494]]],[[[-73.95885161450737,40.80401322638318],[-73.95875668877099,40.80400491687774],[-73.9588307093029,40.803882060383394],[-73.95886915186355,40.803751187517896],[-73.95886536579057,40.80358786901435],[-73.95903298868859,40.80336072746385],[-73.95907345735269,40.80335647077261],[-73.95916448617956,40.80338725238605],[-73.9592228586557,40.80351453963925],[-73.95923514507308,40.80364266514568],[-73.95920915050006,40.803873273673666],[-73.95915063515828,40.80397831233568],[-73.95889433784842,40.803997012837826],[-73.95885161450737,40.80401322638318]],[[-73.95915301950627,40.80375623669166],[-73.95918680745308,40.803646919107855],[-73.95905453683862,40.803689655798294],[-73.9590996509989,40.803789768550466],[-73.95915301950627,40.80375623669166]]],[[[-73.9533772096026,40.750747194872766],[-73.95321089089411,40.7506744421906],[-73.95319519274227,40.75067488696638],[-73.95316242845158,40.75066445839568],[-73.95310937006256,40.75064495526143],[-73.95307900862767,40.75063080135121],[-73.95305282951516,40.75061159009487],[-73.9530423603452,40.75060543987383],[-73.95301644553633,40.75059766154131],[-73.95296979269213,40.7505807066857],[-73.95295986867404,40.75057560126664],[-73.95294922279678,40.750566506310236],[-73.9529396062252,40.75056535783851],[-73.95291578068083,40.750563632637856],[-73.95289346152661,40.75055660857038],[-73.95286353155574,40.75054361913391],[-73.95284007072249,40.75053019379198],[-73.95282026260828,40.75051549572546],[-73.95280719345206,40.750498904851504],[-73.95278613979617,40.75046898771669],[-73.95277066483729,40.7504586579713],[-73.9527438416892,40.75044283408386],[-73.95272899249858,40.750426731445344],[-73.95271994490551,40.75042142825383],[-73.9526968959092,40.750413436705045],[-73.9526819424967,40.750402388558015],[-73.95267172484718,40.75039564497287],[-73.95265913873718,40.7503942359118],[-73.95263490202495,40.750393002160266],[-73.95261707947486,40.75038535313576],[-73.95259686421535,40.75037218302179],[-73.95258017468045,40.7503581462679],[-73.95257626357737,40.75035146920629],[-73.95257893766708,40.750342637243385],[-73.9525860465978,40.75033664640154],[-73.95259512478383,40.75033054290598],[-73.9525951339088,40.750319383838686],[-73.95259531774438,40.75030898036784],[-73.95259027584531,40.75030559148946],[-73.95258310800565,40.75030618017146],[-73.95257850153928,40.75030989556406],[-73.95257353350208,40.750320849075365],[-73.9525669975067,40.750323759521095],[-73.95254878241523,40.75032530269018],[-73.95253227624104,40.75031985323054],[-73.95252160339282,40.75031218912724],[-73.95250558144849,40.75028691702343],[-73.95249318878922,40.750255035799185],[-73.95248294565815,40.75021269157968],[-73.95247859932357,40.750172112082375],[-73.95248100927515,40.750120243025826],[-73.9524918476498,40.75002692264747],[-73.95249612254106,40.75000993816408],[-73.95250189130098,40.75000357666646],[-73.95250887562783,40.749999588503314],[-73.95252479501046,40.75000086477946],[-73.95256273054765,40.75000700565145],[-73.95267674176121,40.75003417129017],[-73.95273434067671,40.750046867762386],[-73.952771583388,40.750051577377086],[-73.95287654260207,40.75005818505445],[-73.95291928298855,40.75006310128528],[-73.95297244599088,40.75007289889701],[-73.95302354129387,40.75008475149635],[-73.953059955115,40.750096264003155],[-73.95312710444315,40.7501234479102],[-73.95321661700096,40.75016058245027],[-73.95325839940523,40.750174121412236],[-73.9536112031347,40.75029330103453],[-73.953634034322,40.75031150134995],[-73.95364654054727,40.75032561911428],[-73.95365148769181,40.75033933581219],[-73.95365350976672,40.750358613758806],[-73.95365163568525,40.750373403816525],[-73.95364232645255,40.75039005583009],[-73.95362561654562,40.75041006375102],[-73.95360369344799,40.750431100649216],[-73.953595897189,40.75044138759114],[-73.95359635907624,40.750448067730986],[-73.9536099284104,40.75046763488931],[-73.9536161797125,40.75048411306518],[-73.9536165783181,40.75049835112652],[-73.95361339416019,40.750501860917275],[-73.95359447777736,40.750508893454],[-73.9535877184544,40.75051286646474],[-73.95358311046316,40.75052052971524],[-73.95357763475471,40.750541442661465],[-73.95356702038306,40.75059406035296],[-73.95355385467506,40.75065112551403],[-73.95353978975703,40.75069524193462],[-73.95352967761737,40.750715292124084],[-73.95351742068866,40.75072904871124],[-73.95350208020069,40.75074126688857],[-73.95348992000646,40.75074704863068],[-73.95347364070314,40.75075050360127],[-73.9534578833613,40.75075090246311],[-73.95344253234799,40.7507476607413],[-73.95343533902445,40.75074738137823],[-73.95341936368331,40.750751341647906],[-73.95340623292765,40.750751437193806],[-73.9533772096026,40.750747194872766]]],[[[-73.95371766543745,40.75081634605182],[-73.95365118536195,40.75080620933982],[-73.95364961318775,40.75069510517786],[-73.95365527205267,40.750630472735644],[-73.9536694962215,40.75059050139385],[-73.9536777884426,40.75056005051582],[-73.95368851738544,40.75049919683183],[-73.95369668402196,40.75047392651278],[-73.95370393848872,40.7504628577071],[-73.95372047236872,40.75044906859889],[-73.95375255216923,40.75042546211073],[-73.95377088393653,40.750405942896606],[-73.9537824487588,40.7503996953241],[-73.95379643264592,40.75039696879889],[-73.95381709079355,40.750400199994644],[-73.9538577204797,40.750411545544246],[-73.95390890075892,40.75043125109726],[-73.95401348802443,40.75047853884963],[-73.95405768645044,40.75049712942376],[-73.95413490616798,40.75051934236232],[-73.95418385174992,40.750534519158684],[-73.95424609649127,40.750561263714914],[-73.95427628700565,40.750576326760786],[-73.95428016188518,40.7505808407345],[-73.95427749527416,40.75059289294904],[-73.95425536868846,40.75065181687915],[-73.9543393117654,40.750956063620215],[-73.95431738643377,40.75095797750699],[-73.95429884994581,40.75096350736518],[-73.95427939574282,40.75097423817852],[-73.95426484094058,40.75098741040464],[-73.95424391097828,40.7510141372139],[-73.95422929211021,40.75102401896127],[-73.9542088125114,40.75103118245104],[-73.95418896771172,40.751031293427026],[-73.95416620693159,40.75102721318506],[-73.95414919161365,40.75102127658152],[-73.9541288244673,40.751007850033105],[-73.9541088244354,40.750989225906906],[-73.95408049139925,40.75095564465343],[-73.95405621623173,40.75093600754536],[-73.9540236417316,40.75091442382783],[-73.95398669082553,40.750894433148986],[-73.95390059772193,40.75085737712343],[-73.95384230785672,40.75083568130257],[-73.95379757988664,40.75082573979442],[-73.95374041720812,40.75081791036521],[-73.95371766543745,40.75081634605182]]],[[[-73.95292713824152,40.75110556268488],[-73.95292675959192,40.7510850715171],[-73.95293102572192,40.75107372238287],[-73.95294836444516,40.75104915015656],[-73.95296079248186,40.75102809419906],[-73.95297343033782,40.750991605454594],[-73.95299083773624,40.75093846019508],[-73.95300068797651,40.7509189835689],[-73.95301965142615,40.750899195482035],[-73.953034510085,40.75089036037368],[-73.9530600737147,40.750882462550514],[-73.95307904208141,40.75088087098025],[-73.95311204964244,40.750882273901816],[-73.9531494312686,40.750887155446755],[-73.9531846643754,40.75089616042377],[-73.9532216483044,40.75090925349759],[-73.95325312982798,40.75092375992202],[-73.95327755836949,40.7509387893726],[-73.95329297969884,40.75095325865329],[-73.95330043014006,40.750965160059536],[-73.95330016956254,40.75097201730684],[-73.95329366823691,40.75098792210877],[-73.95329460824031,40.75099325978882],[-73.95330684501315,40.751006704801455],[-73.95332327527301,40.75101774355915],[-73.9533406485898,40.75102470250407],[-73.95335214663629,40.7510260939403],[-73.95336208643187,40.75102233294981],[-73.95338806496281,40.75100533560923],[-73.95339540260554,40.7510024749693],[-73.95341277453446,40.751002957463875],[-73.95343584057308,40.75100731083144],[-73.95346780975483,40.75102393268254],[-73.95349048537481,40.75103459572669],[-73.95354502270594,40.751053046589156],[-73.95358043161103,40.75106996426151],[-73.9536156330115,40.75109071529326],[-73.95362950722435,40.751096067183276],[-73.95364762173232,40.751098097911026],[-73.95366150920768,40.751094603232055],[-73.9536734570715,40.75108772366995],[-73.95369093137411,40.75107383859124],[-73.95370681840575,40.75106754323662],[-73.95372631614114,40.751065911249725],[-73.95378126561297,40.75106903825596],[-73.95382678096412,40.751077592406034],[-73.95384663737227,40.751081256418075],[-73.95387375269136,40.75107946266563],[-73.95391782095798,40.75108474286107],[-73.95393897447717,40.751089414141774],[-73.9539650258046,40.751100553909325],[-73.9539831996823,40.75110407854743],[-73.95399611133224,40.75110242947545],[-73.95401791461045,40.75109901085569],[-73.95403880011594,40.75110256448313],[-73.95406175377211,40.75111030268228],[-73.95407676267185,40.75111871939268],[-73.95408086222287,40.75112371253146],[-73.95407665426237,40.75113512746825],[-73.95407481158246,40.751142260541684],[-73.95408138554222,40.751147855304474],[-73.95409432379714,40.75115743914323],[-73.95410275408821,40.75117561741408],[-73.95410553856924,40.751190213923785],[-73.95410424099406,40.75120535271256],[-73.95409293619777,40.75122932327763],[-73.95406870723687,40.75127132492185],[-73.95404885829701,40.751311666874706],[-73.95403803650443,40.75132546010883],[-73.95403569420041,40.751334182375],[-73.95403518015245,40.751349824858195],[-73.95402863860068,40.75135901731353],[-73.95401456846697,40.75137662109042],[-73.95400259581893,40.751402221295095],[-73.95398393752062,40.751448451219126],[-73.95395965509688,40.75148535415336],[-73.95395071855316,40.75150234492839],[-73.95394811701047,40.75151948141606],[-73.95394492539391,40.75153202148559],[-73.95393285293787,40.751546049241384],[-73.95391102477973,40.75156809569976],[-73.95389047149317,40.75159931071472],[-73.95387865086276,40.75161216430585],[-73.95386570159286,40.751621822448804],[-73.95385681736255,40.751624770748485],[-73.95384441752127,40.7516241804517],[-73.9538364808683,40.75162161082946],[-73.95382787892207,40.75161022588785],[-73.95382304736223,40.75160723427153],[-73.9538024261871,40.751604789234044],[-73.95337400212846,40.75138118758962],[-73.95299979060435,40.751183887742805],[-73.95296910705913,40.75116442699183],[-73.95294916449207,40.75114698415187],[-73.95293551433781,40.75113127195053],[-73.95292916892556,40.75111574463502],[-73.95292713824152,40.75110556268488]]],[[[-73.924036555614,40.80255993859249],[-73.92398192999806,40.802557862051955],[-73.92387806625388,40.80255138736215],[-73.92370745659547,40.80253848208411],[-73.92321732119304,40.802449557447794],[-73.92303354807902,40.80244830656899],[-73.92296844741996,40.80242320669558],[-73.92291630442408,40.80238853864197],[-73.92290751655905,40.80233910436555],[-73.92235187609322,40.802073465980484],[-73.92228955007705,40.80197235464955],[-73.92210506203905,40.80193709985676],[-73.92207039836043,40.80192427312998],[-73.92205096506632,40.801915168550416],[-73.92202624667287,40.80190090053211],[-73.92199522575739,40.80188103614341],[-73.92195877992508,40.801856013616074],[-73.92192283201092,40.80182982796924],[-73.92189277281096,40.80180642704302],[-73.92183739392992,40.80176017768505],[-73.92180509821107,40.80173008721104],[-73.92179044651984,40.8017139799463],[-73.92177902839268,40.80169819275007],[-73.92176417759876,40.801674046589675],[-73.92162398603794,40.80152576069112],[-73.92136231460972,40.801326834176486],[-73.92128699268176,40.80124347937541],[-73.92126615347269,40.8012180116291],[-73.9212448994639,40.801186584991264],[-73.92120082908046,40.80111320739971],[-73.9211428052956,40.80101579492237],[-73.9210623560034,40.8008908468975],[-73.92101645210926,40.80081905645708],[-73.92099717029988,40.80078455051422],[-73.9209899315183,40.800768208692396],[-73.92098281695809,40.80074605243042],[-73.9209683431739,40.80068624754498],[-73.92048526080296,40.799887708975234],[-73.92004358736821,40.799489608670385],[-73.91947856206374,40.79922938249529],[-73.91910487013133,40.79900499368443],[-73.91883648983504,40.79887441717153],[-73.91873484320021,40.798846829886244],[-73.91862094652444,40.79881622529386],[-73.91838578548156,40.79871719586908],[-73.91835103745947,40.79870359262562],[-73.91832299273368,40.79869490094479],[-73.91828511941881,40.79868657059438],[-73.91823184037383,40.798677217142554],[-73.91779020321096,40.798474407632455],[-73.91691875749918,40.79816802621873],[-73.91636977784835,40.7979348121947],[-73.9163013603952,40.79788136739563],[-73.91626542565741,40.79785571667247],[-73.91619917016156,40.797810399493464],[-73.91614863996857,40.797771925809066],[-73.91608677889579,40.7977506929297],[-73.91606424756976,40.79775868377014],[-73.91604997961649,40.79776237173271],[-73.91604202916227,40.79776284050554],[-73.91603716171772,40.797761623086274],[-73.91602447825319,40.79775481507252],[-73.91599911529757,40.797738056299046],[-73.91598855392661,40.797732320522144],[-73.91597591162156,40.797728585939176],[-73.91596927768413,40.79772809303227],[-73.9159614421372,40.79773046824156],[-73.91595150018675,40.79773530568221],[-73.91593167375055,40.79774826562651],[-73.91592232328055,40.797752950411024],[-73.91591562014236,40.79775470689928],[-73.91590920767429,40.797754305100966],[-73.91590107577105,40.797752079435995],[-73.91589436609658,40.79774869226282],[-73.91589242577629,40.797744437786015],[-73.91589282284212,40.79773778878443],[-73.91589496631588,40.797732247771556],[-73.91590087084266,40.7977257621768],[-73.91591543923532,40.797714058201706],[-73.91592442934325,40.79770572432927],[-73.91592777546988,40.797700240023914],[-73.91593046471044,40.79769133604123],[-73.91593069995449,40.797685212813406],[-73.9159283052807,40.797680428511825],[-73.91592249820164,40.79767449988734],[-73.91591659165881,40.79767039110028],[-73.91590481591656,40.79766638248914],[-73.91588669998788,40.797662918555304],[-73.91586092150658,40.7976599668131],[-73.91581819646149,40.797655577198654],[-73.9158018851457,40.797652174902964],[-73.91578838233566,40.797646768342915],[-73.91576902763364,40.7976362147502],[-73.91573213933962,40.797612441605565],[-73.91570973526335,40.79759854852082],[-73.91567782056794,40.797582010910425],[-73.9156379596525,40.79756356471935],[-73.91560448076832,40.79754990033951],[-73.9155373805278,40.79752562504142],[-73.91542818558108,40.797486882011825],[-73.91538420918657,40.79747144848733],[-73.91536078781026,40.79746465593016],[-73.91532001863628,40.797456110859216],[-73.91526397670155,40.7974447404851],[-73.91523898792421,40.79743773963585],[-73.91519854599683,40.7974244113068],[-73.91504834017987,40.797365375588036],[-73.91481530239098,40.79726722200312],[-73.91467186160727,40.79717900378541],[-73.9144099235109,40.797075909448495],[-73.9141270317417,40.79694616661716],[-73.91389065220277,40.79686319289641],[-73.91351935957155,40.79682966486151],[-73.91394754701413,40.79633705427605],[-73.91473789846881,40.79594121623443],[-73.91484980460122,40.79611285144154],[-73.9149604739818,40.79623645834901],[-73.91501401104173,40.79627478709994],[-73.914961357531,40.796353653688065],[-73.9150417952147,40.796509714740225],[-73.91514573615414,40.79646708778935],[-73.91522474925199,40.79656799833599],[-73.91520099157991,40.79659663927519],[-73.91514952979323,40.79661809363938],[-73.91514198579239,40.796631662223795],[-73.91520171345536,40.79673132489904],[-73.91525980943818,40.79682369679424],[-73.91531084577352,40.79689273331736],[-73.91535004800141,40.79697777651964],[-73.91540766536139,40.79704522844831],[-73.915453723671,40.797070730181666],[-73.91549461602065,40.797057679505265],[-73.9155217660153,40.7970544107805],[-73.91556828996852,40.79708839101677],[-73.91566869166962,40.797186371377684],[-73.91575841158125,40.79723175104288],[-73.91585033810367,40.797251727343635],[-73.91588982648477,40.797276064261176],[-73.9159373608727,40.797341539169985],[-73.91599265195183,40.797395806686396],[-73.91606486811847,40.79743474828597],[-73.91619273856237,40.797491054135655],[-73.91622661693486,40.79752820367325],[-73.91625024722572,40.79755080718385],[-73.91626815696014,40.797564634764456],[-73.91631056950955,40.79759041626141],[-73.91633464887963,40.79760553152327],[-73.91634779632159,40.79761558794294],[-73.91636441840969,40.79763101566279],[-73.91639019878905,40.79765888142479],[-73.91642823948236,40.79770312986031],[-73.91644532209678,40.79772175737825],[-73.91645824267829,40.797734159422944],[-73.91647915328265,40.79775138853226],[-73.91650532015872,40.79777066648052],[-73.91653957656348,40.7977938665543],[-73.91657951001964,40.797819034716774],[-73.91661848413757,40.79784195452359],[-73.91665753461542,40.79786258530168],[-73.91671542871288,40.79788952057514],[-73.91678717706722,40.797920500061124],[-73.9168355347641,40.79793981466284],[-73.91696711059363,40.7979888552873],[-73.91704040250578,40.79801656781291],[-73.91720241692566,40.79808258738338],[-73.91728871747009,40.79811703402674],[-73.91735670909341,40.79814206806262],[-73.91745433438295,40.79817277031762],[-73.91752557578545,40.798195494097214],[-73.91757089575296,40.79821185527784],[-73.91760404093473,40.79822670210283],[-73.91767083712894,40.79825942626721],[-73.91770250694361,40.798273421938134],[-73.91774360249667,40.79828987458696],[-73.91781682736175,40.79831675540796],[-73.91797838614012,40.7983719882727],[-73.91814739612788,40.79843021766193],[-73.91822128374527,40.79845706717828],[-73.91827141768381,40.79847705781041],[-73.9183491870173,40.79851094830284],[-73.91849071711175,40.79857397269056],[-73.91855808288653,40.79860184484851],[-73.91861506604951,40.798621928418534],[-73.91868950608861,40.79864698152674],[-73.91872239084904,40.798660045756066],[-73.9188169236318,40.79870138227636],[-73.9189015885868,40.79873938623114],[-73.91905397633742,40.79880832213936],[-73.91911396305014,40.79883482092997],[-73.91918959043971,40.79886705243042],[-73.9192431724739,40.7988886632534],[-73.91929699929013,40.7989087667862],[-73.91934390325666,40.798924190055565],[-73.91944891914619,40.7989556963313],[-73.91950319317993,40.79897353802485],[-73.91953111500419,40.79898413659056],[-73.9195534276414,40.798994334114624],[-73.91958430838403,40.79901178753495],[-73.9196502919722,40.79905358431536],[-73.91968943605083,40.799077556781235],[-73.91971161186193,40.79908924180459],[-73.91976711112326,40.79911513109179],[-73.91984744836023,40.79915219661763],[-73.91988167778055,40.799169837789115],[-73.91990060854873,40.799178108527215],[-73.91991407002035,40.7991819675166],[-73.9199421556814,40.79918553859679],[-73.91995652650019,40.79918802675181],[-73.91996565883001,40.79919124427468],[-73.9199694567102,40.799194186142444],[-73.91997832728978,40.799206168045735],[-73.91998899087379,40.799218045834415],[-73.92005483159672,40.799261766650105],[-73.92010573770627,40.799285059148765],[-73.92017853659767,40.799322023764475],[-73.92023915218816,40.799348583636245],[-73.92027489948632,40.79936448867681],[-73.92029897409468,40.79937695022993],[-73.92031949351583,40.799390606084586],[-73.92034295511246,40.79940933738358],[-73.92036776334639,40.79943162838257],[-73.92040052540247,40.799463673677664],[-73.920460125522,40.7995250739615],[-73.92055271674435,40.79962539853909],[-73.92060350303136,40.79967899164414],[-73.92068224511897,40.799757921511386],[-73.92071795518699,40.799796404613254],[-73.92073629727878,40.79981862264591],[-73.92074806080026,40.79983545026494],[-73.92076717746157,40.799867990350926],[-73.92079986645155,40.79992593384675],[-73.92085410459475,40.800014797274365],[-73.9209050865941,40.8000916241654],[-73.92092367019282,40.80012014402838],[-73.92094988390055,40.800168709737584],[-73.9209663353677,40.80019553699311],[-73.9209866852991,40.800220531700404],[-73.92102312636548,40.80026349068815],[-73.92104301359521,40.80029298216268],[-73.92106738231672,40.80033463254496],[-73.9210882095505,40.80037390317879],[-73.921140649724,40.80048667619614],[-73.92117933406332,40.80056782054536],[-73.92120336499372,40.80061368680436],[-73.92121895425674,40.80064028740702],[-73.92123999665104,40.80067113218527],[-73.92128605965871,40.80073374835877],[-73.92130977283611,40.80076984756059],[-73.92134452918873,40.800833985038686],[-73.92136655582492,40.800872377549915],[-73.92139296027253,40.8009094655169],[-73.92142202740045,40.80094661292469],[-73.9214694030935,40.80100276613215],[-73.92149427463568,40.80103650677511],[-73.9215375989949,40.8010965923767],[-73.92155480422808,40.801116694227275],[-73.9215908823884,40.801154591975475],[-73.92163847229781,40.8012041761143],[-73.92166823154696,40.80123846754464],[-73.92169381911657,40.801270118570756],[-73.92170847256261,40.801290676117965],[-73.9217379540963,40.801337484281845],[-73.92175126246325,40.8013561201451],[-73.92176329983572,40.801369269302214],[-73.92178889323108,40.80139200896911],[-73.92184277741391,40.80143426182445],[-73.9219026373656,40.80148187217135],[-73.92194603611637,40.801514448311934],[-73.92198739497583,40.80154139313387],[-73.92202541791237,40.801563380236736],[-73.92204990950339,40.80157490067937],[-73.92207899740681,40.80158575065031],[-73.92214853597788,40.801608851316985],[-73.92217940814682,40.80162005276176],[-73.92220544213781,40.801632042472065],[-73.92223971170192,40.80165143533384],[-73.92231284001254,40.80169773878592],[-73.92235580156066,40.80172445042496],[-73.9223753189581,40.801734587882706],[-73.92241259928814,40.80175033209602],[-73.92242657863368,40.80175779763813],[-73.92244407719285,40.80177062081536],[-73.92248117079637,40.80180224158324],[-73.92249741728644,40.801814650581115],[-73.92251020567527,40.80182213962575],[-73.92252440655106,40.80182765122141],[-73.92254622058499,40.801833717235375],[-73.92258611677049,40.80184198180207],[-73.92265547464079,40.80185474160745],[-73.92272739075852,40.80186669984062],[-73.92292711539518,40.80189636001918],[-73.92300819183166,40.80190938318839],[-73.92305166417637,40.80191590931719],[-73.9230979320999,40.80191825717717],[-73.92317324704398,40.801917881460334],[-73.92330249915202,40.80191803416667],[-73.92335833993084,40.80191919512944],[-73.92339998267823,40.80192156140497],[-73.92345079591615,40.80192638131241],[-73.92357979430332,40.80194110811941],[-73.92363975369962,40.80194689664015],[-73.9236841506964,40.80194907643309],[-73.92379826944014,40.801950788133915],[-73.92384501897472,40.801952752399664],[-73.92389662816217,40.80195692607794],[-73.92404095424429,40.80197133560558],[-73.92409621657013,40.801975803363376],[-73.92418544082271,40.80197910297584],[-73.92446051694878,40.80198548800001],[-73.92456700835366,40.801988745501475],[-73.9246381989795,40.80199298388849],[-73.92483313865372,40.80200676993845],[-73.92505143294981,40.80200691207354],[-73.92518120158682,40.802013674474274],[-73.92523168893597,40.80201762080128],[-73.92527322001813,40.80201928754016],[-73.92529847640783,40.80201838179856],[-73.925320109769,40.80201465424132],[-73.92535341708657,40.80200544389648],[-73.92540383203709,40.80198834453428],[-73.92549073466932,40.80196961452285],[-73.92558357600863,40.80193235150361],[-73.92566779226308,40.80245146436963],[-73.92481610274716,40.80252288443176],[-73.92472888067651,40.80253824946016],[-73.9246986005697,40.802542410701896],[-73.92465329100797,40.802546208216924],[-73.92458380480426,40.80254951893884],[-73.92446543617876,40.80255344055543],[-73.92435909070215,40.80255862973868],[-73.92430862096707,40.802559720433784],[-73.92414856553832,40.802560012349076],[-73.924036555614,40.80255993859249]]],[[[-73.95599945817634,40.795594940374606],[-73.95589056055329,40.79569015363231],[-73.95599945817634,40.795594940374606]]],[[[-73.95557681076573,40.795901710043836],[-73.95546539539622,40.79590284310318],[-73.95555673780095,40.79583663128489],[-73.95556237273334,40.79589425644409],[-73.95557681076573,40.795901710043836]]],[[[-73.85885117128628,40.80670325544909],[-73.85867777577968,40.80670442978869],[-73.85859629409063,40.80668336354722],[-73.85851633472193,40.80653602208678],[-73.85850403076459,40.80642402628246],[-73.85841314227036,40.80640342382771],[-73.85840005226378,40.80636576327236],[-73.85842099001708,40.806251901923986],[-73.8584004445776,40.80618135227499],[-73.85838180545547,40.806099368620096],[-73.85834172439316,40.80607358760341],[-73.85840201310565,40.805969364920266],[-73.85852472414739,40.805834601843294],[-73.85868006902882,40.805919612227704],[-73.85880796908667,40.8059959719119],[-73.85885890159874,40.8060058623315],[-73.85885216570914,40.806040400846086],[-73.85888814646111,40.80607737527756],[-73.85894995360381,40.80622705719308],[-73.85899996739478,40.80630038210803],[-73.85905705633587,40.80636478179581],[-73.85907096694605,40.80645890999503],[-73.85897474595166,40.8066617045572],[-73.85885117128628,40.80670325544909]]],[[[-73.85281773578663,40.81445337257787],[-73.85256344403301,40.814525245136274],[-73.85223059358913,40.81450182029479],[-73.85241704513872,40.814332207108166],[-73.85204580164583,40.81432808248974],[-73.85177742565381,40.81431938296104],[-73.8512775251964,40.814105429156356],[-73.85097055324599,40.81408216372226],[-73.85076217336436,40.814045902165006],[-73.85051999144589,40.81384721852958],[-73.85042934017625,40.813609002861284],[-73.85018199166358,40.81355053472544],[-73.8499374714862,40.81342166065887],[-73.84987362343207,40.813407228095414],[-73.84971303234806,40.81335162470876],[-73.84954927579481,40.813309120121524],[-73.84938945382936,40.81326006841336],[-73.84931507623033,40.8132158936249],[-73.84923123793595,40.81319434134937],[-73.84909179325469,40.81314829382104],[-73.8489570745537,40.81309272323864],[-73.84879497513472,40.81301150280957],[-73.84869707457145,40.81296908425746],[-73.8486219659773,40.812901677895965],[-73.84857751399471,40.81279857276106],[-73.8484944583705,40.8127782114345],[-73.84838560780832,40.81272446075863],[-73.84820879310102,40.81256580517428],[-73.84807666747868,40.81240419333972],[-73.84794876896405,40.81210977686376],[-73.84789327429068,40.812036439982606],[-73.84788326240243,40.81195780152268],[-73.8478724521417,40.81188571403673],[-73.84783503163071,40.81179393624354],[-73.84779280499883,40.81174682403783],[-73.84773888972207,40.81166872372263],[-73.84771858433108,40.81163474539661],[-73.84767094811922,40.81155367449123],[-73.84763817894023,40.81148513204295],[-73.84758572840305,40.81145230256701],[-73.84748628101339,40.81143197016465],[-73.84749472066414,40.81135859066972],[-73.84743977543155,40.81118668567618],[-73.8474033838779,40.811101968103905],[-73.84731812408623,40.81094926567908],[-73.84719921694375,40.8108199009536],[-73.84711099932545,40.810545625280554],[-73.84942088462147,40.810576019790126],[-73.84950169353932,40.810578863722654],[-73.84947321116536,40.81061765245201],[-73.84941414033106,40.810715095746986],[-73.84931091312784,40.810810803675366],[-73.84926576719414,40.81086197044147],[-73.84925946735675,40.81090617219955],[-73.84926983581454,40.81097820855961],[-73.8494090987179,40.811131973335044],[-73.84949786677478,40.81126432570685],[-73.84950269718634,40.81140918625841],[-73.84935733729648,40.811535360720264],[-73.84930801224927,40.811669072564506],[-73.8491849035244,40.811927113410604],[-73.84915979775813,40.81200376434068],[-73.84918736914288,40.81208385564978],[-73.84915339086132,40.812132773116396],[-73.84917636348227,40.81216639717707],[-73.84918569517245,40.81219964589213],[-73.84920396373099,40.812233264693894],[-73.84924387394308,40.812265481801056],[-73.8492744480212,40.81226587837284],[-73.8492767088297,40.81230590939709],[-73.84930064043377,40.8123316724313],[-73.8495035627322,40.81257419325188],[-73.8503868250493,40.81304883309916],[-73.85062986848921,40.81320333339772],[-73.85070854587157,40.81326860258087],[-73.85092678809332,40.81343339704625],[-73.85109084513583,40.813504755636984],[-73.85140580054485,40.81353281899633],[-73.85158217945515,40.81356140828143],[-73.85164819700283,40.813615723065745],[-73.85185685368715,40.81366515046965],[-73.85217597577936,40.81373559993725],[-73.85249636532008,40.81374198868184],[-73.85267964392109,40.81372855704913],[-73.8528943490066,40.813569847287376],[-73.85325316861586,40.81350659698212],[-73.8535939172694,40.81350376947514],[-73.85375663846742,40.81354579693888],[-73.85402710807186,40.81359511690163],[-73.85425877875461,40.81365063124725],[-73.85448519484176,40.81372115340538],[-73.85468807503888,40.81379757523865],[-73.85485728912639,40.81388964282003],[-73.85498391722048,40.813976552570814],[-73.8551827630432,40.81406929719108],[-73.85539406193924,40.8142006317331],[-73.85538255142714,40.814262525655664],[-73.85533295202085,40.81435806393579],[-73.85530543269338,40.81439466167434],[-73.8552733022325,40.81438896261562],[-73.85518122509278,40.81436919092169],[-73.85515384957458,40.81433967241751],[-73.85512571408326,40.81429883548878],[-73.85502474538983,40.814222466081695],[-73.85497816256462,40.81419262531691],[-73.85493315629832,40.814158915274334],[-73.85490539114575,40.81412880008978],[-73.85486741084046,40.8141087981442],[-73.85477971890938,40.8140556753876],[-73.85467085597882,40.81400431336916],[-73.85462975256014,40.81397894674118],[-73.85458313429228,40.81396548583608],[-73.85448598147825,40.813937069602275],[-73.85445191578766,40.8139194551782],[-73.85438260467447,40.81388660752839],[-73.85427453543362,40.81383137399287],[-73.85413271809578,40.81379277579487],[-73.85407827211681,40.81377364604932],[-73.85405555582335,40.813764980616334],[-73.85398115638863,40.81372855220464],[-73.85391143443522,40.81370434043023],[-73.85380099683327,40.81365654876851],[-73.85374460299232,40.813632353792485],[-73.85367014154357,40.81362481399103],[-73.8534722588398,40.81359090834545],[-73.85327989319269,40.813615259024154],[-73.85311817665814,40.81364168355828],[-73.85303778612419,40.8136558765291],[-73.8529213039474,40.813683425527124],[-73.85287542161225,40.813691705603176],[-73.85289654582914,40.81371168670223],[-73.85294432156475,40.81373319121791],[-73.85296557349047,40.81386973838731],[-73.85287536449019,40.81390412590767],[-73.85267176709306,40.814104288956315],[-73.85266431315249,40.81431465926596],[-73.85280229266938,40.814329251583146],[-73.85285558615689,40.81437381053209],[-73.85291008550313,40.81448576609122],[-73.85297605069984,40.814549660439404],[-73.85302152873709,40.814583024253736],[-73.85302900592248,40.81460905458463],[-73.85289944010513,40.81452519793887],[-73.85281773578663,40.81445337257787]]],[[[-73.89513237885426,40.83673903044806],[-73.89526455103504,40.83679280110187],[-73.8951549425519,40.83693564779078],[-73.89507822652934,40.83704887282222],[-73.89504624483726,40.83700066637671],[-73.89504445867905,40.836822902664146],[-73.89513237885426,40.83673903044806]]],[[[-73.89349730981331,40.83909444973703],[-73.89353692608611,40.83903076285034],[-73.89356889657563,40.83889764800647],[-73.89355530599607,40.838493916046595],[-73.89358099394681,40.838315911158816],[-73.89365103381722,40.83827170746806],[-73.89370154948999,40.83820571899736],[-73.89372789911387,40.838126076559064],[-73.89374255068225,40.83803241975207],[-73.89391278006171,40.83785620115544],[-73.89414431331004,40.83768079319753],[-73.8942487847209,40.83751670461684],[-73.89430538004927,40.83745472414547],[-73.89449480133446,40.837354614028975],[-73.89473164467913,40.837418708802],[-73.89481260889227,40.83736238741434],[-73.89490522876548,40.83728081412366],[-73.89486560924459,40.83741331996865],[-73.89491070413439,40.83752776706108],[-73.89485081137583,40.83774091259077],[-73.89476657080792,40.83780543181359],[-73.8946162711487,40.83811280164477],[-73.89444041557977,40.83839673593217],[-73.89430951548867,40.838640749015696],[-73.89429950114759,40.83878033803353],[-73.89426637892025,40.838854999155124],[-73.8941789247809,40.838936388449895],[-73.8940195254423,40.83905330271919],[-73.89394881928798,40.83909486576724],[-73.89374926591661,40.83927768771081],[-73.89347904774587,40.83911743509237],[-73.89349730981331,40.83909444973703]]],[[[-73.88777964247018,40.80498605142084],[-73.88800026698661,40.805038290516876],[-73.88771386848572,40.80518804678181],[-73.88777964247018,40.80498605142084]]],[[[-73.87859275619186,40.848984233875726],[-73.87865334665095,40.84906629469154],[-73.87858996887664,40.849164489767425],[-73.87855861822558,40.84919944000754],[-73.87846745012226,40.849230946785816],[-73.87850357855949,40.849155827923155],[-73.87854531716386,40.84909180542296],[-73.8785803641576,40.848994471141594],[-73.87859275619186,40.848984233875726]]],[[[-73.85190000042546,40.81445268366095],[-73.8518601240506,40.81443125550195],[-73.8520029209425,40.81441367115358],[-73.85220148516184,40.81439924503808],[-73.8521062678028,40.8144755662457],[-73.85189793084092,40.81448256944349],[-73.85190000042546,40.81445268366095]]],[[[-73.89022749484387,40.814828684269244],[-73.8901984094063,40.814780052209166],[-73.89018388144997,40.81474715849907],[-73.89016937532978,40.81470104189894],[-73.89015653000547,40.81467273782383],[-73.89013825365942,40.81463090669806],[-73.89003247428111,40.81459435190689],[-73.88989413931627,40.814616735929704],[-73.88980854087498,40.81460843350973],[-73.88980390169658,40.814569116945535],[-73.88978237025964,40.814504766604905],[-73.88985299216944,40.814466951953314],[-73.88986986024707,40.81445002790242],[-73.88986135168795,40.814437629825825],[-73.88985249413669,40.8144076491959],[-73.88985504510867,40.81438239627184],[-73.88988578493075,40.814377898831516],[-73.88990553672916,40.81438101450566],[-73.8899020545448,40.81440102474397],[-73.88989355992098,40.814417457020234],[-73.88990577396325,40.81442747501516],[-73.88992676597907,40.81443893137987],[-73.8899807268058,40.814425402476104],[-73.88997481385029,40.81439799738751],[-73.8899220554105,40.814316621272354],[-73.88994781822504,40.81428710233417],[-73.88999175604032,40.814266654337885],[-73.89001936830141,40.81425762707534],[-73.89004762289849,40.81423859318654],[-73.89010347790605,40.8142176801484],[-73.89014108037874,40.814235346830195],[-73.89016836591546,40.814281355845665],[-73.89019574367023,40.81431890746679],[-73.89019922842347,40.814345416938146],[-73.89019176066334,40.814357323411905],[-73.8901917331467,40.8143740006048],[-73.89021131081009,40.81438712419313],[-73.89021951849885,40.8144023207046],[-73.89020931867597,40.81440707552611],[-73.89022223926355,40.81441632063271],[-73.89022726440764,40.81445891355922],[-73.89023974672199,40.81449674905078],[-73.89023501544318,40.81451312460104],[-73.8902538259126,40.814516418518316],[-73.89026438614867,40.81453102203647],[-73.89028047419876,40.814538567309675],[-73.8902905175849,40.814533811432575],[-73.89029878243397,40.81457762941317],[-73.89031224506708,40.81459098399639],[-73.8903049833129,40.81462028288666],[-73.89028930005763,40.814622412049566],[-73.89028739156578,40.81463908835234],[-73.89029679225008,40.8146431477362],[-73.89030962200425,40.81466007669342],[-73.89032466845312,40.81466390281412],[-73.89034595076117,40.81468989341162],[-73.89036066310791,40.81470587052634],[-73.89035748413868,40.814731836957584],[-73.890389373912,40.81479131273601],[-73.8903874381592,40.81482383327156],[-73.89035027148776,40.81482701450937],[-73.89029005746931,40.81482874381678],[-73.89023829972707,40.81483727179665],[-73.89022749484387,40.814828684269244]]],[[[-73.85286801154034,40.813329800216245],[-73.85282380221751,40.8132907296928],[-73.85286861453909,40.81323449852664],[-73.85291801405812,40.813230094183126],[-73.85296860747918,40.81321854318376],[-73.85300148364647,40.81324151720013],[-73.85299233604465,40.81330106991137],[-73.85300325325181,40.813327888069445],[-73.85299099978072,40.81337373663573],[-73.85295685515385,40.8133921587162],[-73.85291108807945,40.813348916031465],[-73.85286801154034,40.813329800216245]]],[[[-73.87912789739084,40.84665813296467],[-73.87902113870588,40.846605918520616],[-73.87899429570444,40.84652218503179],[-73.87899882267864,40.846506815662146],[-73.87901007915093,40.84650255643051],[-73.87904492530465,40.84651455062176],[-73.87915622011394,40.846546270072075],[-73.87919443961589,40.84655912231983],[-73.8792157841443,40.84657366512199],[-73.87922247838344,40.84660356670001],[-73.8791852849122,40.846645380868175],[-73.87914926986929,40.84665730078975],[-73.87912789739084,40.84665813296467]]],[[[-73.8776693168074,40.84651737104747],[-73.87770749203867,40.846554139036904],[-73.87767243091635,40.84665916058865],[-73.87761383564383,40.846717179338725],[-73.87754295698205,40.84672649986185],[-73.87751150314813,40.846705113074655],[-73.87751040296455,40.84669144602352],[-73.87756673150501,40.846642819764156],[-73.87758369929182,40.84659073614265],[-73.87759164388753,40.84655230792628],[-73.87762993575389,40.84652501678722],[-73.8776693168074,40.84651737104747]]],[[[-73.87822756736792,40.84693769053385],[-73.8781578508413,40.84665817861571],[-73.87800822749506,40.84659184504374],[-73.87787615838654,40.84674889536947],[-73.87800959615664,40.846535470220864],[-73.87822874232918,40.84661131887354],[-73.87825880693124,40.84689232605181],[-73.87822756736792,40.84693769053385]]],[[[-73.87792013157707,40.84693352317859],[-73.87820778926309,40.84705989176978],[-73.87796682797591,40.84697449639437],[-73.87792013157707,40.84693352317859]]],[[[-73.87874252832863,40.847656212246434],[-73.87877177512404,40.84765538841819],[-73.87878300104587,40.84766735786039],[-73.87878745966347,40.84768957050141],[-73.87875479553969,40.847714306032344],[-73.87864105033239,40.84779105880029],[-73.8786026225342,40.84789266059951],[-73.87858908974856,40.8479114369419],[-73.8785508239874,40.84792420887368],[-73.878535049426,40.84793871271226],[-73.87853953568035,40.84794640404316],[-73.87858111557148,40.84796694753595],[-73.87859794260446,40.84799173510326],[-73.87858104073499,40.848007945996514],[-73.87854952395553,40.848019870463524],[-73.878510171754,40.848011287850795],[-73.87845739871169,40.84796083797766],[-73.8784619571212,40.847928385415585],[-73.87853064702698,40.847885750991466],[-73.87855207916566,40.84785246252501],[-73.87854651046918,40.84782256209938],[-73.87866824706039,40.84768090399899],[-73.87874252832863,40.847656212246434]]],[[[-73.87631594108092,40.84787229457206],[-73.8762349437969,40.84787818607098],[-73.87615162657045,40.84792251166144],[-73.87611901066381,40.847920768404684],[-73.87603257944197,40.84782501258945],[-73.87601347679463,40.84781474264872],[-73.87597072942494,40.847817258597395],[-73.87584301065732,40.84784936875661],[-73.8757374189848,40.84779045107123],[-73.87585433560052,40.84750366639497],[-73.87595238976047,40.847397858596985],[-73.87596139863695,40.84739274357881],[-73.87599740072568,40.84738765757988],[-73.87602669837604,40.84735950273909],[-73.87605820296974,40.84735355731972],[-73.87617507607376,40.84741005639611],[-73.87619191160762,40.84742971962148],[-73.87616370914455,40.847474104363926],[-73.87615116117179,40.847568045627206],[-73.87619693036629,40.84775514965384],[-73.87632053070351,40.84782361344318],[-73.87645527910597,40.847945898892675],[-73.87647873821608,40.848033045801074],[-73.87646859558917,40.848043285250526],[-73.87644047079392,40.848045817031306],[-73.87640001688334,40.848025274873436],[-73.87638997582927,40.847980849103706],[-73.87633279782021,40.847879999252044],[-73.87631594108092,40.84787229457206]]],[[[-73.87843671916919,40.84819741167733],[-73.87839518133863,40.848153806556276],[-73.87842328424988,40.848163231920275],[-73.87848622161471,40.84819148456039],[-73.87848390495824,40.84822821052087],[-73.87845115773737,40.84829821455061],[-73.8784038610561,40.8483280592656],[-73.87837461046018,40.84833144579934],[-73.878297044,40.8483065932353],[-73.87829592643769,40.84830232191933],[-73.87830155719202,40.84829891139008],[-73.87840057474047,40.84828022432486],[-73.87844115585466,40.84823158195087],[-73.87843671916919,40.84819741167733]]],[[[-73.87614073482077,40.84833504726858],[-73.87625995303266,40.84834115448507],[-73.87630372485354,40.84839244937719],[-73.87621024204905,40.848458971159246],[-73.87611928064022,40.84837943923916],[-73.87614073482077,40.84833504726858]]],[[[-73.87914567869585,40.8480145173017],[-73.87916019277678,40.84807432252981],[-73.87906778274545,40.848171596879915],[-73.8790046214256,40.84826633993482],[-73.8789593709739,40.84840807865641],[-73.87892205195129,40.84851822288838],[-73.87888050930596,40.848476326174804],[-73.87891782023122,40.848371306651416],[-73.8789438727092,40.84827140090505],[-73.87899351071378,40.84819030957755],[-73.87907579846498,40.84809302467669],[-73.87914567869585,40.8480145173017]]],[[[-73.87713104894458,40.85016310872343],[-73.87706218811829,40.85013092109411],[-73.87699599394719,40.85006820776826],[-73.87702758680953,40.84992472004474],[-73.87703143942045,40.849841506930424],[-73.87701770492262,40.849757265614606],[-73.87707856563182,40.849692416670585],[-73.87716074131754,40.8496583386139],[-73.8771911006077,40.849664350208826],[-73.87720007854941,40.84967546374063],[-73.87717526816762,40.84971045658439],[-73.87710314526227,40.84978298108693],[-73.87710522759976,40.84987352153191],[-73.87712881762037,40.849890629004754],[-73.8772333872245,40.84991209371685],[-73.87727942936014,40.849953141232504],[-73.87732410946673,40.850123162127794],[-73.87731949521493,40.85018550912501],[-73.87734184816493,40.850263258906665],[-73.8773384412347,40.850281192194615],[-73.8772438581986,40.85033319318258],[-73.87712571597656,40.850351858883016],[-73.87705042094035,40.85031419660385],[-73.87704513762279,40.850204584823736],[-73.87710399496926,40.85023065826789],[-73.87713104894458,40.85016310872343]],[[-73.87710276613355,40.84999523939136],[-73.8770725055763,40.84995754314739],[-73.87705032395952,40.849988138056766],[-73.87707201592309,40.850029347902804],[-73.87710624134243,40.85004564186128],[-73.87711202146,40.85000771386915],[-73.87710276613355,40.84999523939136]]],[[[-73.87732797049831,40.850878830709064],[-73.87736894521959,40.85091644191655],[-73.8773223956408,40.85102346727489],[-73.87728272718144,40.85094566666395],[-73.87732797049831,40.850878830709064]]],[[[-73.8772328257067,40.85189459562063],[-73.87725110901285,40.852190211559694],[-73.8770996284423,40.85235065036557],[-73.87701802615405,40.85229664373124],[-73.87707294429826,40.85202059423727],[-73.87719528576147,40.85185008485442],[-73.8771690753991,40.85184578591539],[-73.87716458864955,40.85183894820269],[-73.87718038059651,40.85181504974265],[-73.8772085747611,40.85177578947661],[-73.87730768759681,40.85170841834078],[-73.87732028670577,40.85158628986427],[-73.87747058381925,40.85121148458685],[-73.87750702409765,40.85129471617289],[-73.87744635160279,40.85148598114254],[-73.87745408908854,40.85161632752039],[-73.87741669970218,40.85176746964702],[-73.87740759546095,40.851819561555295],[-73.87735918888072,40.85184000981152],[-73.87731419244179,40.85184081563416],[-73.8772894600992,40.85183310272712],[-73.8772579255143,40.851853567985714],[-73.87724554377496,40.85185782584614],[-73.8772328257067,40.85189459562063]]],[[[-73.88080345163966,40.85217911183052],[-73.88070673946177,40.852136129526386],[-73.88081804510422,40.852108588654445],[-73.88082235857698,40.85206740279713],[-73.88079420739271,40.85192234404011],[-73.880862019123,40.851921896307886],[-73.88094019219542,40.85202880240232],[-73.88108804701393,40.852160833781035],[-73.88108471826655,40.85221514713668],[-73.88099434969939,40.85220578338353],[-73.88080345163966,40.85217911183052]]],[[[-73.88019577012764,40.85218992761184],[-73.88024983582767,40.85227393302913],[-73.88007655366839,40.852453768612556],[-73.87998446385036,40.852573383369226],[-73.87994047182909,40.85242614225068],[-73.88011069549329,40.852243834542556],[-73.88019577012764,40.85218992761184]]],[[[-73.87930107974461,40.853495661256346],[-73.87936181306537,40.85350170404819],[-73.87939881512023,40.85356751106739],[-73.87938178811477,40.853652052163376],[-73.87930394538108,40.85377582081105],[-73.87926114742551,40.85380481599235],[-73.87921615433272,40.85380306066185],[-73.87919255618225,40.853789370087476],[-73.87919597949117,40.853762895607126],[-73.87922309125312,40.85369971756339],[-73.87919844176787,40.85364588195777],[-73.8792008357817,40.85356644936662],[-73.87926506101314,40.85350758119988],[-73.87930107974461,40.853495661256346]]],[[[-73.87711536144495,40.861435941755005],[-73.87710974806541,40.86142995651774],[-73.87712898892735,40.861367625228226],[-73.87718215490173,40.86121052188009],[-73.87719572745821,40.86117124611265],[-73.87720924283538,40.86116357300707],[-73.87724186841842,40.861163607723846],[-73.87725759792,40.861174728410276],[-73.87729797145434,40.86124395606069],[-73.87729908010397,40.86125249839472],[-73.8771661067343,40.86137193577785],[-73.87712548865521,40.8614350979748],[-73.87711535986593,40.86143679631907],[-73.87711536144495,40.861435941755005]]],[[[-73.8794695674784,40.86045958887878],[-73.8794954273144,40.86046815704654],[-73.87950552494421,40.86048354167314],[-73.8795043432893,40.86051514406663],[-73.87954917112778,40.86060999905441],[-73.87956798734255,40.86066353306647],[-73.87956567381124,40.86081586218306],[-73.87951824339054,40.860914892768044],[-73.87944486726641,40.86105318553853],[-73.87940192410557,40.861159052783805],[-73.87937925097104,40.86125383815296],[-73.87942859735897,40.86133930307865],[-73.87942853387013,40.86137432219652],[-73.87940372649179,40.86140589899228],[-73.87936079388241,40.86150578786913],[-73.87931001923806,40.861587731651454],[-73.87919704142065,40.861848978137104],[-73.87904471919602,40.86209224638966],[-73.87878895084735,40.86230294852225],[-73.87870556465738,40.862375462045705],[-73.87864341831161,40.86252316179736],[-73.87862874098292,40.86255133261396],[-73.87861973612013,40.86255388593743],[-73.878615248499,40.86254704829405],[-73.87863332524856,40.86250521430973],[-73.87862110374152,40.86242064268763],[-73.87860999228788,40.86234461338407],[-73.87871627612385,40.86205431963379],[-73.87888764124116,40.86185719493451],[-73.87889445041498,40.861824744796245],[-73.87890924877556,40.86172995216725],[-73.87901414212541,40.86158400531578],[-73.87904710034823,40.86140125556315],[-73.87902613796597,40.861174034366684],[-73.8790689792301,40.86112453877755],[-73.87930564609546,40.86089758736052],[-73.87936872602475,40.86085409298696],[-73.87937102404018,40.860827617357565],[-73.87936883757358,40.86079259498343],[-73.87933406291526,40.86073704065919],[-73.87932070559583,40.86065844625616],[-73.8794155216057,40.86048515587451],[-73.8794673175028,40.86045958652831],[-73.8794695674784,40.86045958887878]]],[[[-73.87466204049701,40.87050991842433],[-73.87475815535046,40.87054016576021],[-73.87480528453443,40.870608546931095],[-73.87486574375532,40.87076833499686],[-73.87493634480008,40.87092044744166],[-73.8749540261911,40.87109129301483],[-73.8748603236637,40.871256892261044],[-73.87474646289796,40.87137122270893],[-73.87457652830352,40.87138726675043],[-73.87439745069432,40.87147760985834],[-73.87424421303349,40.871589334149306],[-73.87412262536131,40.87162422070637],[-73.87415552602822,40.871481617305015],[-73.87423226684504,40.87136126774292],[-73.87429210943226,40.87125200455352],[-73.87435646583587,40.871135058769326],[-73.8742756560148,40.871027349683985],[-73.87428598215477,40.870921448989],[-73.87429521394364,40.87080017214492],[-73.87431903183409,40.87070026448746],[-73.87437886765774,40.87059356312566],[-73.8745454930679,40.87054164298429],[-73.87466204049701,40.87050991842433]]],[[[-73.87804876885727,40.86409072271753],[-73.87803978137597,40.86408302573234],[-73.87803645538207,40.86405654419938],[-73.87804549492964,40.86403520042693],[-73.87803989102474,40.86402323689273],[-73.87803097210006,40.863978812580534],[-73.87807951533401,40.86388917954841],[-73.8780975317229,40.863880657433114],[-73.87814028777332,40.86387899436659],[-73.87817401723628,40.86389098759552],[-73.8782088504499,40.86391494049137],[-73.87822229744833,40.86394484916262],[-73.87822109673219,40.8639858463198],[-73.87818392263839,40.86401143053174],[-73.87810394069801,40.86406686489395],[-73.87808253442628,40.8640830709141],[-73.8780577755154,40.864087315776196],[-73.87805326905405,40.86409072747376],[-73.87804876885727,40.86409072271753]]],[[[-73.87381055616501,40.87004971563624],[-73.87369120028968,40.87009570812105],[-73.87352134018298,40.87007416876488],[-73.87349677742891,40.869973354561125],[-73.87361721675346,40.86994957043314],[-73.87375553139556,40.86993956971795],[-73.87385902850488,40.87000279190075],[-73.87392973698529,40.87009596897223],[-73.87396440517344,40.87020789805322],[-73.87399347581444,40.870305300618114],[-73.87398311412393,40.87042913900824],[-73.87384581836966,40.87044180115588],[-73.87380778068729,40.87032645100196],[-73.87389115141134,40.8702701697074],[-73.87388797136488,40.87016681616439],[-73.87382516587907,40.870059127318314],[-73.87381055616501,40.87004971563624]]],[[[-73.87382459798516,40.87095169443603],[-73.87390093223277,40.87104573222359],[-73.87387803890176,40.87125069817686],[-73.87381255253598,40.87136935158567],[-73.87371000921623,40.87144867336136],[-73.87365835553162,40.871393098059265],[-73.87361692647588,40.87128628619018],[-73.87365091811719,40.871162474626814],[-73.87373213743788,40.8710540887906],[-73.87382459798516,40.87095169443603]]],[[[-73.89622310456622,40.88074526344732],[-73.89518223734915,40.88068965874487],[-73.89513387179994,40.88067424078815],[-73.89509227038225,40.88065114149889],[-73.89505630313582,40.8806229226439],[-73.89502934917665,40.88058873273933],[-73.89492808983088,40.88028755992295],[-73.89473642291217,40.879753877940956],[-73.89451942555131,40.87914028567615],[-73.8944709720535,40.879005428472965],[-73.89443379572569,40.87893692589289],[-73.89436599817229,40.87887981165963],[-73.89361694014313,40.87854394137625],[-73.89288201252991,40.87818372022349],[-73.89299457205507,40.8779037729204],[-73.89345670177659,40.87729514196645],[-73.89358452291431,40.877153468161836],[-73.89389394142434,40.87692145506809],[-73.89442432256881,40.87667665034682],[-73.8948134692087,40.876389536577115],[-73.89488868010781,40.876317089697025],[-73.89531345289159,40.875787723122734],[-73.89567503470776,40.875294602818435],[-73.89575264822813,40.87503822469639],[-73.89576278942592,40.87484346993851],[-73.89575755819838,40.8747795989779],[-73.89571731239185,40.874547149270214],[-73.89577668298185,40.87418018723797],[-73.89637807346881,40.873340500988256],[-73.89694943827745,40.87256421330497],[-73.89738976721567,40.872042953452016],[-73.89754347294317,40.872114067447775],[-73.8976171416826,40.87245797725074],[-73.89772296865068,40.87302590483373],[-73.89791097033988,40.87352595141914],[-73.89814894637756,40.87390027144553],[-73.8984276025831,40.87416444300387],[-73.89872218197071,40.8743184458927],[-73.8990629999822,40.874405011280835],[-73.89952319970399,40.87442249604332],[-73.89978419460705,40.87446457498488],[-73.8999325917175,40.87455438789474],[-73.90005498889296,40.87472446563575],[-73.90006475453478,40.87496533940182],[-73.89993465815591,40.87542474851632],[-73.899752865586,40.87583884411412],[-73.89948222405559,40.87622040485156],[-73.89902023745726,40.876629983838406],[-73.89849045141125,40.87722057775228],[-73.89813734777333,40.877798512217815],[-73.89783086845644,40.87817692343799],[-73.89742728355101,40.87852560260143],[-73.8971918276717,40.878696219214376],[-73.89704190630216,40.87886007877991],[-73.89694496652727,40.878965049452326],[-73.89652090792576,40.879565977815076],[-73.89635950079278,40.87987673620885],[-73.89628471440099,40.88020636360703],[-73.89622310456622,40.88074526344732]]],[[[-73.88910639802751,40.88217081684379],[-73.88919109721319,40.88184467057423],[-73.89016784279976,40.88057652124587],[-73.89040378875302,40.88036542544192],[-73.89105909458314,40.87990687376238],[-73.89120305769757,40.87981877078649],[-73.89158746610416,40.87954692862861],[-73.89189566315116,40.87926735336984],[-73.8920227052373,40.87912688546221],[-73.89208116293644,40.87905455893947],[-73.8923881299545,40.87865264453085],[-73.89251296915799,40.878556149336276],[-73.8925523619491,40.878551915905156],[-73.89260414460155,40.87854086018907],[-73.89265255903634,40.878524676640914],[-73.89269432174332,40.878505299161276],[-73.89272914496053,40.87848460410629],[-73.89275843820673,40.8784632780633],[-73.89278548379588,40.87843938713654],[-73.89278999166018,40.87843597487353],[-73.89279674616752,40.87843427292266],[-73.89280349929818,40.87843342463249],[-73.89280912378794,40.87843428441952],[-73.89287025718295,40.87839099980541],[-73.892850850849,40.8783788044932],[-73.89284861403151,40.878370261289696],[-73.89284750466526,40.87836001090757],[-73.89284861792848,40.87835238390899],[-73.89285496548929,40.8783528931749],[-73.89326805092165,40.87856026656444],[-73.8932534091604,40.878567940486676],[-73.8932410178005,40.878576470151195],[-73.89323087172502,40.87858756467975],[-73.89322410075319,40.87859951599242],[-73.8932207023263,40.87861317955084],[-73.89322068175133,40.878625990771084],[-73.8932251635437,40.87863880705732],[-73.89323189611544,40.8786507708628],[-73.89324313124432,40.87866188517052],[-73.89325549638087,40.87867043773419],[-73.893271239557,40.87867728609574],[-73.89328698685112,40.878681570770354],[-73.89330386277675,40.878684149161465],[-73.89332074418681,40.87868331020418],[-73.89333762851997,40.87867990935954],[-73.8933522675561,40.87867394364946],[-73.8933657834386,40.87866626957504],[-73.89337705402222,40.8786560306366],[-73.89338494830598,40.87864493401518],[-73.89338947003276,40.87863212605257],[-73.89339061646517,40.87861931497188],[-73.89338838641869,40.87860650077211],[-73.8942734538099,40.87895836290544],[-73.89430604468436,40.878985724359254],[-73.89433075244737,40.8790164959369],[-73.89509432562365,40.880774991899536],[-73.89515957181113,40.88079042520785],[-73.89523608211769,40.88079903670687],[-73.89617889342287,40.88095106969042],[-73.8961202120138,40.88105522038099],[-73.89603341506853,40.881147388145635],[-73.89592301040958,40.8812241605379],[-73.8957935037151,40.88128127054766],[-73.8927781650113,40.88172117648001],[-73.89251773098022,40.88167320841577],[-73.89114901918816,40.88192871221055],[-73.89003101857094,40.882063606145664],[-73.88919386559246,40.88214058144628],[-73.88910639802751,40.88217081684379]]],[[[-73.86973102113136,40.88215204842189],[-73.86969713831621,40.881947988518405],[-73.86965474608762,40.88189723059511],[-73.86977065858706,40.88195448477079],[-73.86974911234223,40.88206117183018],[-73.8698312254221,40.8821056675076],[-73.86999249223048,40.882084564452576],[-73.86987706253882,40.88210473135999],[-73.86978757579148,40.88217462622916],[-73.86973102113136,40.88215204842189]]],[[[-73.88805936745638,40.893713112608545],[-73.88823740008573,40.89375150711191],[-73.88843827092424,40.89385601092952],[-73.88860953600246,40.893918118899634],[-73.88862871804682,40.89404234404024],[-73.88850012428023,40.89416266070431],[-73.88817915137953,40.89426363320792],[-73.88796255935317,40.89435233260483],[-73.88774755621995,40.89440137937358],[-73.88766947509453,40.89428626193303],[-73.88781487366737,40.894000854055506],[-73.8879126375974,40.893794635240525],[-73.88805936745638,40.893713112608545]]],[[[-73.870589320599,40.893050400882075],[-73.87039605628397,40.89309232138372],[-73.870211967562,40.89306464253586],[-73.87010045960577,40.89291485728931],[-73.86999363112282,40.892700751002614],[-73.87002226519714,40.8925919901624],[-73.87009337184786,40.89248793353033],[-73.87022802260695,40.89241689077842],[-73.87035991340565,40.89245270181462],[-73.87056073396141,40.89261170352432],[-73.87063399028467,40.892775172476554],[-73.87074228296375,40.89288062360038],[-73.87071670887816,40.89306578344228],[-73.87079379742411,40.89313543046887],[-73.87103935578563,40.89335618536386],[-73.87099397128017,40.8935571005246],[-73.87112737751076,40.89377482125387],[-73.87117345976498,40.89402075566314],[-73.87120336272271,40.89423387451049],[-73.87124370654348,40.894320041044054],[-73.87124859560878,40.89444443235065],[-73.87130569079537,40.89461150814441],[-73.87123279261766,40.89468823015081],[-73.87095698798515,40.89453438760915],[-73.87095795344787,40.89445089838204],[-73.8708035878205,40.89434222442976],[-73.87070728409846,40.89416047158061],[-73.87060201274221,40.89405333993036],[-73.87057828421686,40.89392708867415],[-73.8705381526323,40.893833048292926],[-73.87046723230425,40.89371992718164],[-73.87040040805313,40.89352612801528],[-73.87047764959671,40.8933163871548],[-73.8706803251457,40.89315042165747],[-73.87062399791387,40.89307127699084],[-73.870589320599,40.893050400882075]]],[[[-73.88934109712743,40.894699637710985],[-73.88929834790052,40.89462704373623],[-73.88941226779362,40.89446038037513],[-73.88945543971326,40.89441510661022],[-73.88942853677415,40.89410891677837],[-73.8894120255461,40.89402609324075],[-73.88938451413861,40.893879677696255],[-73.88920666488647,40.89382606423739],[-73.88921121418855,40.89354719551146],[-73.88936187642,40.893344031132855],[-73.8896255639337,40.89290024971466],[-73.8897674068063,40.89265118761269],[-73.88982532080078,40.892543262988156],[-73.88979989376317,40.89249435406134],[-73.88968036020874,40.892453914344316],[-73.88962165989378,40.892505031919896],[-73.88955644318216,40.892594980268946],[-73.88943695826559,40.89277212825209],[-73.88927125551675,40.892977450293444],[-73.88919394102285,40.89294429857419],[-73.88909002810428,40.89292590722083],[-73.88896280729692,40.8928931513248],[-73.88900921642747,40.89278205083956],[-73.88912255416827,40.89264849169687],[-73.88912999110603,40.89251887215385],[-73.88894071565839,40.8922765055278],[-73.88875485634874,40.89211661734493],[-73.88870410769846,40.89198675712701],[-73.88861613627779,40.89196635912111],[-73.88867043581025,40.89180391707457],[-73.88851207090943,40.89166488503263],[-73.88849327573975,40.89152844510222],[-73.88856348932596,40.89133821957061],[-73.88853896328304,40.89112503921529],[-73.88854165212132,40.89097573767266],[-73.88857151346951,40.890753378932565],[-73.88858899365941,40.89049838002253],[-73.88862773617463,40.89038308408241],[-73.88877461677087,40.89012276106599],[-73.88886285827931,40.8900099881607],[-73.88902514873118,40.88981286314235],[-73.88929691223818,40.88965696722648],[-73.88951641972811,40.88954941728161],[-73.8898432887005,40.889513018671124],[-73.89008383571165,40.88950791710377],[-73.8903152425433,40.88952285116808],[-73.8906406259819,40.88951418835911],[-73.89092106938756,40.8895548198003],[-73.89122104315854,40.88954982783544],[-73.89132427889791,40.88953754519656],[-73.89167562550875,40.889503741632105],[-73.89198134806888,40.88942204428856],[-73.8921469500985,40.889347163445095],[-73.89240828595445,40.889293296230406],[-73.89259767125814,40.88920509890674],[-73.89277644579764,40.88916829205743],[-73.89300322189834,40.88921940606468],[-73.89312599158636,40.88941375732856],[-73.89317782664581,40.889459474356315],[-73.89328555800243,40.889506980988095],[-73.89347813078832,40.88967223954439],[-73.89360968071495,40.889834978716415],[-73.893499270107,40.88988248918966],[-73.89325461030708,40.88997635676566],[-73.89302174415671,40.889745346650514],[-73.89314685323855,40.88955165905113],[-73.89307764328319,40.88949019983054],[-73.89297308295443,40.88948378872085],[-73.89288346622287,40.889567428273324],[-73.89264983724517,40.88972083773394],[-73.89253953082013,40.889796080552586],[-73.8924178966949,40.88990077120346],[-73.89219984801838,40.89005703890073],[-73.89200186034499,40.890140190194394],[-73.89178925991322,40.89022506178543],[-73.8915141879162,40.89026111117873],[-73.89112522956017,40.89026629736058],[-73.8907806515762,40.89024244574374],[-73.89056660571018,40.89036590403604],[-73.89041889324895,40.89046678940835],[-73.89018435167503,40.890548810584946],[-73.8901576156243,40.89071359655932],[-73.89014946280227,40.89086846244808],[-73.89011539503703,40.89102498126999],[-73.89007012900505,40.89118148040867],[-73.88996245866146,40.8914502664474],[-73.88984246679232,40.8917726807424],[-73.88987390955761,40.89192989860908],[-73.88980461087938,40.89220360710053],[-73.88970796546872,40.89231923169317],[-73.88980561406674,40.89236437984319],[-73.88995789585232,40.8923951722363],[-73.89012317521473,40.892430906958914],[-73.89014874630143,40.89254213495022],[-73.89016108512624,40.89269145348484],[-73.8900525133063,40.89273204486322],[-73.8901358170232,40.89289872478762],[-73.88999930419389,40.89287032314154],[-73.88994184983218,40.89293285301455],[-73.88983750521267,40.89305526182068],[-73.88978243407826,40.893174601907454],[-73.8897369723854,40.89329031678586],[-73.88980454157922,40.89347590379963],[-73.88972454807967,40.8935857316425],[-73.88962916375287,40.89370669992527],[-73.88978491757231,40.89384459597175],[-73.8902129946807,40.893835484863],[-73.89032993374903,40.89385990461933],[-73.8902721273714,40.89393263050563],[-73.89028576188414,40.89417080109465],[-73.89017063515844,40.894293115281066],[-73.8900186163832,40.89442987581017],[-73.88977170916439,40.894433300780925],[-73.88954100736889,40.89440449165604],[-73.88950066324706,40.89444270115222],[-73.88958845371273,40.89454988525613],[-73.88945428815606,40.89464301739851],[-73.88938466888384,40.8948941338264],[-73.88925242982432,40.894932245235246],[-73.88925416324261,40.894750818060714],[-73.88934109712743,40.894699637710985]]],[[[-73.8872910669418,40.89618198954873],[-73.88752877391822,40.89606938072225],[-73.88766998970551,40.89607083382809],[-73.88770199391163,40.896143254046706],[-73.88762389908443,40.896136155169565],[-73.88747665155907,40.89624169534558],[-73.88741053099186,40.89628618146614],[-73.88745581202352,40.89637679008493],[-73.88724892077093,40.896305216669106],[-73.88723858710581,40.896281300503134],[-73.8872910669418,40.89618198954873]]],[[[-73.90306968181818,40.89469913618243],[-73.90312706389727,40.8947154128903],[-73.90315289785532,40.89475216174583],[-73.903082943297,40.89486741013223],[-73.90291954798577,40.89499368381013],[-73.9026966473495,40.89501570390062],[-73.90265951785763,40.89500542237844],[-73.90264268246096,40.89497209744335],[-73.90263822395899,40.89494219938481],[-73.90266188782539,40.89492428258155],[-73.90272052372893,40.89485258497162],[-73.90278584671368,40.89482616214157],[-73.9028624003755,40.894816831825175],[-73.90291538875961,40.89475879512228],[-73.90301901946484,40.894706781071505],[-73.90306968181818,40.89469913618243]]],[[[-73.88891023731134,40.897049199595415],[-73.88881735882883,40.89650753252153],[-73.8889731555303,40.89601878852249],[-73.88897764758737,40.89580257830834],[-73.88906455812293,40.89522381390066],[-73.88914646253642,40.894642424147165],[-73.88938000388505,40.89453767772446],[-73.88925265289109,40.894695083786694],[-73.88929292938698,40.89473826916418],[-73.88926840689659,40.894892647322465],[-73.88933752536138,40.89504168985344],[-73.88937762226705,40.895090266230184],[-73.88937814089128,40.89511305980487],[-73.88936755556016,40.89512948801534],[-73.8893343463515,40.8951421125014],[-73.88932044435424,40.89515702381251],[-73.88932346090435,40.89517200267142],[-73.88934260015358,40.89518822794933],[-73.8893719423491,40.89519461799927],[-73.88940998395037,40.89519188095537],[-73.88942778551,40.89519830766035],[-73.88943165024878,40.89520634639007],[-73.88940843764378,40.89523042473597],[-73.88940460840148,40.89524313321464],[-73.88942421497268,40.89528021145817],[-73.88943178655038,40.89529919012897],[-73.88942557046258,40.89533354218086],[-73.88945409694932,40.89537520972958],[-73.88946077550946,40.895415981981465],[-73.88949587750989,40.89579459117502],[-73.88948145124854,40.8958071454329],[-73.88943650547385,40.895832462751585],[-73.88940711034283,40.89586912755429],[-73.88940870892492,40.89588405102136],[-73.88942880495469,40.8958973803392],[-73.88942946164194,40.89591923123469],[-73.88941912572616,40.89593903200245],[-73.88939037923193,40.89596882672167],[-73.88938697282587,40.89598841710881],[-73.88939553216132,40.896002194624586],[-73.8894175272625,40.89600606616966],[-73.8894336664442,40.896003230693374],[-73.88944547659952,40.89598250923988],[-73.88945797439445,40.8959814406262],[-73.88946267302015,40.895990443670975],[-73.88947018653758,40.89601299270369],[-73.8894838120225,40.89602601055171],[-73.8894888050194,40.89606352773133],[-73.88950228486874,40.89612347060537],[-73.8894840949643,40.89616131768149],[-73.88947158361783,40.89619478032777],[-73.88948551171468,40.896225664084554],[-73.88948889005543,40.89625149502547],[-73.88948278537359,40.89626377269524],[-73.8894413170604,40.89627011652521],[-73.88940323887049,40.89629090736528],[-73.88923670071955,40.89645384350954],[-73.88921852127744,40.89649238842743],[-73.88921640599789,40.89652048872773],[-73.88922642486732,40.89653151397274],[-73.88924662212948,40.8965361753508],[-73.88926950509129,40.89652435772791],[-73.88928389524905,40.896503672986],[-73.88930722620739,40.89646867820642],[-73.88933596946134,40.896454524928835],[-73.88936639385136,40.896452035434166],[-73.88938013757473,40.89646749462094],[-73.88939065410082,40.89652177871877],[-73.88938787940346,40.89657036441958],[-73.88935760223974,40.8966633194653],[-73.88933062425276,40.89672765665617],[-73.88929565480153,40.89675710049619],[-73.88925902042641,40.89679077230535],[-73.88924987561917,40.89682563390467],[-73.88926327670173,40.896871559776855],[-73.8892640216999,40.896922292901934],[-73.8892491975703,40.89696620162555],[-73.88923043002202,40.89698157380376],[-73.8892054963054,40.896987654262595],[-73.88915826916389,40.89698638786971],[-73.88912775794773,40.89699809188646],[-73.88910871196161,40.89701388790576],[-73.88906144493578,40.89707988044041],[-73.8890586295888,40.897092226982366],[-73.88908332114049,40.89711182364448],[-73.88908648506904,40.89713308982995],[-73.88906891649707,40.89716098167193],[-73.88902878741146,40.89721565385331],[-73.88897915180766,40.897274327637],[-73.88891023731134,40.897049199595415]]],[[[-73.88936712881154,40.89670491568434],[-73.88939237104475,40.89670448602806],[-73.88941076696395,40.89670128171767],[-73.88941865642262,40.896688352010344],[-73.8894141873537,40.89667473059842],[-73.88938969368331,40.8966639112202],[-73.88939632910912,40.89665221037504],[-73.88944170692207,40.896617916556124],[-73.88944721165045,40.89660035246899],[-73.88942897824728,40.89657650457643],[-73.88943105353131,40.89656383404148],[-73.88945465236237,40.89656182424769],[-73.88945508401204,40.89654988333197],[-73.88944565720996,40.89653960967828],[-73.88943145384526,40.89652864257804],[-73.88943786428784,40.89651591946441],[-73.88945362524042,40.89651652527621],[-73.88946431847842,40.896514540041224],[-73.8894780237246,40.89649035533531],[-73.88954006596217,40.89643205789774],[-73.88955964047113,40.89639512523099],[-73.88956581092671,40.896353971773074],[-73.88956511696536,40.8963145271716],[-73.88959980041686,40.89626701024332],[-73.88963750774444,40.89621080381474],[-73.88964259145973,40.89618516376622],[-73.8896371527104,40.89616304175795],[-73.88961239640771,40.89614038890303],[-73.88958336377834,40.896122402767574],[-73.88957946838305,40.89610277207317],[-73.88958372916389,40.896021746916304],[-73.88957072291244,40.895953139137404],[-73.88956880414271,40.89591948708129],[-73.88954687430338,40.89589706383715],[-73.88954324300501,40.89587205839885],[-73.88955034925243,40.895808339680784],[-73.88955998932975,40.89578519113265],[-73.88957603238238,40.895763750625164],[-73.88959778866891,40.8957191695143],[-73.88961227220668,40.8956799618424],[-73.8896158931468,40.895518273323624],[-73.88960083782415,40.89546663952528],[-73.88954694394162,40.89537810451493],[-73.88950448551063,40.89524297221972],[-73.88952306371681,40.895209812530396],[-73.88952074878712,40.89519748987869],[-73.8895093026025,40.89518710443556],[-73.88948272141215,40.89519880870876],[-73.88945992459463,40.895202651763384],[-73.889451879137,40.895195325817134],[-73.88945707778066,40.895165509432374],[-73.88945538420917,40.89514634098644],[-73.88944682225953,40.89514061560757],[-73.88942504917685,40.89513970417421],[-73.88941245484125,40.89512899344696],[-73.88940763505198,40.89510869189653],[-73.88939060326274,40.89507327751095],[-73.88937139956067,40.89503161977922],[-73.88938242757071,40.894996614985274],[-73.88938558666855,40.89491524117581],[-73.88968341833241,40.89538832224707],[-73.88966063602759,40.89580374281508],[-73.8896659411769,40.89624520970495],[-73.88935321035417,40.89684358690501],[-73.88932869323777,40.89684966869031],[-73.88934513935611,40.89681656102415],[-73.8893873386154,40.89677410308728],[-73.88939556860664,40.896756222842725],[-73.88938810261193,40.89674216362435],[-73.88935954356629,40.89673327458589],[-73.88935609769328,40.89672521554643],[-73.88936712881154,40.89670491568434]]],[[[-73.87576672022199,40.8535626051906],[-73.87610141790965,40.853456845746024],[-73.87641549517244,40.85347773455637],[-73.87621550688475,40.8534959289055],[-73.87583633554664,40.85359432972897],[-73.87576672022199,40.8535626051906]]],[[[-73.87876092404927,40.88801096275242],[-73.87881742267798,40.88785583945983],[-73.87870617442536,40.88760275976046],[-73.87864972326862,40.88747769489361],[-73.87875257706332,40.88755399134082],[-73.87881339599556,40.88759975850135],[-73.87887621679955,40.887693681242745],[-73.8790247749136,40.887651411520814],[-73.87908869753855,40.88772687712918],[-73.87906843054792,40.88791438669616],[-73.87923798079112,40.88799606002858],[-73.8794205242393,40.88785864123688],[-73.87962847220652,40.88784842974907],[-73.87980438183841,40.88803899839611],[-73.87995993647739,40.888237687798046],[-73.87994146299555,40.88848132937577],[-73.87958508174883,40.88865104559598],[-73.87926336440691,40.88864511120559],[-73.87902839527622,40.888454646464055],[-73.87890012916262,40.88824167121493],[-73.87875073555207,40.888087438463316],[-73.87876092404927,40.88801096275242]]],[[[-73.87544168429376,40.850570512344056],[-73.87552897723687,40.85058873257748],[-73.87561727114414,40.85065070064951],[-73.87560187026557,40.85068854524948],[-73.87550315752794,40.850679531990046],[-73.87540489584855,40.85062219510448],[-73.87544168429376,40.850570512344056]]],[[[-73.87716102161829,40.85129108217694],[-73.87718461103988,40.85137687468715],[-73.87708744105369,40.851643857222385],[-73.87702675818417,40.85166030397887],[-73.8771161166717,40.85142486732683],[-73.87711273544983,40.85132547548412],[-73.87716102161829,40.85129108217694]]],[[[-73.87691262171357,40.85263716319608],[-73.87685147143654,40.852733244382684],[-73.87681355289112,40.85268300776575],[-73.87696478415752,40.85252797923435],[-73.87703049192513,40.85244648091063],[-73.87697718287724,40.85237740404999],[-73.87706764113072,40.85238105652213],[-73.87691262171357,40.85263716319608]]],[[[-73.87923894711822,40.854300830518255],[-73.87909124275708,40.85430333316475],[-73.8792114569362,40.854263366491836],[-73.87922908853085,40.854210519774604],[-73.8793005086484,40.85422797401122],[-73.87929930872086,40.8541350275864],[-73.87923574968379,40.85401935412095],[-73.87932024385384,40.85398633865419],[-73.87938868233019,40.854086811468925],[-73.87933743506983,40.8541532709126],[-73.87939356409949,40.85421349416816],[-73.87925608932322,40.854306545872674],[-73.87923894711822,40.854300830518255]]],[[[-73.91386974876477,40.892237658223706],[-73.91384450046569,40.8922377960665],[-73.91383855957181,40.89218514386109],[-73.9138867973792,40.89215142246483],[-73.91390073187664,40.892127747395016],[-73.91391663048579,40.8921267966336],[-73.91397313606713,40.89217424930764],[-73.91404793036305,40.8922243341839],[-73.91403969905194,40.892268986720154],[-73.91397245621943,40.89235939217006],[-73.9138945865361,40.892381307751684],[-73.91382952566549,40.892344445565264],[-73.91383558040066,40.89230195438546],[-73.91387669680071,40.89225302478568],[-73.91386974876477,40.892237658223706]]],[[[-73.87826448055125,40.86351233412053],[-73.87839103289315,40.8635708787811],[-73.87825346618419,40.86370216568454],[-73.87817315129077,40.863609370924955],[-73.87826448055125,40.86351233412053]]],[[[-73.87768511623226,40.868523459800215],[-73.8778631671355,40.86859202527275],[-73.87794538441662,40.86865183993985],[-73.8779174885679,40.868687126730904],[-73.87782962654455,40.86880331035753],[-73.87776774514678,40.86871219902584],[-73.87770145842796,40.868567486750145],[-73.87768511623226,40.868523459800215]]],[[[-73.87204892200977,40.84812199740678],[-73.87211310811419,40.848048267783945],[-73.8721748507265,40.8480685964077],[-73.87219861569453,40.848076361575366],[-73.87221728202859,40.848085088219726],[-73.87217181330432,40.848102773052254],[-73.872173454435,40.848132439809476],[-73.87219377549789,40.848164384799745],[-73.87214670221465,40.84813273253859],[-73.87214749178706,40.84816368785806],[-73.87207866201287,40.848184893801275],[-73.87203838561015,40.84815163715069],[-73.87204892200977,40.84812199740678]]],[[[-73.87719177640219,40.85051677698559],[-73.87716943931486,40.850430486023804],[-73.87716161389352,40.8504039996099],[-73.87716950556069,40.850394612274144],[-73.87726290344315,40.85037506653801],[-73.87738446007263,40.850335051848056],[-73.87746876487343,40.850366744208806],[-73.87755182603097,40.85046334898979],[-73.87754381490107,40.85053765092655],[-73.87750327143482,40.85056408596275],[-73.87730655986057,40.850565932738974],[-73.87719177640219,40.85051677698559]],[[-73.87740823490982,40.85040000082419],[-73.87733241397638,40.850477623722405],[-73.87739519004563,40.85051132475259],[-73.87745060435752,40.85042067882642],[-73.87740823490982,40.85040000082419]]],[[[-73.87595933150948,40.86319876498247],[-73.87599395340747,40.863260998174425],[-73.87574611890953,40.86357719451484],[-73.87594007340519,40.863224323610474],[-73.87595933150948,40.86319876498247]]],[[[-73.88111057332733,40.84869301288472],[-73.88114627843022,40.848756748730665],[-73.88105143586844,40.84891033896241],[-73.88086454162637,40.849150944140135],[-73.88072492157929,40.8492966274417],[-73.88067646108978,40.84934012694964],[-73.8806737161197,40.849397454872935],[-73.8805500511204,40.849475123145474],[-73.88042070609326,40.84943107211618],[-73.8804008356858,40.84932151559533],[-73.88050179613053,40.848936748763315],[-73.88079665396528,40.84873014131822],[-73.88111057332733,40.84869301288472]],[[-73.88093615093457,40.84878827981349],[-73.88096561830163,40.84874398166967],[-73.88085191543213,40.84878099070001],[-73.88093615093457,40.84878827981349]],[[-73.88075043424108,40.84890052800009],[-73.88086236167254,40.84883133182688],[-73.88072195561853,40.84885161170953],[-73.88075043424108,40.84890052800009]],[[-73.88055371241494,40.849240411735344],[-73.88060743687771,40.84922208469462],[-73.88064998071373,40.84912852250833],[-73.88067369217717,40.84904391873809],[-73.8807033758242,40.84894001997801],[-73.88066668831875,40.84892764528219],[-73.8806007049025,40.849008572720024],[-73.88055731815594,40.84914823203715],[-73.8805499279888,40.8492346392609],[-73.88055371241494,40.849240411735344]]],[[[-73.87940919436141,40.855908702407326],[-73.87918202435152,40.85587173728245],[-73.87882793758777,40.855724455224255],[-73.8785088120435,40.85553023114569],[-73.87840542309011,40.855472895077284],[-73.87833903482289,40.85548222081771],[-73.8781771057861,40.85544959262139],[-73.87808053398052,40.85535553600426],[-73.87807976076928,40.85516335494516],[-73.87812601484288,40.85509165623663],[-73.87825441963092,40.855002108235006],[-73.8783321235687,40.85495606702006],[-73.8784198306291,40.854975804611435],[-73.87875812345591,40.85514527927682],[-73.87887610107651,40.85522142091069],[-73.87920890616633,40.85531657900792],[-73.87936739621075,40.85538507504812],[-73.87945832464389,40.85549022865205],[-73.87957967280036,40.85556978954731],[-73.87969432279252,40.85562115704014],[-73.8797291460445,40.85564852597088],[-73.87972235490149,40.855671580481776],[-73.87962429608801,40.85577653676666],[-73.87960957737306,40.85582862385314],[-73.8795938100858,40.85583885679415],[-73.87954880478134,40.85584307994652],[-73.87953528420546,40.855855024358206],[-73.8795397034029,40.85589944391989],[-73.87956438183869,40.85593790536742],[-73.8795609984178,40.85594302653304],[-73.87955086743514,40.85594643242157],[-73.87949016281618,40.855923307438665],[-73.87940919436141,40.855908702407326]],[[-73.87847250739239,40.855082626917294],[-73.87841852208908,40.85507659077207],[-73.87839825870726,40.855084256913635],[-73.8783959917351,40.85509365025503],[-73.8784195433454,40.855132964432364],[-73.87850944391904,40.85518430792413],[-73.87856453647065,40.855199740022236],[-73.87857689067897,40.855210856988926],[-73.8785824600077,40.85524075737456],[-73.87863639246949,40.85527583334446],[-73.87870949406344,40.85528615961817],[-73.87875899397514,40.8552845034155],[-73.87875787900961,40.855279377545465],[-73.87870848346301,40.85522380670838],[-73.87859609874438,40.855164754017196],[-73.87857137318888,40.85515191579914],[-73.87855231639507,40.8551151673833],[-73.87848712421632,40.855086058779236],[-73.87847250739239,40.855082626917294]]],[[[-73.91362412331075,40.89149753869934],[-73.9135317362561,40.89148653133487],[-73.91350364228279,40.891452345871166],[-73.91346552376552,40.89133700924565],[-73.91344648735368,40.891261832356086],[-73.91338919817086,40.89117552198037],[-73.91339484959893,40.89115673579095],[-73.91349957258295,40.89112008711482],[-73.913577237615,40.891116727945914],[-73.91359526134752,40.89110563845317],[-73.91359529243387,40.89108172248339],[-73.91350986269441,40.89099624565769],[-73.91345818390215,40.89092275252334],[-73.91348428340636,40.890759632932074],[-73.9135451305237,40.8907067227691],[-73.91363378569787,40.89072601990419],[-73.91358439045874,40.89081010178915],[-73.91360115472112,40.890900651850814],[-73.91368767720523,40.891010899081216],[-73.91372013675085,40.89115014650286],[-73.91372110543273,40.89127143270878],[-73.91361403149013,40.891385806123914],[-73.91362659764377,40.89144531600037],[-73.91370451386871,40.891526625071776],[-73.91370172109741,40.89154174213335],[-73.91366119919824,40.89151599486985],[-73.91362412331075,40.89149753869934]],[[-73.91358502681963,40.89118591897419],[-73.91350391346168,40.891243938632066],[-73.913592782735,40.89128073238828],[-73.9136244057765,40.891197051432904],[-73.91358502681963,40.89118591897419]]],[[[-73.8870407841237,40.899887049896456],[-73.88704424402934,40.899860246765336],[-73.88703918216058,40.89983875895913],[-73.88705194031785,40.89982879137451],[-73.8870707977663,40.89983042799252],[-73.8870822352796,40.89983987715578],[-73.88708737044183,40.89986992503531],[-73.8870970719423,40.89988273130548],[-73.88710785333811,40.899881607238584],[-73.88713374849694,40.89985871703394],[-73.88719017897776,40.89981787399412],[-73.8872182773059,40.89980653823601],[-73.88725538112325,40.89980624670102],[-73.88727777636517,40.89981207039014],[-73.88727881742494,40.89981961566392],[-73.88726311021954,40.89982045668709],[-73.88723634515891,40.89981959579828],[-73.88721497127084,40.89983362607593],[-73.88718430950213,40.89984076307144],[-73.88716229002524,40.899850578442],[-73.88712759467701,40.89989039365624],[-73.88695275499799,40.900020327251106],[-73.88689404208694,40.900077870119276],[-73.88687828826048,40.90007747558003],[-73.886867289567,40.900068188914176],[-73.8869042250987,40.899991821716014],[-73.88703434692931,40.8998968966967],[-73.8870407841237,40.899887049896456]]],[[[-73.88787787937198,40.8998192985433],[-73.887833275011,40.89982388190308],[-73.88781000818767,40.89981761353608],[-73.88779397093685,40.89980165937843],[-73.88780146146988,40.89977587678867],[-73.88783184060473,40.899763164456445],[-73.88786910304174,40.89974691899823],[-73.88787176464504,40.89972741709371],[-73.88786257984287,40.899672062606854],[-73.88786681062547,40.89964888464843],[-73.8878879023929,40.899633134050795],[-73.88793265732862,40.89961800074186],[-73.88807301856743,40.8995690091868],[-73.88811472395098,40.89956272461137],[-73.88815253422567,40.89954804913638],[-73.88817985573208,40.89954400271236],[-73.8882246998124,40.899549177999255],[-73.88825101856573,40.89955003012268],[-73.88834320421468,40.899482374983215],[-73.88852267921433,40.8989085535748],[-73.88860702349832,40.898682564769004],[-73.88860143028441,40.89865284878769],[-73.8885520887776,40.898579849316185],[-73.88853977831364,40.898536845600766],[-73.88854450250639,40.898498079802216],[-73.88856530089652,40.89843615375068],[-73.88857202101528,40.89840881252283],[-73.88859606098113,40.898401745308945],[-73.88863749264075,40.898373496562286],[-73.888691807064,40.898328564339145],[-73.88871813929168,40.89829131236727],[-73.8887357920657,40.89823536336835],[-73.88875637980227,40.89819278488739],[-73.88878449659782,40.89815636576638],[-73.88879299264316,40.89812649317221],[-73.88878157679433,40.89806015518384],[-73.88879690054605,40.897807321979315],[-73.88886205422955,40.897496135811195],[-73.88886312560241,40.897403305878626],[-73.88887813880059,40.89737925757941],[-73.88892170792415,40.8973504587864],[-73.88895785445847,40.897307185650384],[-73.88900312341073,40.897241835986634],[-73.88905282080171,40.89718664352556],[-73.88908495816331,40.897137821310594],[-73.88908573705014,40.89711553866416],[-73.88906164098759,40.89709537797091],[-73.88905825763341,40.89708542256236],[-73.88909345174065,40.89703885719496],[-73.88911789931757,40.897004088650824],[-73.88914944242603,40.89698845231023],[-73.88918964839877,40.89698788848587],[-73.88922467449707,40.89698436968908],[-73.88924632570844,40.896969756685536],[-73.88926041665462,40.89694068094425],[-73.88926560933044,40.89688537455007],[-73.88925016357368,40.89683656876743],[-73.88925495485923,40.89679923656403],[-73.88927135168402,40.896777212027345],[-73.88932415384055,40.89673574671169],[-73.88934775554502,40.89669212914266],[-73.88937773375079,40.89659414190446],[-73.8893945052386,40.89654730575021],[-73.88938444534882,40.896477478822],[-73.8893693438615,40.89645355918018],[-73.88934875333966,40.89645203383515],[-73.8893146586264,40.8964636759358],[-73.88929091646601,40.89648620851315],[-73.88927627740446,40.89651811125715],[-73.88925132976833,40.89653478951861],[-73.8892341129757,40.89653473788148],[-73.88921818262892,40.89652540257737],[-73.88921596634147,40.89650231922364],[-73.88922948637475,40.89646613270758],[-73.88936598306984,40.896317389144656],[-73.88943539212022,40.89627207030575],[-73.88947337789799,40.896265449396246],[-73.88948722074736,40.89625982291236],[-73.88948794978481,40.89622960603981],[-73.88947279964043,40.89620427170208],[-73.88947470582481,40.89618195050723],[-73.8895006768638,40.89612990393118],[-73.88949977912365,40.896103131656325],[-73.88948544483506,40.89603320608869],[-73.88947868216559,40.89601870630998],[-73.88946227888673,40.896000522421126],[-73.88946117417095,40.89598333110653],[-73.88945046463263,40.89598018446229],[-73.88943617615274,40.89599834256362],[-73.88942707263685,40.89600565028412],[-73.88939884070784,40.896004329242274],[-73.8893893443044,40.89599385830994],[-73.8893871861885,40.89597858041615],[-73.88940343607088,40.89595271604912],[-73.88942684864668,40.89592842718534],[-73.88943105074513,40.895900619733546],[-73.889412833596,40.895889232761014],[-73.8894052942917,40.895874356731376],[-73.88942401969977,40.895845582564284],[-73.88945975354072,40.89581572428926],[-73.88949173055705,40.895800669981035],[-73.88953037973367,40.895661052563284],[-73.88945670576071,40.89538064485384],[-73.88942834107131,40.89534015709613],[-73.88943021120542,40.895307399242526],[-73.88942960698465,40.8952896807205],[-73.88940672396723,40.89524973759764],[-73.88940486133056,40.89523447619387],[-73.88942824699357,40.89521194594824],[-73.8894314142326,40.89520127103035],[-73.88941461816957,40.89519248241645],[-73.889379935064,40.89519441224368],[-73.88935068777252,40.89519089213254],[-73.88932986259475,40.89517943781048],[-73.88931918801899,40.89516036430797],[-73.88932947439622,40.89514531625898],[-73.88936256619749,40.895131935254376],[-73.88937477136618,40.895121209567534],[-73.88938018073566,40.8950974185332],[-73.88936242656364,40.89506967018094],[-73.88927771817735,40.89496142990165],[-73.88938414420387,40.89498550914685],[-73.88937130628766,40.895027056031516],[-73.88937860764229,40.89505435943221],[-73.88939886602199,40.8950969114542],[-73.889410806,40.89511647152327],[-73.88941853567424,40.89513598973751],[-73.88943462646589,40.895142142856244],[-73.88945309340365,40.89514235504685],[-73.88945783562554,40.89516007212887],[-73.88945061059856,40.89518674207945],[-73.889456065695,40.89520180341323],[-73.88947576890456,40.895201469289134],[-73.88950578919999,40.8951875819317],[-73.88951635267559,40.89519142720802],[-73.88952393530656,40.89520662114505],[-73.88951212400286,40.89522670326397],[-73.88952766371158,40.895336683566086],[-73.88958960214653,40.895448796475314],[-73.88961320826125,40.895502898577135],[-73.88961238818587,40.8955743963002],[-73.88960328489136,40.895709515268564],[-73.88957837149235,40.895750106013296],[-73.88957150444357,40.89577558226786],[-73.88955184856141,40.8957987527517],[-73.88954926405687,40.895841521512146],[-73.889543811873,40.8958917912692],[-73.88956613274445,40.89591527655976],[-73.88957088339824,40.895934398399014],[-73.8895821781196,40.896006755961125],[-73.8895822866462,40.896071441496794],[-73.88958092108338,40.89611767198507],[-73.88960324798745,40.89613472060722],[-73.8896309283752,40.89615592107623],[-73.88964205006552,40.89617602512824],[-73.8896402459958,40.89620406360186],[-73.88961715976478,40.896244062678576],[-73.88956868991322,40.89630681613584],[-73.88956378080049,40.89632733979271],[-73.88956331393851,40.89638048596138],[-73.889549622428,40.89641857597775],[-73.88948697043344,40.896485322085915],[-73.88946797848307,40.896503731424446],[-73.88945706260125,40.896516859045704],[-73.88944418896709,40.896514089433076],[-73.88943224323457,40.89652208780469],[-73.88943705182282,40.8965377743532],[-73.88945217576381,40.896543938247795],[-73.88945573360652,40.89656030976714],[-73.88943788921048,40.89656300583904],[-73.8894282832209,40.89657127659641],[-73.88944281264007,40.896593840452496],[-73.88944504185197,40.89661276987737],[-73.88940919259608,40.89664112242268],[-73.88938889681982,40.89666211759151],[-73.88940905718388,40.896671868445665],[-73.88941803103897,40.89668263513387],[-73.88941643802653,40.89669573656205],[-73.88940225742508,40.89670459275244],[-73.88936967983328,40.896703744797435],[-73.88935609769328,40.89672521554643],[-73.88935954356629,40.89673327458589],[-73.88938810261193,40.89674216362435],[-73.88939556860664,40.896756222842725],[-73.8893873386154,40.89677410308728],[-73.88934513935611,40.89681656102415],[-73.88932869323777,40.89684966869031],[-73.88933178508198,40.89690143962242],[-73.88932371525523,40.89696137445409],[-73.8893108109602,40.89697910613355],[-73.88927006258218,40.89699538924193],[-73.88923599580005,40.89700148886169],[-73.88922766725086,40.89701295214536],[-73.88921984037472,40.89704881004114],[-73.88920740437713,40.89708601333937],[-73.88917788218865,40.897106657430115],[-73.88913887295745,40.89713603791063],[-73.88910982861115,40.897166859720926],[-73.88909932662845,40.89719070977587],[-73.8890985333205,40.8972315955216],[-73.88907266227895,40.897256697790226],[-73.88900706036303,40.897338144808444],[-73.88898468899161,40.897383096203406],[-73.88897358730553,40.8974533206296],[-73.88896252742141,40.897532606671014],[-73.8889561426298,40.89757532492416],[-73.88895832298486,40.8976276983074],[-73.8889438601778,40.89766253675219],[-73.88886462238554,40.89786730363799],[-73.88884552290547,40.898144115818035],[-73.88883160369392,40.898239833826935],[-73.88881130590686,40.898292844713346],[-73.88878008000479,40.89833338956621],[-73.8887455191238,40.89835560543616],[-73.88868909254187,40.898387638008245],[-73.88864844365416,40.898589029083766],[-73.88852034117977,40.8990522623253],[-73.88844190983824,40.899445087700244],[-73.88840227854854,40.89953577139151],[-73.88838417001702,40.89955886121322],[-73.88834964688513,40.899568743963705],[-73.8882524516124,40.89958707563344],[-73.88821516483146,40.8995847396984],[-73.88818529875033,40.89957968877471],[-73.88816916034018,40.89958998188725],[-73.88814357533934,40.89960091419378],[-73.88812630918065,40.89961843889757],[-73.88809341739098,40.89970116062562],[-73.88810222756963,40.89974370714255],[-73.888093630644,40.89979794578354],[-73.88808168676132,40.899850915097886],[-73.88807054600376,40.89986107616734],[-73.88801814080436,40.8998734952531],[-73.88799928504295,40.899884922116684],[-73.8879860091351,40.89991557702877],[-73.88797680180174,40.89996576108706],[-73.88797089379061,40.8999968796916],[-73.88794557756513,40.9000284837306],[-73.8879335892583,40.90005350825721],[-73.88794556450411,40.90010169758837],[-73.88793753109518,40.90014750732845],[-73.88790254796469,40.90020122056699],[-73.88787093754381,40.9002338711428],[-73.88784522311319,40.900242559249854],[-73.887809411196,40.90023597703317],[-73.8877910749267,40.90022009448203],[-73.88778124215243,40.90019636436964],[-73.88778664568332,40.900177317176954],[-73.88786461462493,40.89994742096856],[-73.88789429519785,40.89988944960289],[-73.88789894170452,40.899851991267916],[-73.88788943925792,40.899825920224714],[-73.88787787937198,40.8998192985433]]],[[[-73.87744643531123,40.868846524636865],[-73.87740654064612,40.868846971225345],[-73.8773775123389,40.868833604131495],[-73.8773184525265,40.86879705712084],[-73.87727089636374,40.868764574518394],[-73.8772383387296,40.86875591319599],[-73.87720561632054,40.86873434947429],[-73.8771288732274,40.86869549810423],[-73.87709266888206,40.868683803610416],[-73.87693704893277,40.86861833064289],[-73.8768531078745,40.86857130757276],[-73.8767964631219,40.868529961459366],[-73.87677364206908,40.868491246653996],[-73.87674490289413,40.86847243624884],[-73.87673087050864,40.86845358481721],[-73.87671936706944,40.86840789879304],[-73.87671006393258,40.86838915956945],[-73.87667009511358,40.86835937908783],[-73.87661946180486,40.86830236088509],[-73.87657643893807,40.86826983241243],[-73.87655189602381,40.8682303169851],[-73.87651270130934,40.868188115021006],[-73.87649317424096,40.86813939834163],[-73.87650613338215,40.8680488049384],[-73.87653334995798,40.8680295212603],[-73.87653357210344,40.86801529105916],[-73.87654156074987,40.867999566250425],[-73.87656248889715,40.867979174538085],[-73.87655101671236,40.86795957031066],[-73.87654349657649,40.867938262981845],[-73.87654989571443,40.86792188901957],[-73.87656104047441,40.86790316535299],[-73.87654367099199,40.86789095864231],[-73.87653974514053,40.86787983429432],[-73.87653977692564,40.867862714217615],[-73.87651910604363,40.86784806364361],[-73.87638021376014,40.86775915365583],[-73.87634444849795,40.86774259945185],[-73.87631548371355,40.86774392274539],[-73.87628689683676,40.86773594527812],[-73.87627345388563,40.8677230430554],[-73.87625168619955,40.86772223808801],[-73.87621988715789,40.86771805542506],[-73.87613143675021,40.86768369777482],[-73.87610624356827,40.867659207122294],[-73.8760750970598,40.86764861453329],[-73.87603603244214,40.8676292363558],[-73.8760257416659,40.86761422674223],[-73.87602093944201,40.86758712854661],[-73.87602749596556,40.867574190149824],[-73.87606642698708,40.867545575683344],[-73.87607558974244,40.86751918136245],[-73.87607565733542,40.86747845498299],[-73.87606146935077,40.86742174220521],[-73.87605307364265,40.867411455897],[-73.87603638301262,40.86740427186954],[-73.87604521682948,40.86738761329289],[-73.87605911707577,40.86736066935992],[-73.8760478864999,40.867339493984765],[-73.87605503682936,40.867335069454576],[-73.87607412758635,40.86734518445004],[-73.87608899065552,40.86734452684528],[-73.87609575188709,40.86732801912226],[-73.87606828637198,40.86729956566548],[-73.8760470905424,40.86728923138958],[-73.87604989886208,40.86727745599924],[-73.87605691669394,40.867244197641995],[-73.87605133785024,40.867209289563704],[-73.87601855573739,40.86714401565673],[-73.87600983587492,40.86712183802794],[-73.87599053217298,40.867099371673504],[-73.87598165366799,40.86708212585492],[-73.87594002083591,40.867055370770736],[-73.87592815794864,40.867035553542095],[-73.87590189722175,40.86701439890941],[-73.87586255591495,40.86699477634021],[-73.87579117423242,40.866970841945665],[-73.87575405661032,40.86695147477054],[-73.87573288769693,40.86695919528741],[-73.87566655188228,40.86694682043534],[-73.87562327516147,40.86693340692394],[-73.87558375322325,40.866915298688575],[-73.87557471429923,40.86690841730377],[-73.87557506049092,40.86688695630126],[-73.87559168489663,40.86683433608877],[-73.87564617051106,40.866799173958405],[-73.87571032865644,40.86678472268349],[-73.87583173918767,40.86683951853601],[-73.87612951898883,40.867042267813886],[-73.87636104641025,40.86717576070987],[-73.87638463126238,40.8671988475233],[-73.87644613594121,40.86740219627225],[-73.87642682285534,40.8675021092476],[-73.87640406711675,40.867637892242136],[-73.87642314536056,40.86766439067658],[-73.87653343800815,40.86775849015566],[-73.87657508833158,40.86776915689054],[-73.87663131548493,40.86777494323325],[-73.876664891407,40.86777150773776],[-73.87671548004519,40.86773661559222],[-73.87676078060035,40.86770617249947],[-73.87680415681258,40.86767972370786],[-73.87680491056632,40.86765191288639],[-73.87681298251984,40.867624456566226],[-73.87682365475192,40.86759244474195],[-73.87684085540234,40.86757666761085],[-73.87686890814112,40.867575222546655],[-73.87692009323992,40.8675511935551],[-73.87695997303265,40.86753272291627],[-73.8769694339381,40.86751039995697],[-73.87696687725858,40.86748498270781],[-73.87698238318904,40.867479238806595],[-73.87701598129023,40.8674861687705],[-73.87704343132329,40.86748797198867],[-73.87707333025192,40.86747341861123],[-73.87710582477173,40.86747159191112],[-73.87715013863077,40.867471013257955],[-73.87717527050317,40.86749804029746],[-73.8771770382523,40.867532550748386],[-73.87719147060255,40.86756024086169],[-73.8772199180069,40.86760265808824],[-73.8772547103045,40.867681134064696],[-73.87731236657898,40.867761628926324],[-73.87731458506967,40.867791689632455],[-73.87732695540872,40.86781257883755],[-73.8773926101046,40.86788940996284],[-73.87741320467123,40.86793398717395],[-73.87742046389032,40.86796314103593],[-73.87745746790173,40.8680061066832],[-73.87750327697083,40.86808331648263],[-73.87749384380393,40.86811896676002],[-73.87748983635326,40.8681410947406],[-73.87749904172878,40.868148610995426],[-73.8775176767559,40.86815007786403],[-73.87752613600394,40.86816210567844],[-73.87751992127804,40.86818667164411],[-73.87752000033558,40.86819913540548],[-73.87753251092367,40.868222527196494],[-73.87752073505172,40.868244616316055],[-73.87748618394367,40.86831304026367],[-73.87747990602983,40.86833325679448],[-73.87750975829336,40.86835964671931],[-73.8775209430856,40.86838090834602],[-73.87750988138185,40.86840551959287],[-73.87751130962164,40.8684338343038],[-73.87754515017808,40.86855739488359],[-73.87757849942491,40.86863797005887],[-73.87762054963473,40.86868827368828],[-73.87762927868307,40.868705218453115],[-73.87761351456088,40.86872479728828],[-73.87758115040074,40.868739253636164],[-73.87756747332472,40.86875275907589],[-73.87756681025932,40.868774002722326],[-73.87754477709188,40.868794777950214],[-73.87754529988369,40.86880719715661],[-73.87756988989888,40.86881383464333],[-73.87757628246557,40.86882284542076],[-73.87757262796609,40.86883366272652],[-73.87752726524221,40.86885449334025],[-73.87748955164169,40.868853222337265],[-73.87744643531123,40.868846524636865]]],[[[-73.97148796580703,40.661699959659096],[-73.97150786590657,40.66175172356844],[-73.9715191899742,40.66182077886686],[-73.9715025530395,40.66192546067144],[-73.97139810508766,40.661936430953354],[-73.97144390026371,40.66179815724077],[-73.97148796580703,40.661699959659096]]],[[[-73.96219004834035,40.664793501703535],[-73.96222936792697,40.664773372777425],[-73.96225555387277,40.66476116857333],[-73.9622933697694,40.66474624501534],[-73.96232117049776,40.66473722284885],[-73.96233176181079,40.664732991190334],[-73.96234086691108,40.66472612323377],[-73.96234972382982,40.66471686882768],[-73.96235457671871,40.66470931058341],[-73.96235592304816,40.66469996997073],[-73.96235329858783,40.66468372380185],[-73.96234738254232,40.664659873498294],[-73.96234109399205,40.6646402005665],[-73.96233605550373,40.6646287965823],[-73.96232815965409,40.66461779509338],[-73.96231800128979,40.66460719089092],[-73.96229223091346,40.664585200848784],[-73.96223727801299,40.66454198506565],[-73.96220554757721,40.66451559132453],[-73.96218520172302,40.664495823712926],[-73.96217765736543,40.66448651439882],[-73.96216974295375,40.66447286987794],[-73.9621612037475,40.66445366266307],[-73.96215567279187,40.66443698598688],[-73.96215363420636,40.66442414035449],[-73.9621542146965,40.664413999833585],[-73.96215688908498,40.66440883985559],[-73.96216930656522,40.66439574413209],[-73.9621798855581,40.66438187696096],[-73.96218869807456,40.664373722082445],[-73.96220244657209,40.6643637020553],[-73.96221807346531,40.66435496587891],[-73.96223583341008,40.66434680673095],[-73.96225627517103,40.664339143744094],[-73.9622725903319,40.66433456006589],[-73.96228632958733,40.664332483478304],[-73.96232722713953,40.664329961025686],[-73.96233708502567,40.66433020108936],[-73.96236109172692,40.66436959121792],[-73.96233950185102,40.6644041783787],[-73.9623191448135,40.664431412324596],[-73.96231125223585,40.664443968336634],[-73.96230839621504,40.66445247277552],[-73.96230922350804,40.66446176006911],[-73.96231254743022,40.66447280688866],[-73.96231689953991,40.664480842719],[-73.96232270351787,40.66448740397939],[-73.96232815693678,40.66449068814661],[-73.9623402397424,40.66449432118272],[-73.96234931078533,40.66449535344189],[-73.96236805504817,40.66449489761054],[-73.96239452517398,40.664492305576246],[-73.96243596787642,40.66448788947786],[-73.96245949584699,40.66448717404392],[-73.96247434365131,40.66448852065734],[-73.96248173837792,40.66449060506257],[-73.96248816434264,40.66449518988458],[-73.9624956302428,40.66450319790698],[-73.96250116815919,40.66451186087619],[-73.96250497189787,40.66452352740152],[-73.96250605962831,40.66453238793392],[-73.96250484905127,40.66453800045616],[-73.9625001352482,40.66454642865077],[-73.96248951936903,40.66455866680543],[-73.96246601785063,40.6645816826346],[-73.96245877647421,40.664590773683095],[-73.9624545388368,40.66459992694664],[-73.9624497141942,40.66461826438194],[-73.96244664419157,40.66464347242705],[-73.96244718505531,40.66465953060637],[-73.96245064537169,40.66468043541567],[-73.9624561012801,40.66470244761037],[-73.9624653648881,40.66472700140309],[-73.96247490045279,40.664745330916595],[-73.9624887986209,40.66476993934943],[-73.96249222106331,40.66478041706933],[-73.96249198374552,40.66478814792239],[-73.96248902795769,40.6647974303787],[-73.96248591293732,40.66480176354675],[-73.96247820212285,40.66480652115988],[-73.96247195630215,40.66480749708289],[-73.96245948618434,40.664806925689035],[-73.96244958912685,40.66480471799549],[-73.96242438927153,40.66479630254893],[-73.96241098962838,40.664793650654],[-73.96238912884833,40.664792545779676],[-73.96236207285246,40.66479369319318],[-73.96234809460859,40.66479579132391],[-73.96233449395785,40.664799369124474],[-73.96231419784478,40.664806463946945],[-73.9622890119245,40.66481735644024],[-73.96227200134969,40.664826002120435],[-73.96225449487966,40.664837416722264],[-73.96221284817085,40.664871713612115],[-73.96218708680337,40.664892124348704],[-73.96217379655248,40.66490092072279],[-73.96215860770818,40.664908559307705],[-73.96214767735952,40.66491207222682],[-73.96211459058217,40.66492066216378],[-73.96210088135031,40.66492587163601],[-73.9620927145022,40.66493184837174],[-73.96208342655557,40.66493990042681],[-73.96207799145593,40.664941792420535],[-73.9620685054446,40.66494252501467],[-73.96205474407185,40.66494167128959],[-73.96204551748768,40.664939553834095],[-73.96203639225249,40.664935982077886],[-73.9620319003163,40.66493260095865],[-73.96202720724541,40.66492523048673],[-73.96202535063959,40.664918879434616],[-73.96202624153493,40.66491194215304],[-73.96203015372843,40.6649012543188],[-73.96203415380248,40.66489407222246],[-73.9620425636073,40.66488509595203],[-73.96205620260396,40.664874455451205],[-73.96208576324787,40.66485480062858],[-73.96211651312285,40.6648338386406],[-73.96215951990126,40.6648098549429],[-73.96219004834035,40.664793501703535]]],[[[-73.9055190233954,40.7835583196021],[-73.90568212593729,40.78364374515164],[-73.90575706256736,40.78375383609256],[-73.9058009566382,40.783821993152316],[-73.90558370536327,40.78392036540192],[-73.90531501788311,40.78370561387334],[-73.9055190233954,40.7835583196021]]],[[[-73.9667495032173,40.66206387846638],[-73.9667806186038,40.662058548294894],[-73.9669461972484,40.66214200991977],[-73.96720194152381,40.66211812128356],[-73.96745174471653,40.66203564820829],[-73.96756267116358,40.661891507775444],[-73.96764172185534,40.66180578017063],[-73.96776017572725,40.661778694380644],[-73.96787751516307,40.6618187191392],[-73.96770822036854,40.66181150723074],[-73.96762559167638,40.66191125671481],[-73.96757682918675,40.661982635016095],[-73.96738992328396,40.662092153407954],[-73.96709901248424,40.662164340607625],[-73.96680942291518,40.662120527442084],[-73.9667495032173,40.66206387846638]]],[[[-73.96832526457348,40.66186915515092],[-73.96845805321523,40.66189669791059],[-73.9687906065631,40.662108264972964],[-73.96905955250303,40.66237387377144],[-73.96918009665114,40.662597010841516],[-73.96917514448286,40.6629826384893],[-73.96916404450225,40.66294784136815],[-73.96914348576558,40.66256935337618],[-73.96901911156203,40.662391943452945],[-73.9688183815974,40.66214744586585],[-73.9684586044405,40.66195137741423],[-73.96832526457348,40.66186915515092]]],[[[-73.9690099080242,40.66341721473314],[-73.96899214891369,40.66358362083433],[-73.9689332550481,40.66380338581787],[-73.96904038034255,40.663929547292675],[-73.96898300154521,40.664105371116406],[-73.9689670855124,40.664008104779505],[-73.96900772418451,40.66389239220866],[-73.9688951447438,40.663830137058085],[-73.96899342387321,40.66354514122157],[-73.9690099080242,40.66341721473314]]],[[[-73.96619963688015,40.66160167497082],[-73.96624714753156,40.661613536115055],[-73.96625814296044,40.661725338449415],[-73.96626831038779,40.661760484082805],[-73.96620611983411,40.66175515638465],[-73.96619870609106,40.66175129639427],[-73.96620221549877,40.66171467612608],[-73.96619963688015,40.66160167497082]]],[[[-73.96788050208471,40.66182890301222],[-73.96793116667718,40.66178000470131],[-73.96800112625898,40.66178372980853],[-73.96813519956632,40.66172804847695],[-73.96826239707813,40.661807215616584],[-73.96832526457348,40.66186915515092],[-73.96826759381872,40.66194503207254],[-73.96814961277381,40.66196489907601],[-73.96797179069702,40.66192477582444],[-73.96789127617713,40.66183387416886],[-73.96788050208471,40.66182890301222]]],[[[-73.96920521068247,40.66424378160807],[-73.9690614348553,40.66418980391617],[-73.9690982956851,40.664192875578706],[-73.96920521068247,40.66424378160807]]],[[[-73.94456735947071,40.73620265544137],[-73.9447393068413,40.736024216888666],[-73.94488549915658,40.735766334647025],[-73.94502836903064,40.7354503669592],[-73.94525079348976,40.735696960864],[-73.94563497452666,40.73601894748796],[-73.94618565287453,40.736195901096586],[-73.94649016149688,40.73573036242834],[-73.94655875708288,40.735608251182995],[-73.94664256825345,40.73471314184832],[-73.94662919306836,40.734589283370205],[-73.94705645064622,40.73441066039666],[-73.94720285871611,40.73532289454737],[-73.94671364679532,40.73620384686031],[-73.94641850802073,40.736862076610116],[-73.94648695947288,40.7369210448732],[-73.94453360379116,40.736276946398476],[-73.94456735947071,40.73620265544137]]],[[[-73.96561432153429,40.666201912502075],[-73.96560647278147,40.66619678531977],[-73.96560647718567,40.666188243927756],[-73.96561770927703,40.6661592056473],[-73.96563232042406,40.66610198132666],[-73.9656390540711,40.666097712191146],[-73.96564690545418,40.66609771453603],[-73.96571982851505,40.66607809153473],[-73.9657658144067,40.666087500311406],[-73.96576917706078,40.666093480737686],[-73.96576019373036,40.666112269129826],[-73.96575906046631,40.666133622726306],[-73.96571529820955,40.666162651330346],[-73.96568275918945,40.66617972441493],[-73.96564158803072,40.66617881611243],[-73.96563452291906,40.666181418294094],[-73.9656210531295,40.66619935164574],[-73.96561544383793,40.66620191283754],[-73.96561432153429,40.666201912502075]]],[[[-73.97249441794614,40.708531393077266],[-73.97120023563865,40.70579207058665],[-73.97339231926873,40.707385747749406],[-73.97426360256746,40.70799368556797],[-73.97461166652948,40.7077101846779],[-73.97460606255065,40.7076905378889],[-73.97314733071659,40.70661909998766],[-73.97339523096356,40.705726679604474],[-73.97374460445205,40.70580208130472],[-73.97403813018686,40.705969963592146],[-73.97406357714898,40.70599530972037],[-73.97413764122587,40.706007835389144],[-73.9742145196742,40.70609274745014],[-73.97427615972708,40.70609411921291],[-73.97428414397037,40.70609014613956],[-73.97429274477676,40.706082970084196],[-73.97430044826876,40.70607363890405],[-73.97430967686259,40.7060586888725],[-73.97419643417489,40.70595098759052],[-73.97400408414822,40.705762276357234],[-73.9738190114999,40.705630605750414],[-73.97358225391137,40.70546527988394],[-73.97345866592562,40.705368005216805],[-73.97350405554309,40.705355767816826],[-73.97280681595183,40.70490388161006],[-73.9710978804379,40.70384431583954],[-73.97115229397865,40.70367164016232],[-73.97117290592278,40.70349021832976],[-73.97216295844139,40.70396159623893],[-73.9721797940067,40.70396501775102],[-73.97219326289323,40.703963312735],[-73.97220448850797,40.70395819063436],[-73.97231339880676,40.70385998906891],[-73.97231452600116,40.70384973971606],[-73.97230892042136,40.70383350934605],[-73.97200371828441,40.7036386890567],[-73.96904913140887,40.701764074546816],[-73.97229811391648,40.70327149378019],[-73.97283212827149,40.70338178696799],[-73.97215693607777,40.70277599813458],[-73.97210312191493,40.70271757970928],[-73.96989591266615,40.70031164897725],[-73.97255283325441,40.70247424165681],[-73.97284474701317,40.70271298795455],[-73.97285260284842,40.702715552664266],[-73.97286045819644,40.70271640910246],[-73.97286943681091,40.70271641121914],[-73.97287729403793,40.70271555848517],[-73.97288515195953,40.70271299747993],[-73.97330053950391,40.702417558308134],[-73.97330503118536,40.702411579951324],[-73.97330727822252,40.70240560197425],[-73.9733084026883,40.70239876915115],[-73.97330728369481,40.70239193490717],[-73.97330504178828,40.70238510130336],[-73.97330055455585,40.702379975449595],[-73.97250623298937,40.7016563207989],[-73.97087287372857,40.699926258742664],[-73.9730393820939,40.701554802531476],[-73.97317738691734,40.70165904201643],[-73.97318973035084,40.70166246143451],[-73.97320207565552,40.701664172580585],[-73.97321442199055,40.7016633208686],[-73.97339461886142,40.70162407422681],[-73.97351986832875,40.70122948165874],[-73.97263353582113,40.70048957844337],[-73.97261446367932,40.70047163660704],[-73.97256187427271,40.700082983772724],[-73.9728996115604,40.700273540111645],[-73.97292541605061,40.70029490002788],[-73.9735660180881,40.70088953998016],[-73.9740888669856,40.70128000650978],[-73.97409559947383,40.70128342456768],[-73.97410345485714,40.70128684287777],[-73.97411131123613,40.70128769923098],[-73.97411916643242,40.70128855468292],[-73.97412814636915,40.70128770301637],[-73.97413600289113,40.701285141925005],[-73.97432571171838,40.70119293595077],[-73.97433918459265,40.70117927278534],[-73.9744234100583,40.70104604367276],[-73.97541272657202,40.699553199415],[-73.97546548187972,40.699531856827505],[-73.97552384534652,40.69952076503808],[-73.9756080166603,40.69952334576463],[-73.97569554636164,40.69955069662672],[-73.9757527683024,40.699590853528335],[-73.97578530026446,40.699631006110025],[-73.97580212133813,40.69966859252273],[-73.97580771904946,40.69970788484584],[-73.97484310583788,40.70118450884261],[-73.9747528991457,40.70127248532086],[-73.97456349633991,40.70158077441151],[-73.97456349373275,40.70158760749555],[-73.97456461369906,40.70159529541347],[-73.97456797775055,40.7016012746556],[-73.97457358760185,40.701607255294235],[-73.97539277971254,40.701903824234925],[-73.97560830732034,40.70179795550217],[-73.97587429405509,40.70190392617009],[-73.97603695810146,40.70202183355505],[-73.97612670560848,40.702133746208716],[-73.97662377900554,40.70248490467443],[-73.9768964140758,40.702758289370664],[-73.97713490655441,40.70301205258691],[-73.97741483314263,40.7031647445968],[-73.97749552693492,40.70325092406715],[-73.97721129737256,40.704212973926495],[-73.97817533367375,40.70446855214781],[-73.97842226823049,40.70554827871001],[-73.97520214489103,40.70750275366176],[-73.97270523032557,40.70876535732401],[-73.97249441794614,40.708531393077266]]],[[[-73.92448375065845,40.72357201924945],[-73.92419217003462,40.72427564791825],[-73.92383372658959,40.72429880930068],[-73.92346243805974,40.724248686567975],[-73.92311613169281,40.72430462692836],[-73.9227190949786,40.72426233614497],[-73.92239714640698,40.7241788638942],[-73.92205950783192,40.72414533408951],[-73.92179275401121,40.724099164184494],[-73.92127396400018,40.72390137570423],[-73.92069775846646,40.72378442191943],[-73.92039805912057,40.72360062730872],[-73.92061092396838,40.72328292588149],[-73.92128331723406,40.72338320633864],[-73.9218568817397,40.7235871968703],[-73.92382018573134,40.72361428969176],[-73.92393020472848,40.7236194881326],[-73.92404585406805,40.72360931398085],[-73.9241772191327,40.72360171381429],[-73.92431418532664,40.723604365879865],[-73.92442310453927,40.72358991670841],[-73.92448375065845,40.72357201924945]]],[[[-73.96969925778116,40.66417445779741],[-73.96986161257837,40.6641470347067],[-73.97021224053523,40.66420570280587],[-73.97033242605471,40.66423026752507],[-73.97040950974922,40.664199567173014],[-73.97047599311591,40.66399963455922],[-73.97077825526222,40.6638487645241],[-73.97080785048546,40.66390261119616],[-73.97051783752177,40.66403696628103],[-73.9704257183796,40.66423120467068],[-73.97032042706816,40.664250009145746],[-73.97005686083912,40.66420627301603],[-73.96976238490457,40.6641776253139],[-73.96969925778116,40.66417445779741]]],[[[-73.96203604138032,40.72522964006595],[-73.96178318252682,40.72559433916452],[-73.96153865408199,40.72585839507539],[-73.96095842906325,40.72587262505433],[-73.96070749287105,40.725893330649406],[-73.96020893014622,40.72595163489322],[-73.96018207949079,40.725739845681524],[-73.95999978619544,40.72531850901255],[-73.95970036979257,40.725390419224105],[-73.95944952309566,40.72537337456681],[-73.95913574348243,40.725410103462316],[-73.9584572598011,40.725422143611404],[-73.95828734298418,40.725219876447355],[-73.9579709312851,40.72502339184606],[-73.95791746502789,40.72466018973856],[-73.95808229702733,40.72440271591962],[-73.95848952198419,40.724447100071494],[-73.95888389403032,40.72456851315955],[-73.95920284267012,40.724685994486954],[-73.96034669603841,40.72504648342528],[-73.96100594214614,40.7252267698893],[-73.96145770044362,40.725153777238475],[-73.96168086633628,40.72518200254208],[-73.9619677812808,40.7252346901074],[-73.96203604138032,40.72522964006595]]],[[[-73.9690852766852,40.66311599973631],[-73.96915173179447,40.66318031623534],[-73.96906824528611,40.66331265168815],[-73.96902153660369,40.66341637768372],[-73.96898298466535,40.66334056184241],[-73.96902002790338,40.66321212579584],[-73.9690852766852,40.66311599973631]]],[[[-73.96920349305141,40.66426540163921],[-73.96925359359403,40.66418753570713],[-73.96939779555125,40.664135283890154],[-73.96961029300988,40.66404545520786],[-73.96969925778116,40.66417445779741],[-73.9695386890027,40.66414650569517],[-73.96945035081635,40.66414518282449],[-73.96932132363742,40.66424143076772],[-73.96920349305141,40.66426540163921]]],[[[-73.96805456195449,40.668677363011234],[-73.96809636568042,40.66859782486171],[-73.96819869485465,40.66868810016934],[-73.96816891574473,40.668796501407414],[-73.96809300537329,40.66877907521298],[-73.96807116386884,40.66883854370706],[-73.96819916970144,40.66888032346394],[-73.96826075648077,40.66887389998396],[-73.9682873602043,40.66887208377648],[-73.96830521120309,40.668872382263984],[-73.96831863961496,40.668873951959384],[-73.96833725888149,40.66887772124061],[-73.96834283526317,40.66887996595964],[-73.96834678128627,40.66888357361044],[-73.9683529311278,40.668893577329214],[-73.96835638167786,40.66890453215019],[-73.96835605177458,40.668916869123215],[-73.9683531868344,40.668930437304226],[-73.96834908071081,40.6689402130725],[-73.96833843001127,40.66895683275923],[-73.96833480128724,40.66896743803323],[-73.96833397945981,40.668982119813315],[-73.9683355822566,40.668991487417685],[-73.96834047430671,40.66900031561795],[-73.96834933702259,40.66901068569264],[-73.96835641489037,40.66901650406988],[-73.96836277031677,40.669019476618764],[-73.96838698933243,40.66902621373005],[-73.96839840610575,40.66903018273737],[-73.96840300413942,40.6690330539435],[-73.96840539980445,40.66903643603749],[-73.96840752011138,40.66904438276937],[-73.96840758402479,40.6690567630752],[-73.96840549806417,40.66906618909952],[-73.96839871446622,40.6690782766581],[-73.96839158487985,40.66908673774495],[-73.9683782991026,40.66909604002192],[-73.96836358877742,40.66910413701579],[-73.96834060823392,40.66911432723188],[-73.96833060019917,40.66911742855453],[-73.9683220621683,40.66911815111887],[-73.96830566384467,40.66911696152383],[-73.96828555447034,40.66911293968248],[-73.96826739660699,40.66910621142603],[-73.96825298093438,40.66909901413036],[-73.96824502317355,40.66909317028951],[-73.96823675268129,40.66908342712926],[-73.96823333178854,40.66907727026013],[-73.96823243172861,40.66906992450596],[-73.9683205595774,40.66904969621182],[-73.96824706024726,40.66897283675431],[-73.96804403549797,40.668829550829926],[-73.96805456195449,40.668677363011234]]],[[[-73.96562657266283,40.66871862180384],[-73.9656695832088,40.668659860692706],[-73.96568744924804,40.66869975796508],[-73.96573110824039,40.66871385054047],[-73.96577042682208,40.6689331603131],[-73.96571015533301,40.6689225838188],[-73.96569524231823,40.66883442970004],[-73.96563232334634,40.668742742032165],[-73.96562657266283,40.66871862180384]]],[[[-73.97556118816838,40.659907630326614],[-73.9751365969464,40.659728720162036],[-73.97500115950893,40.65961381190975],[-73.97523906190823,40.659735270108925],[-73.97539145585263,40.659754241576074],[-73.97541483432875,40.659814140831216],[-73.97552965507705,40.65982489046695],[-73.9757054941103,40.65983284237952],[-73.97574458653595,40.65989784991303],[-73.97563923337275,40.65991457995843],[-73.97556118816838,40.659907630326614]]],[[[-73.96214443956318,40.66517436897128],[-73.96213163271462,40.6651731355518],[-73.96211613661048,40.66516986517855],[-73.96209777045512,40.66516431104951],[-73.9620807353386,40.66515768033908],[-73.96206621598327,40.66515039848216],[-73.96205569519189,40.66514277394522],[-73.96204222446524,40.66512985880283],[-73.96203728190955,40.66512238559037],[-73.96203323402928,40.66511172754771],[-73.96203036459681,40.665097974820284],[-73.96202883292668,40.66507756231769],[-73.96202988013006,40.66506195762091],[-73.96203375687573,40.66504707607182],[-73.96203799186713,40.665038567592866],[-73.96204270251668,40.665033766695224],[-73.96205175390692,40.66502789021222],[-73.96206652943002,40.66502136724464],[-73.96207468785015,40.66501983725631],[-73.9620947167505,40.665019049602535],[-73.9621069047799,40.665020795215966],[-73.9621238581301,40.665025580738295],[-73.96220760791152,40.66507241980808],[-73.96222223275936,40.665085537025774],[-73.96222791661411,40.66509337698376],[-73.96223349305413,40.6651050404973],[-73.96223712174923,40.66511671777943],[-73.96223699879862,40.66513127007816],[-73.9622351100005,40.66513786934011],[-73.9622311545549,40.66514352328221],[-73.96222303177328,40.66515101380891],[-73.96221150055432,40.66515883190382],[-73.9621992297622,40.665165350309934],[-73.96218699418297,40.665170245996386],[-73.96217520584653,40.66517266450901],[-73.96215726613738,40.66517418588413],[-73.96214443956318,40.66517436897128]]],[[[-73.9282489422215,40.72212506495727],[-73.92824294669185,40.722126670431734],[-73.92823749536645,40.72213071212399],[-73.92823412338824,40.72213718918999],[-73.928229111219,40.722148889090604],[-73.92822556595986,40.722151408307894],[-73.92821977103695,40.72215137677946],[-73.92820843128365,40.72214879064928],[-73.92820075308086,40.72214560796244],[-73.92819553541281,40.72214150468759],[-73.92818848778036,40.72213200531717],[-73.92818552712187,40.722124733655214],[-73.92818528082651,40.722119338547586],[-73.92818884910236,40.722106442771825],[-73.92819710224634,40.7220945125626],[-73.92820235419214,40.72208657064009],[-73.9282036375242,40.722081897794645],[-73.92820218346972,40.722076944984714],[-73.92819866862929,40.722071007532946],[-73.92819396808572,40.72206591582075],[-73.9281890066908,40.722063446230095],[-73.92818160264693,40.72206287699227],[-73.92816437847704,40.72206314900714],[-73.92815791276057,40.72206173657557],[-73.92815062504626,40.7220586603891],[-73.92814069402334,40.72205257935239],[-73.9281273567869,40.72204081577287],[-73.92812160533614,40.72203340909159],[-73.92811849791576,40.72202724046065],[-73.92811752228064,40.72202097320395],[-73.9281203212942,40.7220058130683],[-73.92812313545463,40.721986484482166],[-73.92812237416842,40.72197133022825],[-73.92811964794079,40.72196290335672],[-73.92811292648497,40.72195608860476],[-73.92811136359973,40.72195108799857],[-73.92811222574663,40.721944058256994],[-73.92810498564525,40.72193855252192],[-73.92809830044196,40.72193873115072],[-73.92809075651446,40.72194166840482],[-73.92808355057083,40.7219407066621],[-73.92807883110068,40.721936718057776],[-73.92807329344933,40.72192643617973],[-73.92806899808579,40.72192210114367],[-73.92806190706801,40.721917744549515],[-73.92805378722441,40.721914737176185],[-73.92803366458662,40.72191048950257],[-73.92801522310094,40.72190474893081],[-73.92800848847602,40.72190137501234],[-73.92799339581231,40.721887599481015],[-73.92797518794292,40.72187269366023],[-73.927960643132,40.72186017017588],[-73.92795418206966,40.72185228487131],[-73.92795054964266,40.721845662950706],[-73.92795471791764,40.721841636678185],[-73.92797603356509,40.72183277729132],[-73.9279934433195,40.72182719691545],[-73.9280120215075,40.7218236055932],[-73.92801815411121,40.72182109160198],[-73.92802561214349,40.721816578406774],[-73.92803135274528,40.721810987127846],[-73.92803464338306,40.7218053051668],[-73.92803468322678,40.72180019389808],[-73.92802545091037,40.72178942253229],[-73.92802010455715,40.72178395579701],[-73.92800565409706,40.72177613754092],[-73.92799704923618,40.721770716493964],[-73.927989974315,40.72176353140402],[-73.92797480773632,40.72174370890037],[-73.9279590125164,40.72172184184406],[-73.92795128176833,40.72171476800451],[-73.92794563344755,40.72171163970073],[-73.9279334232593,40.72170848837886],[-73.9279225149335,40.72170761976259],[-73.92790626237428,40.72170918728017],[-73.92788572015994,40.72171319969437],[-73.92786537823483,40.7217191564311],[-73.9278451461685,40.721726402763124],[-73.92783147681263,40.721732892274595],[-73.92780903415151,40.72174743314514],[-73.9277767015269,40.72177267667048],[-73.9277517650669,40.72179041907882],[-73.92773937979958,40.72180027549077],[-73.9277302232821,40.721810241989246],[-73.92772521168081,40.721822450656894],[-73.92772246283488,40.72182838329094],[-73.927718146729,40.7218322869929],[-73.9277108786906,40.72183621045357],[-73.92770442382619,40.721837916468736],[-73.92769235803982,40.72184020699279],[-73.92768585375079,40.721846011196],[-73.92767648590345,40.72185219901831],[-73.92765262028165,40.72186364661365],[-73.9276418984026,40.721869817373125],[-73.92763485898298,40.721875744606926],[-73.92763137814313,40.72188324186472],[-73.9276263493658,40.72188617706722],[-73.92761886753524,40.72188859473531],[-73.9276157522202,40.72189410299621],[-73.92761607222316,40.7219013360921],[-73.92761425863732,40.721905972577375],[-73.92760141866155,40.721912709322545],[-73.92758982172238,40.72191921361601],[-73.92758404019011,40.72192430596469],[-73.92758046605326,40.72192942581633],[-73.92757829910238,40.721935746932594],[-73.92756934276855,40.72193790882567],[-73.92756421996205,40.721942409052325],[-73.92755850716054,40.72194960053131],[-73.92754750508311,40.72195872567824],[-73.92754131009761,40.721961978923595],[-73.92752370471591,40.72196670902665],[-73.92751550613937,40.72196972507577],[-73.92750804160256,40.72197472991216],[-73.92750230933508,40.721981310830415],[-73.92749479756127,40.72199165475871],[-73.92748614139873,40.721998585934166],[-73.92746039389205,40.72201425749617],[-73.92741125899568,40.722044479155066],[-73.92739786873972,40.72205216917035],[-73.92739298296944,40.722057448479774],[-73.92739179063375,40.72206545866285],[-73.92738822856931,40.72206925476669],[-73.9273808404749,40.72207251985808],[-73.92736549406925,40.72207661650226],[-73.92735238565359,40.72207873703708],[-73.92734477023484,40.722078807874496],[-73.92733857209845,40.722077332530084],[-73.9273257972865,40.722073099275384],[-73.9273084940492,40.722069895144514],[-73.92728170229427,40.722067341490266],[-73.92727500677665,40.72206611166745],[-73.9272708940751,40.722062546652914],[-73.92726522060579,40.72205209715547],[-73.92726102190356,40.72204924889205],[-73.92724852018735,40.722051821854215],[-73.92724102809579,40.72205276715772],[-73.9272286211846,40.722051980375646],[-73.92722316648486,40.722050390229676],[-73.92721836598506,40.72204694004373],[-73.92721179369985,40.72203908524468],[-73.92719777090942,40.722019030130355],[-73.92719315008522,40.72201471286603],[-73.92718550469773,40.7220108034207],[-73.92717426783875,40.722007265414845],[-73.92716192179525,40.72200494329487],[-73.92715068510125,40.72200450484149],[-73.92714062858634,40.72200612029617],[-73.92713085596637,40.722008974130596],[-73.92712582943119,40.72201199486108],[-73.92712000173294,40.722020299275634],[-73.9271158228798,40.72202420124083],[-73.92710979786973,40.722025689571346],[-73.9270901481737,40.72202733406784],[-73.92706897947976,40.72203045083278],[-73.92705743193058,40.722033938396095],[-73.92705221735132,40.72203681762415],[-73.92704859095011,40.72204098288578],[-73.92704378993344,40.72204882598545],[-73.92703867524669,40.72205127483253],[-73.92703118604297,40.72205174195349],[-73.92702474640483,40.72205031686767],[-73.92701173390172,40.722042668694364],[-73.9270059522343,40.72204026967299],[-73.92699565945664,40.72203929690011],[-73.92698128018858,40.72204001989613],[-73.92695982573072,40.72204359752082],[-73.92694777093081,40.722045525968845],[-73.92694135836697,40.72204531838479],[-73.92693511646698,40.722042747070454],[-73.92693284103164,40.72203784145012],[-73.92694430155363,40.72202953071371],[-73.92695587189041,40.72202037536764],[-73.92696278862554,40.722018462570176],[-73.92697125439912,40.72202330818035],[-73.926977933885,40.7220240373272],[-73.92698588759968,40.72202307792541],[-73.92699179402872,40.72202071242959],[-73.92699386783165,40.722016279634396],[-73.92699551259496,40.72200696760508],[-73.92699934929594,40.72200423338847],[-73.92700902177792,40.72200203687389],[-73.92702404352931,40.72199934126467],[-73.92702791985114,40.721997173492895],[-73.9270301311371,40.72199365029907],[-73.92703135259292,40.7219871890149],[-73.92703060456412,40.72197744952743],[-73.92702654808586,40.7219636304347],[-73.92702175822282,40.72195480510431],[-73.92701540029528,40.72194686578185],[-73.92700858005306,40.72194173575653],[-73.9270011081057,40.72193834600305],[-73.92699391652509,40.72193941395033],[-73.92698861957535,40.72194293788836],[-73.92698318883947,40.721951898118895],[-73.92697822179494,40.721954633419095],[-73.92697086916833,40.72195468818931],[-73.92696456570508,40.72195105783798],[-73.92695641713871,40.72194190078763],[-73.9269506275914,40.72193806184327],[-73.92694394737616,40.7219390859869],[-73.92693683340015,40.7219417010557],[-73.92693079504186,40.72194565136225],[-73.92692080941447,40.72195386397748],[-73.92691437493357,40.72195638132059],[-73.92690684235946,40.72195755080361],[-73.92690091479503,40.721956526762796],[-73.92689516292623,40.721951790031305],[-73.9268907499833,40.72194573220135],[-73.92688823981291,40.7219379429987],[-73.9268877594548,40.72193022082213],[-73.92688942852898,40.72192573284062],[-73.92689518110362,40.721922270431115],[-73.92690401566061,40.721917845532026],[-73.92690982996552,40.72191313595491],[-73.92691466056462,40.721907464008595],[-73.92691627723329,40.72190219254992],[-73.92691477490449,40.721894940691364],[-73.92692025120218,40.72188976893758],[-73.92692652887872,40.72188776388467],[-73.92694631625831,40.72188573408528],[-73.92698253718103,40.72188337341235],[-73.92700274307434,40.72187962029293],[-73.92701093367899,40.721879571455005],[-73.92702052595234,40.721881428983686],[-73.92702563500046,40.721884118442716],[-73.9270300133367,40.721889360383706],[-73.92703273765483,40.721895078546545],[-73.92703257862186,40.72189979531609],[-73.92702990461672,40.72191082396596],[-73.92703107600241,40.72191549925473],[-73.92703638809455,40.72192084354488],[-73.92704225542514,40.72192174777273],[-73.92704983238333,40.721921114112355],[-73.92705630608808,40.72191951980905],[-73.9270676120464,40.721912892915626],[-73.92707465226005,40.721909534871436],[-73.9270801991698,40.72190904940783],[-73.9270942244603,40.72191053602631],[-73.92712196983747,40.7219166059182],[-73.9271502307957,40.7219241943891],[-73.92715822546079,40.721925823066506],[-73.92716914265456,40.72192618207218],[-73.9271738908449,40.721924417374886],[-73.9271752755727,40.72191908543173],[-73.92717414385082,40.72191384735089],[-73.92716812011895,40.72190876106328],[-73.9271600501703,40.72190454067179],[-73.9271380361563,40.721897075924474],[-73.92713180216569,40.72189377161083],[-73.92712511362107,40.72188618328394],[-73.92711989228134,40.721875775488705],[-73.9271163565993,40.721863018429715],[-73.92711548155462,40.7218514427227],[-73.92711731155757,40.72184156528853],[-73.92712198782425,40.72183196701304],[-73.92712494471313,40.72182849651881],[-73.92713083352827,40.72182490000773],[-73.92714219822264,40.72182082338793],[-73.92716365280893,40.72181597060738],[-73.9271936898572,40.72180989765649],[-73.92721455904721,40.72180459153987],[-73.92723252818543,40.72180382125556],[-73.92725500775599,40.72180331046361],[-73.9272633641594,40.721802082044675],[-73.92726840274089,40.721799933009194],[-73.92727136862922,40.721795799741656],[-73.9272758176678,40.721786156290825],[-73.92728025892981,40.72178146924093],[-73.92729185141118,40.72177363222116],[-73.92730661602792,40.72176680667464],[-73.92732101634904,40.72176300120612],[-73.92737215278493,40.721754287723265],[-73.92742755972948,40.72174658638107],[-73.92747430670605,40.721740629248046],[-73.92748522263962,40.72173994453212],[-73.92750524517577,40.72174147269907],[-73.92751131715649,40.72174029595375],[-73.9275204239832,40.721734685207295],[-73.92752694930549,40.72173239931845],[-73.92754440496444,40.72172924231122],[-73.92756231347593,40.72172433589571],[-73.92757547360158,40.721719216671794],[-73.92759169013917,40.721710505433855],[-73.92760037891978,40.72170292140111],[-73.927606999795,40.721702013347844],[-73.9276164376818,40.721705429512376],[-73.92762351588529,40.721705189923945],[-73.92763074464527,40.72170364018791],[-73.92764081049746,40.72169882248334],[-73.92764917055908,40.7216952959376],[-73.927659936466,40.72169542517172],[-73.92766677551231,40.72169415794867],[-73.92767335016934,40.72169112015679],[-73.92767970078187,40.72168294481529],[-73.9276854520601,40.72167952919194],[-73.92770369248925,40.721671949349215],[-73.92771091263495,40.721667424318284],[-73.92771992397658,40.72165815832666],[-73.92772573727639,40.721654301490396],[-73.92773551804139,40.721650413825195],[-73.92775367121153,40.721647978532424],[-73.92776344487072,40.72164627639776],[-73.92776988077378,40.72164348165096],[-73.92778966790706,40.721631756817686],[-73.92781211245963,40.721621994057024],[-73.9278494938904,40.721609097874044],[-73.92793458198337,40.72158372616935],[-73.92806776872727,40.72155545240213],[-73.92807273449064,40.721558221870666],[-73.92807853030028,40.721567254903405],[-73.92808485524692,40.721583904778484],[-73.9280872694801,40.72159406583837],[-73.92808859603795,40.721603080770315],[-73.92809443262217,40.72160943210938],[-73.92809608461309,40.72161411309067],[-73.92809573513745,40.721624276926846],[-73.92809154001976,40.72164332909475],[-73.92810477212952,40.72171625704138],[-73.9281135863698,40.72172288669522],[-73.92811558764265,40.72172855845502],[-73.92811615656947,40.72173769538283],[-73.92811325818882,40.72175391085441],[-73.92810669907598,40.721778759929144],[-73.9281042175832,40.72180131434924],[-73.92810328843898,40.721818882715326],[-73.92810438660719,40.72182347239903],[-73.92810774700449,40.7218288253266],[-73.928113210536,40.72183320341461],[-73.92812187857342,40.72183932508891],[-73.9281349254561,40.72185468692532],[-73.92814609676995,40.72186634739494],[-73.92816429187184,40.721884347332434],[-73.92817322760743,40.72189797852099],[-73.92817566655403,40.721906098138305],[-73.92817667062056,40.721918935531725],[-73.9281802287676,40.72192641378359],[-73.9281896930254,40.72193836675021],[-73.92820600752842,40.72195295797891],[-73.92822190355736,40.721962674484935],[-73.9282275208889,40.721967133709164],[-73.92823072231704,40.721972842235324],[-73.9282343553486,40.7219855299812],[-73.92823791043024,40.72201455112473],[-73.92824057668253,40.72202922839439],[-73.92824853812333,40.722047461475],[-73.92825286599756,40.72205899700071],[-73.92825421614464,40.72207251629477],[-73.9282540933866,40.72209199334406],[-73.92825548494764,40.722096729091554],[-73.92826015926948,40.722097598294575],[-73.92826960921971,40.72209648755023],[-73.92827259937945,40.722099450289214],[-73.92827408702391,40.722105091108624],[-73.92827433518102,40.722115361577096],[-73.92827265127293,40.7221293157279],[-73.92827417867328,40.72213540952851],[-73.9282770678237,40.722144247130075],[-73.92827385927374,40.722149543730715],[-73.92826728861124,40.722153252438964],[-73.92826351443533,40.72214962103317],[-73.92825448861102,40.722131668249624],[-73.92825043849632,40.722125986210706],[-73.9282489422215,40.72212506495727]]],[[[-73.96619556171072,40.661765318311204],[-73.9662673523486,40.66176084580946],[-73.96633316228261,40.66186299265022],[-73.96647117045922,40.66186810196572],[-73.96661251244296,40.66196258382874],[-73.96670129060989,40.662019448352744],[-73.9667495032173,40.66206387846638],[-73.96657876500775,40.66216329821976],[-73.96651277810211,40.66226393334032],[-73.96618514282616,40.66218663713107],[-73.96602275367367,40.66227165205207],[-73.96597366873253,40.66226189395665],[-73.96604884516368,40.66218151356936],[-73.96622610953962,40.66201192648457],[-73.96615211652701,40.661911933012846],[-73.96619169039134,40.66178336802408],[-73.96619556171072,40.661765318311204]],[[-73.96638177800817,40.662036020373385],[-73.96638855021055,40.662078709528394],[-73.96632999761711,40.66205313214905],[-73.96638176554205,40.66215461296791],[-73.96645656872361,40.66207215021051],[-73.96638177800817,40.662036020373385]]],[[[-73.92458653795255,40.71795051450536],[-73.92481660885521,40.71790661922056],[-73.92594871523008,40.71764616985406],[-73.92853989046651,40.716947633550156],[-73.92889373042999,40.71663366635868],[-73.92872157732307,40.7161870976263],[-73.92843981188659,40.715532528139136],[-73.9293145488723,40.71527956941654],[-73.92946180649932,40.71526083006149],[-73.92992657359312,40.7151318627084],[-73.93010651966291,40.715081627251394],[-73.93085172650932,40.714902967509325],[-73.93096276665709,40.714393390152765],[-73.93091299690556,40.71427349511998],[-73.93043705928586,40.71305921014299],[-73.9317018228478,40.712740636395296],[-73.93184647434197,40.7125469555962],[-73.9308556307467,40.71222093358998],[-73.93076903808468,40.71209977633273],[-73.93116501029974,40.711958224733394],[-73.93145206433769,40.71168989246299],[-73.93138332114927,40.711463824146655],[-73.93107993842378,40.71077921308173],[-73.93101128949056,40.71065972456531],[-73.93088222783433,40.710330416672235],[-73.9307731848354,40.71009201555816],[-73.93065992897331,40.70984297585728],[-73.93059156732842,40.70968903278755],[-73.93044962173376,40.70937414638866],[-73.93038056419408,40.70923025697167],[-73.93022587415943,40.70886815236114],[-73.9302259799655,40.708753503823665],[-73.93033713592666,40.7087404795118],[-73.93052687257573,40.70868989809116],[-73.93060750800453,40.70869851149181],[-73.93076221889929,40.708954423712754],[-73.93083187069986,40.70908494877449],[-73.93089219820892,40.70911570955284],[-73.93118260809771,40.70970563826574],[-73.93128952319364,40.70994155862617],[-73.93154768790056,40.71055318742713],[-73.93264749193762,40.713000981931316],[-73.93263958205632,40.71305222627476],[-73.932577805598,40.71308891924559],[-73.93145267679209,40.71343845714346],[-73.93143656385557,40.71345474589272],[-73.931243210008,40.71373087035548],[-73.93139828179156,40.71401781605986],[-73.9314826433738,40.714219880568],[-73.93142473243755,40.71438458641104],[-73.9316858070721,40.71456298060531],[-73.9318285140363,40.714729686682894],[-73.93208288403414,40.71465051104885],[-73.93219908726488,40.714756414757694],[-73.93226515039713,40.71501014909592],[-73.93190514863562,40.715148243438954],[-73.93159204412073,40.71523613044965],[-73.93155017259731,40.71519668661176],[-73.93128466483353,40.715259408392704],[-73.92958108001874,40.715686116060546],[-73.92947985041137,40.71572796745842],[-73.92935670365591,40.715892494474964],[-73.92933525625882,40.7161090756987],[-73.92969890453726,40.71699067021238],[-73.92969545003297,40.71707352136035],[-73.92951167754572,40.71725275643259],[-73.92927034257372,40.717382443098906],[-73.92914385006313,40.717456697041946],[-73.92914690261634,40.717562239630126],[-73.92896033471249,40.71779648516577],[-73.92878432917325,40.71785847741731],[-73.92868208995128,40.7176877863404],[-73.92840392431445,40.717580091859126],[-73.92791892199145,40.71769856383125],[-73.92770908453579,40.717747395708585],[-73.92699520248593,40.71792805856871],[-73.92610649614892,40.71811077605529],[-73.92499255913994,40.718385092250344],[-73.92458653795255,40.71795051450536]]],[[[-73.92387264312913,40.72025928232356],[-73.9238326452266,40.71993314606072],[-73.92389856846167,40.7198620565627],[-73.92395700800657,40.719807428811144],[-73.92396609513416,40.71971433287566],[-73.92397292434842,40.71963233873697],[-73.92394709652267,40.71926521611845],[-73.92395440775937,40.71913521069454],[-73.92389127023465,40.719008323111],[-73.92376619457855,40.71879513372187],[-73.92372024961885,40.71872335423844],[-73.92367654603419,40.71865499365814],[-73.92363733976477,40.71858065665559],[-73.92360040401978,40.71848325907833],[-73.92357724757645,40.71838862799777],[-73.92347957373124,40.718242870464834],[-73.92339198785726,40.71806086051193],[-73.92247587564229,40.71691567787541],[-73.92234780753958,40.716642131752394],[-73.92231048355694,40.71654934228489],[-73.9220352723747,40.71636206977731],[-73.92061708352946,40.7160270310233],[-73.92064217017234,40.71577359691338],[-73.92228302057254,40.716071961321695],[-73.92236728930745,40.71600710217304],[-73.92255259245242,40.71593889533836],[-73.92339951797608,40.71568268948624],[-73.92354423355849,40.71558252283575],[-73.92385156010315,40.715396740468485],[-73.92407440883399,40.71520572996152],[-73.92405985213159,40.71500612487674],[-73.92385570782955,40.714505138594326],[-73.92372976893375,40.71410438827903],[-73.92434318499882,40.7141211193038],[-73.92438989468813,40.714259365785004],[-73.92449763978891,40.71457106634107],[-73.92469338267209,40.71484593135751],[-73.92476256312,40.7150083701808],[-73.92483327814111,40.71528271011273],[-73.92452835695676,40.715605759706804],[-73.92361099017934,40.71610359896036],[-73.92333469600982,40.71622555964705],[-73.92306134052042,40.716357894613765],[-73.9231031840275,40.71645175486389],[-73.92332177641308,40.716882291535384],[-73.92366845850167,40.717325290277486],[-73.92422573236371,40.71772663676195],[-73.92458653795255,40.71795051450536],[-73.92457967908967,40.7191629542825],[-73.92453420411707,40.71966601967943],[-73.92461364472241,40.719760519922914],[-73.9247298098345,40.71999292932586],[-73.92514215830964,40.72112342194385],[-73.92512068965551,40.722245939431396],[-73.92505791294091,40.72216304538353],[-73.92500074136274,40.72208698892061],[-73.92495030700695,40.72201093682024],[-73.92488191110661,40.721933164712446],[-73.9247966270716,40.72189894279572],[-73.92465494349446,40.72184870527498],[-73.92450653228387,40.72172344799699],[-73.92424412732633,40.721427896697705],[-73.92422919358359,40.7213365391475],[-73.92418886771922,40.72125707682234],[-73.92416651893915,40.72116566755253],[-73.92418346791548,40.72107001394368],[-73.9242082523475,40.72099401101427],[-73.9242262950986,40.72092312844411],[-73.92420841747749,40.72084880569521],[-73.92415010943263,40.72078726786957],[-73.92408284088899,40.72070778774811],[-73.92405149465742,40.72063003955587],[-73.9240201467619,40.72055485330409],[-73.92399105274583,40.72047112719359],[-73.92395633945216,40.72039337674991],[-73.92387264312913,40.72025928232356]]],[[[-73.95493579749629,40.73981331092111],[-73.95484432615403,40.739817086940235],[-73.95478419653978,40.739796858664],[-73.95422856080607,40.73980062121812],[-73.95265220237431,40.739596594422025],[-73.95248911101899,40.73956067805473],[-73.95219194403398,40.73953542011395],[-73.9503931749059,40.73902741700094],[-73.94767185941501,40.7380806697833],[-73.94594074405185,40.73750502749746],[-73.9459216629568,40.7374939152785],[-73.94445102634359,40.737002079264144],[-73.94338568457519,40.73663086010867],[-73.94277776901163,40.736379488144976],[-73.94246192303989,40.736270710607286],[-73.94196682389976,40.7360424985929],[-73.94158991652692,40.73584716166164],[-73.94147419538403,40.73566727776848],[-73.94045008681623,40.73443250647175],[-73.9401048489683,40.73375327940721],[-73.94014870591582,40.733453989473574],[-73.94011134888876,40.73338362414547],[-73.94007657558728,40.73331919990169],[-73.94005230312489,40.73327801783011],[-73.93976709167222,40.73288136437853],[-73.93941229318985,40.7322359468761],[-73.93948758776337,40.73216594672223],[-73.93920182883967,40.73154397438334],[-73.93880586144867,40.731115835771554],[-73.93752213864136,40.730270392768816],[-73.93644593075958,40.72967189842973],[-73.93542622228426,40.72933907307657],[-73.93509448389227,40.72925090324916],[-73.93443941921814,40.72908394791413],[-73.93317818037086,40.72894145849699],[-73.93236986690826,40.72884617650457],[-73.93130362501692,40.72869580690212],[-73.93129290221894,40.72868261345157],[-73.93128553590499,40.728676858405876],[-73.93126815930499,40.728668337325026],[-73.9312314832853,40.72865518420579],[-73.93119684633176,40.72864481576638],[-73.93114984187433,40.72863325305148],[-73.9311030866781,40.728623339298366],[-73.93106225260489,40.72861674654628],[-73.93101654185043,40.72861104776516],[-73.93097131959382,40.72860686661633],[-73.93093037455368,40.72860457188015],[-73.93089854199143,40.72860440599841],[-73.93084445744417,40.72860797196254],[-73.93082055365822,40.728608766260855],[-73.9307840862968,40.728606815455635],[-73.93072672009825,40.72860047649484],[-73.93062956690616,40.72858810984951],[-73.93052317411694,40.728572972985084],[-73.93046968276143,40.72856392480163],[-73.93039760251908,40.728550053038575],[-73.93031917168952,40.72853385857697],[-73.93021346687418,40.72850960869176],[-73.93001626590292,40.728462038487024],[-73.92994737424316,40.728444204339276],[-73.9298896594001,40.728427421546456],[-73.92975553040003,40.72838614241472],[-73.92969499127554,40.72837050234809],[-73.92961608207204,40.72835369116673],[-73.92946087850642,40.72832353270049],[-73.92938687726698,40.728307699619634],[-73.92931815537253,40.728290825141514],[-73.9292772674503,40.72827844595251],[-73.9292290547997,40.72826150477123],[-73.929177578479,40.72824139357168],[-73.9291303685936,40.728221015722845],[-73.92909415143686,40.72820332183755],[-73.9290726214844,40.72819043670179],[-73.92904522256657,40.728169865703144],[-73.92898139052707,40.728116626979784],[-73.92893291656753,40.72808294234848],[-73.92884428120186,40.728025210906374],[-73.92876180635749,40.727970500812845],[-73.92872277142342,40.727943569445884],[-73.92865499137407,40.72789108092124],[-73.9285530061415,40.72783930415171],[-73.92844774462611,40.72770367705449],[-73.92799433861636,40.72717387163806],[-73.92721774157219,40.726460809543894],[-73.92666681232271,40.72595190997428],[-73.92619945507265,40.725404431272764],[-73.92528182667236,40.72472051939308],[-73.92499014894246,40.724552261355775],[-73.92448219286308,40.723943994429064],[-73.92453207378446,40.72353019794747],[-73.92457818436385,40.72345933373998],[-73.924628816673,40.723361993887984],[-73.92465585645257,40.723277450127284],[-73.92468964109541,40.72318607860441],[-73.92472115403808,40.72311691305444],[-73.92476390250133,40.72304092177006],[-73.92482012287739,40.72296493836604],[-73.9248718794207,40.722865036284546],[-73.92492588402295,40.72276257369429],[-73.92497314383182,40.72266779343342],[-73.92502489318821,40.72257387065944],[-73.92507776734631,40.72247738664277],[-73.92512051403354,40.72240224890211],[-73.9251463923609,40.722351870501555],[-73.92514109686766,40.722277058110144],[-73.92514344975905,40.72018226469379],[-73.92621077495417,40.72137808618337],[-73.9268429781046,40.72279245927677],[-73.92741196939683,40.724079670151426],[-73.92785847331044,40.72575482987464],[-73.92793917165496,40.72588385765524],[-73.92849750797045,40.726617920864115],[-73.92917544119219,40.72728084715066],[-73.9292595128759,40.72737519294269],[-73.92929604850947,40.72742814820896],[-73.92936307617136,40.72747131112623],[-73.9294245074543,40.72751214906173],[-73.92952651015395,40.727577796514254],[-73.92965050260646,40.72751579844321],[-73.93032888067243,40.727775203621604],[-73.93172722480273,40.72798674052817],[-73.93238741672201,40.72814749182161],[-73.93303687565178,40.72821619296143],[-73.93320433278863,40.72824209070662],[-73.9334999338722,40.72830444915173],[-73.93421891782184,40.728394681603014],[-73.93527471359671,40.72865139095989],[-73.93711894531731,40.7291896735471],[-73.93763964102533,40.72949061679497],[-73.93856086750851,40.73013343319156],[-73.93965707825886,40.73099157895126],[-73.94002485422801,40.731558926683505],[-73.94053700782995,40.732659337152015],[-73.94058887588744,40.73308820310844],[-73.94064326334504,40.73316935614842],[-73.94068526721759,40.73323178661928],[-73.9408144681347,40.73324088699553],[-73.94114764444346,40.734152704381],[-73.94173203715985,40.73479099626802],[-73.94178756342572,40.734916033783804],[-73.94212248860003,40.735233697430346],[-73.9431045950557,40.73573557258549],[-73.94343052897588,40.73587288231782],[-73.94426348036309,40.73620268706832],[-73.94500158837273,40.73643101451678],[-73.9465680400813,40.73694967094213],[-73.94709205034542,40.73713059075837],[-73.94754222832807,40.73727856462042],[-73.94925763793871,40.73784478003149],[-73.950454032281,40.73832257180901],[-73.95187087840081,40.738609135133984],[-73.95194983224793,40.73870520813379],[-73.95201717434428,40.738753923051945],[-73.95223795408647,40.738794697956436],[-73.95258893790445,40.738865248264574],[-73.9527123178847,40.73888987564268],[-73.95284130941376,40.73891655204005],[-73.95295807848018,40.73894307831918],[-73.95358125842331,40.73903301632957],[-73.95415616420426,40.73910670371434],[-73.95454694326733,40.739124795817],[-73.9549231503087,40.73910358994863],[-73.95532471748203,40.739068534782284],[-73.95563963981674,40.73904407806608],[-73.95695810737838,40.738873748505256],[-73.95776465173768,40.73846405505151],[-73.95815558571935,40.73823101582966],[-73.95848698866902,40.73801674382196],[-73.95877795903682,40.737809290341694],[-73.95902848061631,40.73763769616111],[-73.95936887374124,40.73740463390446],[-73.95966546881452,40.73717240988518],[-73.95981600100703,40.73707252686604],[-73.96003399233932,40.736834295062046],[-73.96022276112045,40.73663705196617],[-73.96047516714167,40.7363204879178],[-73.96071602710344,40.738027775328874],[-73.96018858681741,40.73833047091913],[-73.96005330914818,40.73849371851039],[-73.95990788237273,40.73848189563988],[-73.9580738136096,40.73925707837352],[-73.95697838504378,40.73963329719419],[-73.95595962191464,40.7397146331651],[-73.9552047152973,40.739772625550216],[-73.95512049941887,40.73979527474293],[-73.9549821498522,40.739824765493054],[-73.9549393037867,40.739815789588874],[-73.95493579749629,40.73981331092111]]],[[[-73.96605762394658,40.66142242228663],[-73.96581641746927,40.66146738028241],[-73.9657199625875,40.661451976161345],[-73.9656448492674,40.661378496827844],[-73.96560004362041,40.66126060944016],[-73.96547558697114,40.66117173980997],[-73.96541059426912,40.66105042972552],[-73.96541620844877,40.66103761976601],[-73.96550343714476,40.66079584828322],[-73.965515104618,40.66066865292813],[-73.9655117404933,40.66066608995013],[-73.96549716135931,40.66066352270812],[-73.96546801443638,40.660631910335624],[-73.96547028199151,40.660584931971286],[-73.96551967365666,40.66050892698532],[-73.96559707711114,40.66048930449324],[-73.96576641520146,40.660545729148595],[-73.96579781247075,40.660563675876546],[-73.96582361245395,40.660559413295694],[-73.96587746263671,40.66053722074471],[-73.96610409261964,40.66042197661133],[-73.96611532135391,40.66039720941187],[-73.9660783470008,40.660319470430885],[-73.9659943253514,40.66023471872388],[-73.96596156630119,40.66017665003219],[-73.9659527014512,40.660106299056366],[-73.9659644692254,40.660021639575056],[-73.96600384713369,40.65994196450963],[-73.96605194722778,40.659875988861515],[-73.96611417345457,40.65982391232588],[-73.96619355788543,40.65978781866597],[-73.96630629266183,40.65976049675128],[-73.96643635447745,40.659749785308975],[-73.9666163709462,40.65970626169744],[-73.96685374697657,40.65961949713218],[-73.96702535518148,40.65961677376429],[-73.96722838810311,40.65957839503853],[-73.96732825796627,40.659485319937744],[-73.96740012875388,40.65930682191566],[-73.96749212866685,40.65925218209101],[-73.96779722134652,40.65922578821789],[-73.9679520357925,40.6591617696028],[-73.96816077971957,40.65890472646721],[-73.96828875456349,40.65867072293913],[-73.96831134999304,40.658363425140216],[-73.96829500147075,40.65821325226698],[-73.96819471687601,40.657928057041815],[-73.96797151173729,40.65784843715193],[-73.9677380463756,40.65794341424723],[-73.96735035250086,40.658017279603925],[-73.96726776668649,40.657994750417465],[-73.96721138325806,40.65798917276719],[-73.96714379887032,40.65800881626528],[-73.96698896385705,40.65806088663888],[-73.96667816315801,40.65808117301435],[-73.96614626908392,40.658274198351506],[-73.96593629300337,40.65833002513033],[-73.96586161984739,40.658340959579284],[-73.96580528038156,40.65837384502412],[-73.96574471124985,40.65840419872971],[-73.9656739679377,40.65841630489876],[-73.96562463196344,40.65841053046028],[-73.96559211792736,40.658386450827244],[-73.96559057606403,40.65834272127371],[-73.96562983270006,40.658283925665785],[-73.9657205345401,40.65822880778882],[-73.9660067972513,40.658048862335974],[-73.96595913337353,40.65780936030705],[-73.96583805057523,40.657775470381246],[-73.96574468887171,40.6580263680126],[-73.96553389049411,40.65815950587828],[-73.9654811075425,40.658183952587684],[-73.96525781788903,40.65819625576029],[-73.9649663832292,40.658010481710775],[-73.96502897798297,40.65792138291728],[-73.96506314863258,40.65771439330831],[-73.9652077202737,40.65749279292688],[-73.96541722172492,40.65736324111723],[-73.96543715893364,40.65717659518276],[-73.96519528448013,40.6570074502075],[-73.96494985383076,40.65686421961185],[-73.96482286625968,40.656524359985205],[-73.96484955046432,40.656376340269446],[-73.96465767313296,40.65623333071034],[-73.9644000938824,40.656124623716174],[-73.96413782958342,40.65575835871875],[-73.96414029742748,40.655522783336046],[-73.96433468741525,40.655215350525175],[-73.96445922635479,40.65512826494946],[-73.96464880887629,40.65504974155271],[-73.96476881363978,40.65505234034472],[-73.96488316343601,40.6551437705925],[-73.9649381134362,40.65515403704152],[-73.9651198226057,40.655119072081106],[-73.96524879838584,40.655124235964],[-73.96544503862572,40.6551840858182],[-73.96597445842852,40.65508943271316],[-73.96621451634154,40.65499725360859],[-73.96631780284415,40.65479143199935],[-73.96639298866114,40.6547077464253],[-73.96639978875808,40.654566812981514],[-73.9663464202338,40.65447150285558],[-73.9664971927619,40.654367987401486],[-73.96663651185837,40.654411424719704],[-73.96669371137658,40.654408024735474],[-73.96672961208478,40.65438582747275],[-73.96674424813197,40.65427393704751],[-73.96675549815295,40.654203898976256],[-73.96685420457985,40.65417915693847],[-73.96711777735648,40.65415617034851],[-73.96713683864584,40.654163863511315],[-73.96713568911477,40.6542219456388],[-73.96715245475413,40.65433896992954],[-73.96719169905671,40.65435777222156],[-73.9673408703823,40.65434329473693],[-73.96755740212815,40.65418789884163],[-73.96770772775864,40.65410594185393],[-73.96782442020266,40.65399578817732],[-73.9680027595937,40.65396081771642],[-73.96818336458223,40.65388057680589],[-73.96823049013524,40.65383617362326],[-73.96837071111793,40.65377300496752],[-73.968393153731,40.65374653232938],[-73.96846606288774,40.653726052067896],[-73.9686142190881,40.65359119421455],[-73.96880485723558,40.653526271960004],[-73.96890356428902,40.6534964024182],[-73.96892264149997,40.6534724916381],[-73.96891815908816,40.65346480271129],[-73.96907114029723,40.653388625974],[-73.96918038869286,40.653293337351776],[-73.96924337891744,40.65323765181881],[-73.96930244610179,40.653222595641765],[-73.969351711002,40.65324158537985],[-73.96936396899736,40.65327465924075],[-73.96934955964372,40.65330722170716],[-73.96929683248328,40.65334257455783],[-73.96921234864215,40.653375352413775],[-73.96916136979756,40.65340115118229],[-73.96911275029743,40.65348457916142],[-73.96910308859819,40.65372793323698],[-73.96913335158244,40.65376723272868],[-73.96919951850295,40.65377493818187],[-73.96926906745773,40.6537433522341],[-73.96964042049366,40.65346243365483],[-73.96994219003182,40.65328228519662],[-73.97013518828726,40.653067087535845],[-73.97039409377935,40.653013928498254],[-73.97040197013528,40.65288754202604],[-73.97038430721422,40.65285672628067],[-73.97037129950121,40.65283886026974],[-73.9703629308618,40.65283031400564],[-73.97035257417312,40.65282282623681],[-73.97033708301308,40.65281398276499],[-73.9703251209461,40.65280850543471],[-73.97031136905065,40.65280502769013],[-73.97029503408285,40.65280324855287],[-73.97024928114368,40.652802283979845],[-73.97022513037878,40.65280110795834],[-73.97021259215701,40.65279905693549],[-73.97019547937181,40.65279421852544],[-73.97017489792779,40.652785750128736],[-73.97016619221012,40.65278014305133],[-73.97016312663095,40.65277675991314],[-73.97016011844008,40.65276931635734],[-73.97015705675422,40.652749301566196],[-73.9701541747063,40.65273740678596],[-73.97015128228517,40.65273284311422],[-73.9701453135759,40.65272769781027],[-73.97013600596885,40.65272224456273],[-73.97011971002463,40.65271522980316],[-73.97010033607586,40.652708834697535],[-73.97008183389822,40.65270428497537],[-73.970061356291,40.6527016537384],[-73.97002523691272,40.65269923274546],[-73.97000352141285,40.6526991127183],[-73.96998909002961,40.65270013554334],[-73.96998134234563,40.652701787771775],[-73.96997341760704,40.652705394976444],[-73.96996502828685,40.652711419948275],[-73.96995284536182,40.65272388082606],[-73.9699325815648,40.65275055065373],[-73.96991892444726,40.65276770734015],[-73.96990888760611,40.652777360061066],[-73.96990097161897,40.65278250714763],[-73.96989022910354,40.652786452203635],[-73.96987700635776,40.65278950419644],[-73.96986881340341,40.65279004956487],[-73.96986078812611,40.65278846615384],[-73.96984615878901,40.65278269180458],[-73.96983611947532,40.65277686372572],[-73.96983051164703,40.65277119890166],[-73.96982488998424,40.65276213912348],[-73.96981985975953,40.652749919585055],[-73.96981439413656,40.65272787618893],[-73.96981379828162,40.65271728234708],[-73.96981492230766,40.652707747964904],[-73.96981737684392,40.652702699408614],[-73.96982251877422,40.65269798384823],[-73.96983354398989,40.65269115361523],[-73.96986312271873,40.65267464047905],[-73.9699131993879,40.65264443493043],[-73.96995383864186,40.652623933570936],[-73.97000099548973,40.652602629735256],[-73.97002550570465,40.65259309334367],[-73.97004667790102,40.65258655660126],[-73.97007307984401,40.652579791583875],[-73.97016092920504,40.652561247542906],[-73.970270653756,40.652523871169535],[-73.97040280460988,40.65251239303903],[-73.97057030434271,40.652427053470824],[-73.9709943277676,40.65262653572026],[-73.97125811558996,40.65278942537461],[-73.97147737797081,40.65310022865595],[-73.97152386892535,40.653308988176676],[-73.97152320651732,40.653536767539286],[-73.97136055394267,40.653642026430695],[-73.97120254861002,40.65372320102189],[-73.97131912476817,40.65395656765859],[-73.97138858828869,40.65412229182236],[-73.9713440280615,40.654188778516954],[-73.9713400377684,40.65427335319156],[-73.97139304229289,40.65429626563698],[-73.97135930583745,40.654409281145256],[-73.97134154068242,40.65459521999506],[-73.97141935603155,40.65470365080919],[-73.97132769741692,40.65488589355355],[-73.97140946854314,40.65512336944991],[-73.97143859649323,40.65520025112466],[-73.97156642677325,40.655261781805834],[-73.97162248366863,40.6553104830033],[-73.97171617754819,40.65547558705916],[-73.9717370978896,40.65588109590024],[-73.9713873301315,40.65608816164186],[-73.9710411781429,40.656325951962785],[-73.97088071271071,40.65642288361459],[-73.9706899768472,40.65644029979401],[-73.97044658500427,40.65646671631405],[-73.9703411581995,40.65646412720698],[-73.97020769989591,40.656414939802175],[-73.97011682613797,40.65628426022858],[-73.97001527096936,40.65617902280382],[-73.96997566652489,40.65614970244718],[-73.96995323719608,40.65614628002891],[-73.96991285698726,40.656153956286],[-73.96990623366104,40.65616813589404],[-73.96958096897959,40.656296120950785],[-73.96941122627281,40.65620767759042],[-73.96934921582897,40.656235409611504],[-73.96922374139824,40.65618358647706],[-73.968939333849,40.65621416992662],[-73.96877781256484,40.656196361697816],[-73.96868653626647,40.656234597148085],[-73.96856804707063,40.65626549128259],[-73.96839198783628,40.656207360593996],[-73.96824059468531,40.65615647840611],[-73.96805319438582,40.656203876547714],[-73.96794030294512,40.65619473640814],[-73.96783904247823,40.6562336861147],[-73.96774144028763,40.656287470973524],[-73.96771452283542,40.65628575514053],[-73.96758300707317,40.65623198070218],[-73.96741373214624,40.65617687346295],[-73.96727312799499,40.656105084854715],[-73.96715625314853,40.65585345880633],[-73.9670508467362,40.65569448921163],[-73.9669319789445,40.655659434893195],[-73.96683102482855,40.65568673921739],[-73.96679623835392,40.655723457666916],[-73.96674115516511,40.65597883467291],[-73.96674445362339,40.656110375940685],[-73.96670181761719,40.6561428218388],[-73.96667943170472,40.656230369016946],[-73.96676196901042,40.656407182382516],[-73.96671059081912,40.656544278429344],[-73.96653105924028,40.65670139174398],[-73.96640764267914,40.656747636031],[-73.9661878366912,40.656741436404715],[-73.96614185848327,40.6567294649158],[-73.96610040990784,40.6566320789144],[-73.9660522069442,40.65658423194115],[-73.9660107069255,40.65658592796581],[-73.96580541172534,40.65667811606925],[-73.96578072092714,40.65671056605698],[-73.96581993954247,40.656781472711536],[-73.96583110520791,40.65687885072102],[-73.96590503900596,40.657057391125],[-73.96600370731254,40.65711635735731],[-73.96614948066977,40.657181316808824],[-73.96619653719542,40.65728041271492],[-73.96617742847,40.65736240635947],[-73.96627497044973,40.65743332998851],[-73.96637366321033,40.657447879716806],[-73.9665150278069,40.65735823398385],[-73.96655540613841,40.65735653745108],[-73.96665071904542,40.657400127626644],[-73.96673589736447,40.65752400487178],[-73.96691194719178,40.657605200318585],[-73.96704877914523,40.65760865615942],[-73.9673472019002,40.65744816020478],[-73.96757155045877,40.65738245352764],[-73.96787351464953,40.65727868255884],[-73.96835519203628,40.65731297358895],[-73.96874083941864,40.657502325351025],[-73.96875981172175,40.6578363087688],[-73.96856694086112,40.657913085613],[-73.96843086782832,40.65814850015886],[-73.96844073544801,40.658236259123015],[-73.96846383047561,40.65844869014724],[-73.96848698638554,40.658710277682474],[-73.96848253345448,40.658779709900315],[-73.96846516934829,40.65887078880021],[-73.96847895637026,40.658960030178044],[-73.96850839460474,40.65900475339576],[-73.96851544748294,40.659043761205055],[-73.96850127219157,40.65907796615046],[-73.96846543454377,40.65911776096767],[-73.96841036287923,40.65914162665724],[-73.96833841334715,40.659155761195706],[-73.9682441075297,40.659192353807256],[-73.9681661930453,40.65924690267786],[-73.9679451248143,40.659539305666385],[-73.96773641401148,40.659722036873575],[-73.96764442519039,40.65975532294438],[-73.96727359320352,40.659808784364614],[-73.96723616869252,40.65984376238164],[-73.96722364676984,40.659887858911524],[-73.96723875195617,40.65993147973429],[-73.96728158479968,40.66000118380226],[-73.96730082897643,40.660083100259534],[-73.96727043697162,40.660136825437846],[-73.96721811469561,40.66017965891613],[-73.96714995215545,40.66020661264193],[-73.96709195006257,40.66021125623594],[-73.96703697179747,40.660196442306095],[-73.96699572124528,40.660165053780155],[-73.96699566560322,40.66012694210334],[-73.96702162952354,40.660094352652365],[-73.96706227042532,40.66006234733168],[-73.96708346262106,40.660013484166015],[-73.96707698765641,40.65996226273243],[-73.9670476515642,40.65991772198737],[-73.9670004414266,40.659886183169384],[-73.96694023262963,40.659872579787276],[-73.96681862930627,40.65986864553655],[-73.96665110171514,40.65988703606599],[-73.96658444773026,40.65992185410607],[-73.96652639496682,40.65999489973751],[-73.96649031958225,40.66008090747513],[-73.96649352549005,40.66014657497576],[-73.96653462808037,40.66018483638108],[-73.9665809264479,40.66021410492207],[-73.96660582817206,40.66025581777603],[-73.96661726749801,40.66035801441285],[-73.96650830740676,40.6606165543467],[-73.96627375681683,40.660720347785286],[-73.9660512419147,40.66068333323741],[-73.96593795045683,40.66069525770402],[-73.96589115751112,40.660708073496664],[-73.96586390588766,40.660725131100506],[-73.96584480919446,40.66078320874458],[-73.96587054938936,40.660895964648574],[-73.9659355737463,40.66095662920403],[-73.9661710931313,40.66100880259078],[-73.96621478605242,40.66110960573511],[-73.9662785602521,40.66129104789136],[-73.96623946642406,40.661357576482715],[-73.96625617708722,40.66152060006959],[-73.96624714753156,40.661613536115055],[-73.96619963688015,40.66160167497082],[-73.96617346527114,40.66152884521863],[-73.96610754600258,40.66144285891753],[-73.96605762394658,40.66142242228663]],[[-73.96555826591043,40.657635251222885],[-73.96539618892014,40.65760560529179],[-73.96530546079052,40.65766236635204],[-73.96525850447985,40.657742963741285],[-73.96525283999969,40.65786189958608],[-73.9652220098577,40.6579224013941],[-73.96529249309089,40.65802296177871],[-73.96550495809103,40.657950654761216],[-73.96566309407739,40.657896684577885],[-73.96564131964935,40.657739092140936],[-73.96558922199276,40.65765984999977],[-73.96555826591043,40.657635251222885]],[[-73.96563043815739,40.65568807159944],[-73.96531928385046,40.655524232690055],[-73.96487769964612,40.65552973323133],[-73.96459371354914,40.655745766644834],[-73.96460620375623,40.65582120769859],[-73.96461475767036,40.65586097355886],[-73.96462428467161,40.65589417584927],[-73.96463508472904,40.655921508960446],[-73.96464746965033,40.65594364117159],[-73.9646559229958,40.65595458505083],[-73.96467326569487,40.655972609723435],[-73.9647056114854,40.656001185853],[-73.96476896445793,40.65605418629121],[-73.96479372661213,40.65607744702241],[-73.9648050642985,40.656090000096626],[-73.964824995232,40.656117372003614],[-73.96483819315212,40.65613394735214],[-73.96484801653993,40.65614352014847],[-73.9648554691731,40.65614854100686],[-73.96486168285267,40.65615085813439],[-73.96487312924222,40.65615238530533],[-73.9648943197971,40.65615226750352],[-73.96493621232264,40.656150232506384],[-73.96497086207266,40.65615108414686],[-73.96500144351529,40.65615330332489],[-73.96502248089746,40.656156657846275],[-73.96504860890286,40.65616410676038],[-73.96510302421417,40.65618324215819],[-73.96512837273679,40.656191215819035],[-73.9651497405049,40.656195940103586],[-73.9651782939509,40.656200689973204],[-73.9651964789825,40.656202408260384],[-73.96520686812678,40.656201975553294],[-73.96522928915135,40.65619821366985],[-73.96528365512108,40.6561850744396],[-73.96548274694361,40.65593882585782],[-73.96563043815739,40.65568807159944]],[[-73.96804630415933,40.65436997168612],[-73.9680758935432,40.654229892754856],[-73.96814734595442,40.654151335239376],[-73.96813951066241,40.6541205831099],[-73.96812157022954,40.654110328452596],[-73.96807894675369,40.65412312918923],[-73.96798018019773,40.654168338314754],[-73.96785189762463,40.65416345954927],[-73.96786685810025,40.65436821341235],[-73.96793076807278,40.65440581433191],[-73.96801263996302,40.65440669082045],[-73.96804630415933,40.65436997168612]],[[-73.96831591020789,40.6541098589515],[-73.96854055892757,40.65423431895629],[-73.96873565687291,40.65412602373127],[-73.96866266624066,40.6539491720136],[-73.9683186529941,40.65402353162924],[-73.96831591020789,40.6541098589515]],[[-73.96830381215239,40.654228703170375],[-73.96826145094875,40.65436118367504],[-73.96837307629573,40.65428848775885],[-73.96830381215239,40.654228703170375]],[[-73.96845080859104,40.65391650636925],[-73.96855348281964,40.653875175533955],[-73.96847050530103,40.65381830226697],[-73.96832375844089,40.65392924348438],[-73.9684304430325,40.65392380937863],[-73.96845080859104,40.65391650636925]],[[-73.97069494596191,40.65263301919737],[-73.97073783303371,40.652722204742574],[-73.97099992687343,40.6528863940028],[-73.97126776571771,40.653043061176554],[-73.97112176496049,40.65284905859476],[-73.97094003520097,40.65274370453001],[-73.97073510044052,40.65264430209704],[-73.97069494596191,40.65263301919737]],[[-73.96629931519085,40.65809531782085],[-73.96646145264229,40.65805725894374],[-73.96649136667239,40.65798932997621],[-73.9663663910712,40.65796619704668],[-73.96624590657032,40.65806460894729],[-73.96629931519085,40.65809531782085]]],[[[-73.97082555884302,40.663796118849646],[-73.97071866303293,40.66365991293637],[-73.97072751836883,40.6635677554659],[-73.9707654216465,40.663463608703225],[-73.97057677584677,40.66341013388192],[-73.97037974367186,40.66347630457459],[-73.97041606732463,40.6633539580869],[-73.97078475865943,40.6632322070709],[-73.97099753293335,40.66321555903889],[-73.97114133123765,40.66327648270587],[-73.97121986554558,40.66335017090894],[-73.9713184329857,40.66331325275119],[-73.9714552875335,40.66316191542263],[-73.97172964222663,40.66311173887301],[-73.97181735028823,40.6628855804372],[-73.97160846367579,40.66294825002635],[-73.97128641603892,40.662994927594106],[-73.97108828214857,40.66307001343812],[-73.9706978359645,40.662870246782234],[-73.97063280166492,40.662536055819665],[-73.97082204228137,40.66224335783798],[-73.97106569025023,40.66208637834235],[-73.97140957509197,40.66217246813754],[-73.97167222793138,40.662309059494305],[-73.97184095337967,40.662413995759586],[-73.97189618692471,40.66246691099643],[-73.9719099190512,40.662654246047744],[-73.9718585498829,40.66282847978401],[-73.9718098197706,40.663126192923656],[-73.97160792988765,40.663452194969025],[-73.97128400387606,40.66361789058388],[-73.97095584929501,40.663809037304915],[-73.97082555884302,40.663796118849646]],[[-73.97135824098171,40.662780646950516],[-73.97125104403153,40.66282034558332],[-73.97146789602324,40.662940742762984],[-73.97147124097259,40.66283963272948],[-73.97135824098171,40.662780646950516]]],[[[-73.9646850426441,40.66499470724703],[-73.96466036695104,40.66498957483246],[-73.9646413143487,40.66495796536746],[-73.96459421690922,40.66493232579704],[-73.9645796429525,40.664916092210404],[-73.96455387842424,40.66485031418442],[-73.96450903783307,40.664797342810836],[-73.96446531049183,40.66476145455295],[-73.96444741010113,40.66467176302504],[-73.96447098840525,40.664629916123644],[-73.9644889392912,40.66462479682943],[-73.964494545765,40.664627361428714],[-73.96451695567538,40.664674346465766],[-73.9645102205561,40.66468374037279],[-73.9644922614717,40.6647042341786],[-73.96448888927091,40.664718753959235],[-73.9644967363998,40.66472644408701],[-73.96450795400379,40.66472730123774],[-73.96453151611847,40.664713642273135],[-73.96457642516614,40.66463763634542],[-73.96458766107251,40.66460176504533],[-73.96461234477304,40.66459152296729],[-73.96469310277583,40.66460008917699],[-73.96480523988397,40.66466418535252],[-73.96480747920101,40.664671873743266],[-73.96476370440452,40.66472567158116],[-73.96474236556365,40.66477520603353],[-73.96471992411576,40.66478971997463],[-73.96467168339704,40.66480166402297],[-73.9646683125879,40.664813620940414],[-73.96468175069562,40.664855478351505],[-73.96471427441512,40.66486659259571],[-73.96477822108409,40.66485038309243],[-73.96482588782592,40.66482805137136],[-73.96488571554275,40.66483414993344],[-73.96482084123622,40.664858083839505],[-73.96479502870653,40.664882846437806],[-73.96475348540856,40.66495885347996],[-73.9647029915252,40.66499129619789],[-73.9646850426441,40.66499470724703]],[[-73.96465492699961,40.66467268066161],[-73.96468635276625,40.66463767014348],[-73.96466281260497,40.66460776758203],[-73.96462579820181,40.664604339647866],[-73.96461682154639,40.664610315413356],[-73.96461903773387,40.66466156536527],[-73.9646257578869,40.6646803594013],[-73.96463473092861,40.664681215849434],[-73.96465492699961,40.66467268066161]]],[[[-73.96266332523176,40.6689494981865],[-73.96271978080397,40.66868320430416],[-73.9626464498549,40.668507982494134],[-73.96273765806407,40.66833787044134],[-73.96308501532864,40.668156966164354],[-73.96320195617041,40.6680751269399],[-73.96357506189871,40.66825131540975],[-73.96386260121466,40.668339477426706],[-73.96391426181829,40.66834411418883],[-73.96366765564004,40.66842023190379],[-73.9634219289887,40.66830622169307],[-73.96304076365152,40.66850769110971],[-73.96300002687036,40.66872962810909],[-73.96311425568321,40.668759199902574],[-73.96314014844991,40.66875145476186],[-73.96327308175552,40.66878642287559],[-73.96316207996509,40.66879174095071],[-73.96309626061127,40.66881419042255],[-73.96302876411667,40.66891785952384],[-73.96298036940345,40.66902660463556],[-73.96288043514497,40.66911593420041],[-73.96268077764184,40.66919292222372],[-73.96262558579588,40.66914678620129],[-73.96266332523176,40.6689494981865]],[[-73.96300358002937,40.66883757226042],[-73.96292635028655,40.66888970796526],[-73.9629921196234,40.66892993176077],[-73.96300358002937,40.66883757226042]]],[[[-73.85023173235953,40.67060394991073],[-73.85041572520791,40.67058783050165],[-73.85075632900049,40.67058988207807],[-73.8508032197345,40.67058443623814],[-73.8509119861235,40.67058087161374],[-73.85139891467564,40.67052383340682],[-73.85159905881517,40.670522719365046],[-73.85156518070377,40.67056779964919],[-73.85112668759837,40.67059912755954],[-73.85080118170706,40.670631599056215],[-73.85072908307563,40.67064173269948],[-73.85044405895539,40.67065223176736],[-73.85028925508054,40.67062507705899],[-73.85023173235953,40.67060394991073]]],[[[-73.86296537857773,40.698021398026135],[-73.8629006515608,40.69796951800669],[-73.86314304216292,40.69784369768599],[-73.86321512843774,40.697937193638516],[-73.86313525646607,40.69797413500163],[-73.86305351424173,40.69802583439928],[-73.86296537857773,40.698021398026135]]],[[[-73.86381386980446,40.70243516630399],[-73.86345563650542,40.70237321074479],[-73.86342434708814,40.702141252823345],[-73.86347739871555,40.702103532939624],[-73.86365736099798,40.70214414956811],[-73.8637749052469,40.70213741152771],[-73.86419688588249,40.70241180208015],[-73.86381386980446,40.70243516630399]]],[[[-73.86633840333047,40.70130189172431],[-73.86652604851349,40.701376516163826],[-73.86666495422006,40.70159594125926],[-73.8666995155281,40.70183745023086],[-73.86657775313238,40.70193439795018],[-73.86617943521968,40.701965450789324],[-73.86596643733098,40.70167614640685],[-73.86615897858498,40.70133863397316],[-73.86633840333047,40.70130189172431]]],[[[-73.86323424803963,40.69792249656752],[-73.86311510482042,40.69783798222268],[-73.86289868434982,40.69797851899656],[-73.86296338161645,40.698022426736316],[-73.86295060688312,40.69802756066104],[-73.86293680075451,40.69803080137739],[-73.86292244265682,40.69803203419034],[-73.86290803079724,40.69803121736888],[-73.86289406678814,40.69802837942652],[-73.86288103789917,40.69802361909986],[-73.86286939458583,40.69801710081939],[-73.86285500163788,40.698011118668866],[-73.86284110595544,40.6980038277626],[-73.86282889126733,40.69799496295966],[-73.86281866238014,40.69798474524958],[-73.8628126026024,40.697974160596054],[-73.86281106569083,40.697963790252544],[-73.86281224424226,40.697953390727264],[-73.86281609363476,40.69794337170059],[-73.8628224616125,40.69793412561468],[-73.86283109777357,40.69792601687853],[-73.86286854677125,40.69791963003736],[-73.86291776248993,40.69789771073552],[-73.86294221271199,40.69786500799213],[-73.86297330286885,40.697821389920925],[-73.86302564594627,40.69779009905068],[-73.86308985727607,40.69777674789574],[-73.8631958700955,40.69779923550494],[-73.86330537579461,40.697807843048764],[-73.86340215545337,40.697805953408825],[-73.86342875576928,40.697812845988],[-73.8634543867823,40.697821610479004],[-73.86347882029783,40.69783217006813],[-73.86350184117084,40.69784443084758],[-73.86352324375058,40.697858284512705],[-73.86353847456843,40.69786997322626],[-73.8635429354177,40.697875627435884],[-73.86354500234141,40.69788203163642],[-73.86354449192991,40.69788861558541],[-73.86354144916548,40.69789479040044],[-73.86353614611959,40.6979000070907],[-73.86352575053546,40.69790586341034],[-73.86350730429291,40.697914173986575],[-73.86348765368253,40.697920694711726],[-73.86346709825615,40.69792532508301],[-73.86344595051835,40.697927995230636],[-73.86342453237864,40.6979286650132],[-73.86340317042009,40.6979273231115],[-73.86338218997452,40.697923991524036],[-73.8633619104003,40.697918720158405],[-73.86334300864881,40.69791258052919],[-73.86332473080414,40.69790914768058],[-73.86330599325763,40.69790775304549],[-73.86328718876372,40.697908425906675],[-73.86326870779904,40.69791115231972],[-73.86325093737752,40.697915876012274],[-73.86323424803963,40.69792249656752]]],[[[-73.85556462251701,40.69956074804507],[-73.8554155280877,40.69955439773532],[-73.85527413268856,40.69965385462637],[-73.85493888718435,40.699580468495135],[-73.85481306104201,40.69947938300445],[-73.85478118872207,40.6993833354606],[-73.85482017302031,40.69930184405349],[-73.854899835566,40.69921284771422],[-73.85489690689492,40.69906889605128],[-73.85490536699974,40.69903400461726],[-73.85506125266399,40.69906553439296],[-73.85522191584165,40.69913974889983],[-73.8555145996246,40.69926334024506],[-73.85583279627257,40.69926461725323],[-73.85604775507872,40.699329290122876],[-73.8560414460964,40.6993874310822],[-73.85601938483255,40.69940348575486],[-73.85598464825297,40.699343766174735],[-73.8559615226386,40.699376002630466],[-73.85585348101266,40.69945836520077],[-73.85562985067162,40.6996262593813],[-73.8554972424213,40.69967147163794],[-73.855482333247,40.699630309364125],[-73.8555731625283,40.69957404223423],[-73.85556462251701,40.69956074804507]]],[[[-73.91245017780322,40.7854159304025],[-73.91214949848523,40.785346353056795],[-73.91195034978813,40.78516152979052],[-73.91191985659438,40.784923757824295],[-73.91206829659622,40.78471318078296],[-73.91234563417012,40.78460077530499],[-73.91265839075784,40.78462442850861],[-73.91290115014884,40.784776168482864],[-73.91299208808739,40.78500484935208],[-73.91290055203108,40.785233392377144],[-73.91265739334919,40.78538476458277],[-73.91245017780322,40.7854159304025]]],[[[-73.94002267874686,40.74321386462236],[-73.93862615235467,40.74293758724231],[-73.93866872319016,40.74254953187465],[-73.9401747176763,40.7409777087898],[-73.94033101786444,40.740749731887306],[-73.94034717487278,40.740726187487134],[-73.94046721735815,40.74039447656751],[-73.94080679586783,40.739902662068445],[-73.94129339981154,40.73949975304221],[-73.94146526231823,40.73944432063162],[-73.94155625088874,40.739444580262216],[-73.94163866170008,40.73940325634067],[-73.94164277619794,40.73934874620269],[-73.94167651684673,40.73928897229631],[-73.94204614058577,40.73909612159215],[-73.94223126434684,40.739095798567355],[-73.94236507208991,40.73908517748542],[-73.94243963783016,40.73906798176487],[-73.94248188889519,40.73905192431199],[-73.94262007097572,40.73898366092778],[-73.94273129834457,40.73892136334678],[-73.94280432985202,40.73887613022394],[-73.94280209351305,40.738865024954286],[-73.94279535911593,40.73885989682074],[-73.94258051701232,40.738815539861974],[-73.94258535910281,40.738810144633575],[-73.94297968388635,40.738674637653624],[-73.94321109348891,40.73857994205308],[-73.94398880061,40.738290509851915],[-73.94424565362053,40.738197788547815],[-73.94449502297365,40.73810736926355],[-73.94456688529293,40.7381159451915],[-73.94463199684199,40.738139038515236],[-73.94465783247423,40.73812965503657],[-73.94470391332018,40.7380809912247],[-73.94475450349097,40.738010974918424],[-73.94486346938413,40.737963194872904],[-73.9450578155198,40.73787018516643],[-73.94548801012381,40.73773714237704],[-73.94568013466225,40.73761252814869],[-73.94581157349,40.73754511232533],[-73.94583851507784,40.73755537457814],[-73.94589689181078,40.73757504749469],[-73.94594520313358,40.737545175125604],[-73.94651604368393,40.73769386333198],[-73.94611303183999,40.73809098755407],[-73.94549549103166,40.73820180337631],[-73.94541347658962,40.738249596796024],[-73.9453382150017,40.73827860246959],[-73.94532023907904,40.73828969719524],[-73.94525618350977,40.73834689492454],[-73.94471140155679,40.73853027699174],[-73.94440140094119,40.738607855062355],[-73.94428346678302,40.73864713313881],[-73.94419306860648,40.73870514869551],[-73.94406848981396,40.73878282007431],[-73.94376669881382,40.7388842917879],[-73.9435600377039,40.73892689726465],[-73.94329956354304,40.7389938193096],[-73.94323089881054,40.73900256543146],[-73.94292662333582,40.73900260504825],[-73.94287877362913,40.73900907758663],[-73.94286259770743,40.739023072454934],[-73.94273471376869,40.739100611976056],[-73.94270132041801,40.73913083531066],[-73.9427560117441,40.73921980743936],[-73.94267482184273,40.73930314054452],[-73.94261523273455,40.739385962962956],[-73.94259835384005,40.739426953757956],[-73.9425702678437,40.73944060585776],[-73.94252310811763,40.73943460386162],[-73.94238834302722,40.73944393151926],[-73.9422195521154,40.73951741121743],[-73.94212660019335,40.73954886069503],[-73.94204308522718,40.73957076226348],[-73.94192258835284,40.73960051376208],[-73.94184340016562,40.73964041400971],[-73.94118377329004,40.74029149260689],[-73.94084531719837,40.740784163348216],[-73.94080708620739,40.74084051726608],[-73.94075343961201,40.74095213097874],[-73.94026949354836,40.74173453349768],[-73.93983766787774,40.74238944032357],[-73.94008322348007,40.742818351105136],[-73.94002267874686,40.74321386462236]]],[[[-73.88505741589849,40.77954043040386],[-73.88512120590929,40.77949992366074],[-73.8850771478217,40.77938558431095],[-73.88502866613557,40.77929409168886],[-73.88504211219322,40.779143504106],[-73.88500595106653,40.778927701233606],[-73.88497105919465,40.77857114739938],[-73.88486454372418,40.77806468369823],[-73.88475849327479,40.77765734139809],[-73.88466264672584,40.777263152030635],[-73.88456355996551,40.77700103341121],[-73.88453618362293,40.77683466233539],[-73.88449871782818,40.776644687952],[-73.88446302360882,40.7763950731964],[-73.88445554498368,40.77623555415291],[-73.88441594929044,40.776050708656804],[-73.88437811249328,40.77588110502476],[-73.88430313235277,40.77554126895417],[-73.88428248866613,40.77546308273138],[-73.88450660146393,40.77541036518214],[-73.88466532427077,40.77537253912658],[-73.88479908156964,40.775142767208415],[-73.88479888807827,40.77495812689249],[-73.88475684198548,40.77482015203419],[-73.88468159683612,40.774640447924504],[-73.88462301826934,40.77449374139065],[-73.88446667250808,40.774360212961305],[-73.88438037821123,40.774308722962466],[-73.88417423967162,40.77423271965356],[-73.8840563769734,40.774193999232295],[-73.88393422971728,40.77420298485373],[-73.88412042610769,40.77408912077872],[-73.884184428466,40.77411250546676],[-73.88439710312414,40.77414540010735],[-73.88451953810737,40.774156875525414],[-73.88486450967108,40.774114797117996],[-73.88536442684241,40.77404890683221],[-73.88572116149454,40.774016837654614],[-73.8860228026891,40.77397953139233],[-73.8862513847311,40.773963297865826],[-73.88653635445327,40.77393632418833],[-73.88709714378933,40.77387125624174],[-73.88756940851775,40.77381395971887],[-73.88773114407758,40.77373460475401],[-73.88779777774792,40.77371326198719],[-73.88934129336039,40.77354258918772],[-73.88992273206559,40.77367689880784],[-73.89022916599491,40.77368959107598],[-73.8900021845339,40.77420808264526],[-73.88977909516558,40.77484844437852],[-73.88956000506661,40.775532525288305],[-73.88973314208882,40.77629118497936],[-73.88970809892164,40.77642284519431],[-73.88988456998248,40.77664557782391],[-73.89013751151658,40.77735961473719],[-73.89019645822269,40.777702877834685],[-73.89041008862736,40.77757983836166],[-73.89052674010313,40.77742951751207],[-73.89073045747129,40.777323847732006],[-73.89093465709982,40.77717575354747],[-73.89112333796449,40.77694420282118],[-73.89128056751908,40.776740567422316],[-73.89135289943331,40.7766257332476],[-73.89140692902787,40.77649077624551],[-73.89131590336696,40.77634369139226],[-73.89134456369601,40.776003479501576],[-73.89148634697506,40.77554191339186],[-73.89167824844307,40.77523655318447],[-73.89178075860781,40.775154185913784],[-73.891642115192,40.77549109779529],[-73.89149300561148,40.775714794675515],[-73.89148194253589,40.77591496252373],[-73.89142136353566,40.776226790237224],[-73.89158827039452,40.77648542331216],[-73.89182615739048,40.776641291637475],[-73.89198424380561,40.776718983156826],[-73.89218422766434,40.77710567987142],[-73.8925194865116,40.77734690554128],[-73.89233170120538,40.77762324588832],[-73.89175948771131,40.77813183076961],[-73.8914249859272,40.778383109387754],[-73.89124179452489,40.77870929598332],[-73.89150814318077,40.77908693697658],[-73.89174481826778,40.7794728574956],[-73.89194142072292,40.77954068688454],[-73.89237076631066,40.779532781551104],[-73.89250164273157,40.77969667723939],[-73.88990248077035,40.7797479247744],[-73.88973229048095,40.77974776204791],[-73.88512088865303,40.779744926741714],[-73.88493249958888,40.77973952397112],[-73.88501562329778,40.779567869354196],[-73.88505741589849,40.77954043040386]]],[[[-73.89706014598092,40.78406044141727],[-73.89619694398719,40.78324652815759],[-73.89623882271903,40.78323456037696],[-73.89626446861502,40.783206694012705],[-73.896316784554,40.78317870305782],[-73.89635670540456,40.7831610963292],[-73.8964107716722,40.783115961344464],[-73.89645521920829,40.78310976170947],[-73.89648808965998,40.78308619087786],[-73.89654622877698,40.783057815131365],[-73.89658375810579,40.78304445834827],[-73.89660249737717,40.78301636508708],[-73.89666476656762,40.782991583288265],[-73.89670449975056,40.78297186729448],[-73.89675727972448,40.782929355957066],[-73.8968007325057,40.78291974869784],[-73.8968304799844,40.7828938273622],[-73.89688527282767,40.78286953132527],[-73.8969271740286,40.782856590771836],[-73.8969516340601,40.78282767230677],[-73.89696759484242,40.782808115062785],[-73.89701543952663,40.78280133202189],[-73.89705126432374,40.78278230490162],[-73.89706110772718,40.78275559759509],[-73.89708417931246,40.782739642391604],[-73.89711299145364,40.7827477321158],[-73.89713458997096,40.78278346981687],[-73.89717736735992,40.78280683099935],[-73.8972279525331,40.7828021394805],[-73.89726831701283,40.78277849496385],[-73.89910120834938,40.782090261164434],[-73.9003469461605,40.7821656428766],[-73.9004329802827,40.782053627222844],[-73.90068107689292,40.78200077200959],[-73.90087252442561,40.78193913177497],[-73.9012602733798,40.781836507529846],[-73.90161915138441,40.781572279306054],[-73.90199764539643,40.78123986349209],[-73.9020354762788,40.781003192305],[-73.90210823727062,40.78054190062985],[-73.9022037080905,40.78032171608489],[-73.90234046880306,40.78021147278401],[-73.90241807090736,40.78019227317252],[-73.90270672309454,40.78039994708579],[-73.90264697555443,40.78083823690012],[-73.90260622822083,40.78109901497731],[-73.9025324887101,40.78124579665294],[-73.90236053808628,40.78151522997353],[-73.90224198212056,40.78174635324082],[-73.90206278966511,40.78203660136816],[-73.901687941059,40.78227781490321],[-73.90136262375982,40.78257659369768],[-73.90058925575276,40.782751787331875],[-73.8988044943375,40.78278088071604],[-73.89855521560636,40.78293180093606],[-73.89802616804434,40.78334098324572],[-73.89780072446358,40.783673761298814],[-73.8976612156759,40.78363159755655],[-73.89762195386075,40.7836844671815],[-73.89752365037579,40.78394249161567],[-73.89734279358906,40.78387580246259],[-73.89729401980844,40.783899188267696],[-73.89743596381926,40.78400651944968],[-73.89710620036114,40.78411109796327],[-73.89706014598092,40.78406044141727]]],[[[-73.91143951218265,40.784697957192094],[-73.91113434964088,40.78462733816455],[-73.91093223477455,40.7844397552918],[-73.91090129062765,40.78419843380023],[-73.9110519470998,40.783984716104776],[-73.9113334225885,40.78387063590828],[-73.91165084266787,40.78389464573492],[-73.91189722050642,40.78404865177886],[-73.91198951072948,40.78428074650344],[-73.9118966064715,40.78451269971491],[-73.91164981870865,40.78466632819669],[-73.91143951218265,40.784697957192094]]]]}}]}